Student Type,Mathematics,English Language,Civic Education,Physics,Chemistry,Biology,Technical Drawing,Further Mathematics,Foods and Nutrition,Agricultural Science,Geography,Literature in English,Igbo/Yoruba/Hausa,CRS/IRS,Economics,Government,Music,French/Arabic,Fine Art/Visual Art,History,Financial Accounting,Commerce,jamb_score,interests,course
Science,4,6,4,6,5,2,-1,4,-1,-1,-1,-1,-1,-1,-1,-1,-1,-1,-1,-1,-1,-1,223,"programming, coding",Computer Science
Science,5,6,6,5,4,2,6,4,-1,-1,-1,-1,-1,-1,-1,-1,-1,-1,-1,-1,-1,-1,228,"engines, machines",Mechanical Engineering
Science,6,6,6,5,6,1,4,4,-1,-1,-1,-1,-1,-1,-1,-1,-1,-1,-1,-1,-1,-1,231,"cost analysis, construction costs",Quantity Surveying
Science,5,6,6,5,6,5,-1,4,6,-1,-1,-1,-1,-1,-1,-1,-1,-1,-1,-1,-1,-1,270,"dental care, teeth",Dentistry
Science,5,5,4,3,6,6,-1,6,4,-1,-1,-1,-1,-1,-1,-1,-1,-1,-1,-1,-1,-1,294,"disease prevention, community health",Public Health
Science,6,5,6,5,4,5,-1,4,4,-1,-1,-1,-1,-1,-1,-1,-1,-1,-1,-1,-1,-1,257,"technology, research",Applied Physics
Science,4,4,4,6,5,6,-1,4,-1,-1,5,-1,-1,-1,-1,-1,-1,-1,-1,-1,-1,-1,267,"seismology, earth structure",Geophysics
Science,4,5,4,5,4,6,-1,1,-1,5,-1,-1,-1,-1,-1,-1,-1,-1,-1,-1,-1,-1,284,"agribusiness, farm management",Agricultural Economics
Art,4,4,5,-1,-1,-1,-1,-1,-1,-1,-1,5,5,5,4,5,-1,6,-1,-1,-1,-1,212,"justice, advocacy",Law
Art,2,6,5,-1,-1,-1,-1,-1,-1,-1,-1,4,4,6,5,6,-1,-1,-1,5,-1,-1,203,"documentation, historical records",Archival Studies
Art,1,5,6,-1,-1,-1,-1,-1,-1,-1,-1,4,4,5,4,5,-1,-1,5,-1,-1,-1,162,"home aesthetics, room decoration",Interior Design
Art,3,5,6,-1,-1,-1,-1,-1,-1,-1,-1,6,5,5,4,5,5,-1,-1,-1,-1,-1,151,"furniture, room decoration",Interior Design
Commercial,5,4,6,-1,-1,-1,-1,-1,-1,-1,-1,4,5,-1,5,-1,-1,-1,-1,-1,4,6,316,"planning, projects",Project Management
Science,6,5,4,6,6,2,-1,5,-1,-1,-1,-1,-1,-1,-1,-1,-1,-1,-1,-1,-1,-1,254,"hacking, network protection",Cyber Security
Science,5,4,4,6,4,1,4,5,-1,-1,-1,-1,-1,-1,-1,-1,-1,-1,-1,-1,-1,-1,236,"marine systems, ships",Marine Engineering
Science,4,4,4,4,5,2,5,5,-1,-1,-1,-1,-1,-1,-1,-1,-1,-1,-1,-1,-1,-1,222,"design, buildings",Architecture
Science,5,6,4,4,5,4,-1,5,6,-1,-1,-1,-1,-1,-1,-1,-1,-1,-1,-1,-1,-1,306,"veterinary care, animals",Veterinary Medicine
Science,4,6,6,2,5,5,-1,5,5,-1,-1,-1,-1,-1,-1,-1,-1,-1,-1,-1,-1,-1,234,"food, health diet",Nutrition and Dietetics
Science,4,6,5,5,4,5,-1,5,5,-1,-1,-1,-1,-1,-1,-1,-1,-1,-1,-1,-1,-1,245,"technology, research",Applied Physics
Science,6,4,4,5,5,6,-1,6,-1,-1,4,-1,-1,-1,-1,-1,-1,-1,-1,-1,-1,-1,255,"oceans, marine life",Marine Science
Science,5,5,5,4,4,4,-1,3,-1,6,-1,-1,-1,-1,-1,-1,-1,-1,-1,-1,-1,-1,255,"crop management, farming",Agronomy
Art,4,4,4,-1,-1,-1,-1,-1,-1,-1,-1,4,4,4,6,4,-1,6,-1,-1,-1,-1,176,"global affairs, politics",International Relations
Art,2,5,4,-1,-1,-1,-1,-1,-1,-1,-1,5,5,4,5,5,-1,-1,-1,6,-1,-1,175,"tourism, culture",Museum and Heritage Studies
Art,3,5,5,-1,-1,-1,-1,-1,-1,-1,-1,4,5,6,5,5,-1,-1,6,-1,-1,-1,160,"room decoration, space planning",Interior Design
Art,3,5,4,-1,-1,-1,-1,-1,-1,-1,-1,6,4,5,4,6,4,-1,-1,-1,-1,-1,193,"home aesthetics, room decoration",Interior Design
Commercial,4,5,4,-1,-1,-1,-1,-1,-1,-1,-1,6,6,-1,6,-1,-1,-1,-1,-1,6,6,242,"financial records, auditing",Accounting
Science,4,6,5,4,4,3,-1,4,-1,-1,-1,-1,-1,-1,-1,-1,-1,-1,-1,-1,-1,-1,216,"software integration, hardware",Computer Engineering
Science,4,4,6,4,6,3,6,4,-1,-1,-1,-1,-1,-1,-1,-1,-1,-1,-1,-1,-1,-1,284,"medical devices, health technology",Biomedical Engineering
Science,4,6,6,6,5,2,4,4,-1,-1,-1,-1,-1,-1,-1,-1,-1,-1,-1,-1,-1,-1,230,"city development, transport systems",Urban and Regional Planning
Science,4,6,5,6,6,5,-1,6,5,-1,-1,-1,-1,-1,-1,-1,-1,-1,-1,-1,-1,-1,266,"x_ray, medical imaging",Radiography
Science,5,6,4,2,6,5,-1,5,6,-1,-1,-1,-1,-1,-1,-1,-1,-1,-1,-1,-1,-1,285,"food, health diet",Nutrition and Dietetics
Science,4,5,4,4,4,5,-1,5,5,-1,-1,-1,-1,-1,-1,-1,-1,-1,-1,-1,-1,-1,302,"chemical production, industry",Industrial Chemistry
Science,6,5,5,5,4,6,-1,6,-1,-1,6,-1,-1,-1,-1,-1,-1,-1,-1,-1,-1,-1,296,"rocks, earth science",Geology
Science,4,5,5,6,5,4,-1,3,-1,6,-1,-1,-1,-1,-1,-1,-1,-1,-1,-1,-1,-1,236,"animal breeding, livestock farming",Animal Science
Art,5,4,5,-1,-1,-1,-1,-1,-1,-1,-1,5,5,6,6,5,-1,6,-1,-1,-1,-1,186,"forensic studies, crime investigation",Criminology
Art,2,5,4,-1,-1,-1,-1,-1,-1,-1,-1,5,6,5,4,6,-1,-1,-1,6,-1,-1,191,"documentation, libraries",Archival Studies
Art,1,4,4,-1,-1,-1,-1,-1,-1,-1,-1,5,6,6,5,4,-1,-1,5,-1,-1,-1,162,"user experience, website layouts",Web Design
Art,1,6,5,-1,-1,-1,-1,-1,-1,-1,-1,5,5,6,5,5,6,-1,-1,-1,-1,-1,210,"creative coding, user experience",Web Design
Commercial,4,6,4,-1,-1,-1,-1,-1,-1,-1,-1,5,4,-1,5,-1,-1,-1,-1,-1,4,6,274,"claims processing, risk management",Insurance
Science,5,5,6,5,4,2,-1,4,-1,-1,-1,-1,-1,-1,-1,-1,-1,-1,-1,-1,-1,-1,229,"software systems, development",Software Engineering
Science,6,6,5,5,5,3,6,6,-1,-1,-1,-1,-1,-1,-1,-1,-1,-1,-1,-1,-1,-1,231,"buildings, structures",Civil Engineering
Science,5,6,5,4,5,2,4,4,-1,-1,-1,-1,-1,-1,-1,-1,-1,-1,-1,-1,-1,-1,284,"spatial data, geographic information system",Surveying and Geoinformatics
Science,4,4,4,6,6,5,-1,6,4,-1,-1,-1,-1,-1,-1,-1,-1,-1,-1,-1,-1,-1,256,"vision, eyes",Optometry
Science,6,4,5,3,4,5,-1,4,6,-1,-1,-1,-1,-1,-1,-1,-1,-1,-1,-1,-1,-1,236,"community health, disease prevention",Public Health
Science,6,5,5,6,4,4,-1,4,5,-1,-1,-1,-1,-1,-1,-1,-1,-1,-1,-1,-1,-1,238,"microorganisms, research",Microbiology
Science,6,6,6,6,5,5,-1,5,-1,-1,4,-1,-1,-1,-1,-1,-1,-1,-1,-1,-1,-1,267,"rocks, earth science",Geology
Science,6,4,4,4,4,5,-1,1,-1,6,-1,-1,-1,-1,-1,-1,-1,-1,-1,-1,-1,-1,221,"food production, agricultural technology",Agricultural Science
Art,6,6,6,-1,-1,-1,-1,-1,-1,-1,-1,5,5,4,5,6,-1,4,-1,-1,-1,-1,225,"leadership, public serving",Public Administration
Art,3,4,5,-1,-1,-1,-1,-1,-1,-1,-1,5,5,6,6,6,-1,-1,-1,4,-1,-1,188,"historical records, libraries",Archival Studies
Art,1,5,5,-1,-1,-1,-1,-1,-1,-1,-1,5,4,5,6,5,-1,-1,4,-1,-1,-1,213,"storytelling, 3d animation",Animation
Art,3,6,5,-1,-1,-1,-1,-1,-1,-1,-1,5,4,5,5,4,5,-1,-1,-1,-1,-1,185,"cartoons, storytelling",Animation
Commercial,4,4,4,-1,-1,-1,-1,-1,-1,-1,-1,6,6,-1,4,-1,-1,-1,-1,-1,4,6,312,"government finance, tax laws",Taxation
Science,6,4,5,4,4,2,-1,5,-1,-1,-1,-1,-1,-1,-1,-1,-1,-1,-1,-1,-1,-1,212,"security, network protection",Cyber Security
Science,4,6,4,5,6,2,4,6,-1,-1,-1,-1,-1,-1,-1,-1,-1,-1,-1,-1,-1,-1,267,"cars, vehicles",Automotive Engineering
Science,6,4,6,4,6,3,6,6,-1,-1,-1,-1,-1,-1,-1,-1,-1,-1,-1,-1,-1,-1,283,"facility management, property management",Estate Management
Science,5,5,6,6,4,6,-1,4,5,-1,-1,-1,-1,-1,-1,-1,-1,-1,-1,-1,-1,-1,287,"animals, veterinary care",Veterinary Medicine
Science,6,6,4,3,6,5,-1,5,5,-1,-1,-1,-1,-1,-1,-1,-1,-1,-1,-1,-1,-1,226,"community health, disease prevention",Public Health
Science,5,5,4,5,4,6,-1,6,6,-1,-1,-1,-1,-1,-1,-1,-1,-1,-1,-1,-1,-1,287,"industry, chemical production",Industrial Chemistry
Science,4,5,4,4,4,6,-1,6,-1,-1,6,-1,-1,-1,-1,-1,-1,-1,-1,-1,-1,-1,292,"climate, environment",Environmental Science
Science,4,6,5,4,6,5,-1,2,-1,4,-1,-1,-1,-1,-1,-1,-1,-1,-1,-1,-1,-1,307,"land management, environmental conservation",Soil Science
Art,6,5,5,-1,-1,-1,-1,-1,-1,-1,-1,4,5,5,5,6,-1,6,-1,-1,-1,-1,212,"public policy, politics",Political Science
Art,2,6,4,-1,-1,-1,-1,-1,-1,-1,-1,6,5,6,4,4,-1,-1,-1,4,-1,-1,189,"documentation, libraries",Archival Studies
Art,3,4,6,-1,-1,-1,-1,-1,-1,-1,-1,4,6,4,6,5,-1,-1,4,-1,-1,-1,182,"motion graphics, cartoons",Animation
Art,2,4,5,-1,-1,-1,-1,-1,-1,-1,-1,6,6,4,6,5,6,-1,-1,-1,-1,-1,149,"motion graphics, 3d animation",Animation
Commercial,5,6,6,-1,-1,-1,-1,-1,-1,-1,-1,5,6,-1,4,-1,-1,-1,-1,-1,5,4,306,"financial analysis, auditing",Accounting
Science,4,4,6,4,5,2,-1,4,-1,-1,-1,-1,-1,-1,-1,-1,-1,-1,-1,-1,-1,-1,273,"hacking, network protection",Cyber Security
Science,5,4,5,5,4,2,6,4,-1,-1,-1,-1,-1,-1,-1,-1,-1,-1,-1,-1,-1,-1,222,"electronics, circuits",Electronic Engineering
Science,4,4,4,6,5,3,5,4,-1,-1,-1,-1,-1,-1,-1,-1,-1,-1,-1,-1,-1,-1,283,"environmental planning, community planning",Urban and Regional Planning
Science,4,4,4,4,6,5,-1,5,6,-1,-1,-1,-1,-1,-1,-1,-1,-1,-1,-1,-1,-1,304,"medical imaging, x_ray",Radiography
Science,6,5,4,1,5,4,-1,4,6,-1,-1,-1,-1,-1,-1,-1,-1,-1,-1,-1,-1,-1,248,"food, health diet",Nutrition and Dietetics
Science,5,6,4,5,4,4,-1,5,6,-1,-1,-1,-1,-1,-1,-1,-1,-1,-1,-1,-1,-1,263,"technology, research",Applied Physics
Science,6,6,6,4,6,4,-1,5,-1,-1,5,-1,-1,-1,-1,-1,-1,-1,-1,-1,-1,-1,238,"rocks, earth science",Geology
Science,4,6,6,6,5,6,-1,3,-1,5,-1,-1,-1,-1,-1,-1,-1,-1,-1,-1,-1,-1,231,"landscaping, gardening",Horticulture
Art,4,4,6,-1,-1,-1,-1,-1,-1,-1,-1,5,5,6,6,4,-1,5,-1,-1,-1,-1,179,"politics, global affairs",International Relations
Art,1,5,5,-1,-1,-1,-1,-1,-1,-1,-1,4,5,6,6,6,-1,-1,-1,4,-1,-1,188,"research, analysis",Research and Policy Analysis
Art,3,5,5,-1,-1,-1,-1,-1,-1,-1,-1,4,4,5,6,4,-1,-1,5,-1,-1,-1,173,"fashion trends, clothing",Fashion Design
Art,1,5,4,-1,-1,-1,-1,-1,-1,-1,-1,4,6,4,6,5,6,-1,-1,-1,-1,-1,173,"clothing, textiles",Fashion Design
Commercial,5,4,5,-1,-1,-1,-1,-1,-1,-1,-1,6,5,-1,6,-1,-1,-1,-1,-1,6,6,245,"statistics, risk analysis",Actuarial Science
Science,5,6,4,4,6,2,-1,5,-1,-1,-1,-1,-1,-1,-1,-1,-1,-1,-1,-1,-1,-1,251,"programming, coding",Computer Science
Science,5,4,5,4,5,2,6,4,-1,-1,-1,-1,-1,-1,-1,-1,-1,-1,-1,-1,-1,-1,261,"production, chemicals",Chemical Engineering
Science,5,5,6,5,4,1,5,5,-1,-1,-1,-1,-1,-1,-1,-1,-1,-1,-1,-1,-1,-1,220,"transport systems, city development",Urban and Regional Planning
Science,6,5,6,4,5,5,-1,6,4,-1,-1,-1,-1,-1,-1,-1,-1,-1,-1,-1,-1,-1,274,"cancer, treatment",Oncology
Science,4,5,5,3,6,4,-1,4,4,-1,-1,-1,-1,-1,-1,-1,-1,-1,-1,-1,-1,-1,286,"community health, disease prevention",Public Health
Science,5,5,5,6,6,4,-1,5,5,-1,-1,-1,-1,-1,-1,-1,-1,-1,-1,-1,-1,-1,309,"lab work, biological molecules",Biochemistry
Science,4,6,5,4,4,5,-1,5,-1,-1,6,-1,-1,-1,-1,-1,-1,-1,-1,-1,-1,-1,243,"earth structure, seismology",Geophysics
Science,6,4,5,6,4,6,-1,1,-1,6,-1,-1,-1,-1,-1,-1,-1,-1,-1,-1,-1,-1,282,"farmer education, rural advisory services",Agricultural Extension
Art,5,5,6,-1,-1,-1,-1,-1,-1,-1,-1,4,4,5,6,5,-1,4,-1,-1,-1,-1,182,"population studies, birth rates",Demography
Art,3,4,6,-1,-1,-1,-1,-1,-1,-1,-1,4,4,6,5,5,-1,-1,-1,6,-1,-1,191,"history preservation, tourism",Museum and Heritage Studies
Art,1,6,5,-1,-1,-1,-1,-1,-1,-1,-1,4,6,6,4,6,-1,-1,6,-1,-1,-1,200,"digital painting, Creative software",Digital Art
Art,1,4,6,-1,-1,-1,-1,-1,-1,-1,-1,5,5,4,5,5,4,-1,-1,-1,-1,-1,202,"digital painting, art technology",Digital Art
Commercial,5,4,6,-1,-1,-1,-1,-1,-1,-1,-1,4,5,-1,6,-1,-1,-1,-1,-1,5,6,253,"government finance, financial compliance",Taxation
Science,5,4,4,5,6,3,-1,5,-1,-1,-1,-1,-1,-1,-1,-1,-1,-1,-1,-1,-1,-1,249,"business IT, systems",Information Systems
Science,5,4,4,6,5,1,6,6,-1,-1,-1,-1,-1,-1,-1,-1,-1,-1,-1,-1,-1,-1,281,"electricity, electronics",Electrical Engineering
Science,4,5,5,5,6,2,6,6,-1,-1,-1,-1,-1,-1,-1,-1,-1,-1,-1,-1,-1,-1,261,"community planning, environmental planning",Urban and Regional Planning
Science,6,5,4,5,5,5,-1,6,4,-1,-1,-1,-1,-1,-1,-1,-1,-1,-1,-1,-1,-1,312,"animals, veterinary care",Veterinary Medicine
Science,4,5,5,1,5,5,-1,6,4,-1,-1,-1,-1,-1,-1,-1,-1,-1,-1,-1,-1,-1,273,"community health, disease prevention",Public Health
Science,4,5,5,5,6,5,-1,4,4,-1,-1,-1,-1,-1,-1,-1,-1,-1,-1,-1,-1,-1,287,"life science, nature",Biology
Science,5,5,4,6,5,6,-1,4,-1,-1,5,-1,-1,-1,-1,-1,-1,-1,-1,-1,-1,-1,248,"weather, climate",Meteorology
Science,6,5,5,5,5,6,-1,1,-1,6,-1,-1,-1,-1,-1,-1,-1,-1,-1,-1,-1,-1,320,"farmer education, community outreach",Agricultural Extension
Art,4,4,4,-1,-1,-1,-1,-1,-1,-1,-1,5,5,5,4,6,-1,4,-1,-1,-1,-1,215,"foreign policy, global affairs",International Relations
Art,2,5,5,-1,-1,-1,-1,-1,-1,-1,-1,4,5,6,4,5,-1,-1,-1,4,-1,-1,236,"historical records, record keeping",Archival Studies
Art,1,6,6,-1,-1,-1,-1,-1,-1,-1,-1,4,5,4,5,5,-1,-1,5,-1,-1,-1,178,"crafts, painting",Painting and Sculpture
Art,2,5,6,-1,-1,-1,-1,-1,-1,-1,-1,6,6,5,4,6,5,-1,-1,-1,-1,-1,218,"crafts, sculpting",Painting and Sculpture
Commercial,4,5,5,-1,-1,-1,-1,-1,-1,-1,-1,4,4,-1,5,-1,-1,-1,-1,-1,4,5,291,"problem solving, innovation",Entrepreneurship
Science,6,4,5,4,5,1,-1,6,-1,-1,-1,-1,-1,-1,-1,-1,-1,-1,-1,-1,-1,-1,254,"coding, programming",Computer Science
Science,5,6,6,5,4,3,5,6,-1,-1,-1,-1,-1,-1,-1,-1,-1,-1,-1,-1,-1,-1,235,"materials, metals",Materials Engineering
Science,6,4,6,6,6,2,4,6,-1,-1,-1,-1,-1,-1,-1,-1,-1,-1,-1,-1,-1,-1,248,"geographic information system, mapping",Surveying and Geoinformatics
Science,5,6,4,6,6,4,-1,6,4,-1,-1,-1,-1,-1,-1,-1,-1,-1,-1,-1,-1,-1,297,"drugs, laboratory",Pharmacy
Science,6,6,5,1,6,4,-1,4,5,-1,-1,-1,-1,-1,-1,-1,-1,-1,-1,-1,-1,-1,224,"community health, disease prevention",Public Health
Science,5,4,5,4,4,5,-1,4,6,-1,-1,-1,-1,-1,-1,-1,-1,-1,-1,-1,-1,-1,295,"theory, logic",Mathematics
Science,4,6,4,4,4,6,-1,6,-1,-1,6,-1,-1,-1,-1,-1,-1,-1,-1,-1,-1,-1,287,"weather, climate",Meteorology
Science,4,5,4,4,6,6,-1,2,-1,5,-1,-1,-1,-1,-1,-1,-1,-1,-1,-1,-1,-1,317,"farm management, market analysis",Agricultural Economics
Art,5,5,5,-1,-1,-1,-1,-1,-1,-1,-1,5,4,5,4,5,-1,6,-1,-1,-1,-1,229,"global affairs, foreign policy",International Relations
Art,2,4,6,-1,-1,-1,-1,-1,-1,-1,-1,6,4,6,4,6,-1,-1,-1,5,-1,-1,226,"historical artifacts, ancient civilization",Archaeology
Art,1,5,6,-1,-1,-1,-1,-1,-1,-1,-1,5,5,6,4,6,-1,-1,6,-1,-1,-1,175,"digital products, user interface",UI/UX Design
Art,1,5,6,-1,-1,-1,-1,-1,-1,-1,-1,4,4,4,5,5,6,-1,-1,-1,-1,-1,196,"user experience, digital products",UI/UX Design
Commercial,6,6,5,-1,-1,-1,-1,-1,-1,-1,-1,5,6,-1,6,-1,-1,-1,-1,-1,4,5,290,"statistics, data modelling",Actuarial Science
Science,4,4,5,4,5,2,-1,4,-1,-1,-1,-1,-1,-1,-1,-1,-1,-1,-1,-1,-1,-1,236,"communication systems, networks",Network Engineering
Science,5,4,5,5,5,2,5,6,-1,-1,-1,-1,-1,-1,-1,-1,-1,-1,-1,-1,-1,-1,285,"optimization, production",Industrial Engineering
Science,5,4,6,4,4,1,5,5,-1,-1,-1,-1,-1,-1,-1,-1,-1,-1,-1,-1,-1,-1,273,"environmental planning, transport systems",Urban and Regional Planning
Science,5,5,5,5,5,6,-1,4,5,-1,-1,-1,-1,-1,-1,-1,-1,-1,-1,-1,-1,-1,275,"imaging, diagnosis",Radiology
Science,6,5,6,3,6,6,-1,5,4,-1,-1,-1,-1,-1,-1,-1,-1,-1,-1,-1,-1,-1,220,"community health, disease prevention",Public Health
Science,4,5,4,6,4,6,-1,5,4,-1,-1,-1,-1,-1,-1,-1,-1,-1,-1,-1,-1,-1,236,"experiments, motion",Physics
Science,5,4,5,4,6,5,-1,6,-1,-1,5,-1,-1,-1,-1,-1,-1,-1,-1,-1,-1,-1,320,"environment, climate",Environmental Science
Science,4,6,5,4,5,4,-1,3,-1,4,-1,-1,-1,-1,-1,-1,-1,-1,-1,-1,-1,-1,245,"food production, agricultural technology",Agricultural Science
Art,6,4,6,-1,-1,-1,-1,-1,-1,-1,-1,5,4,5,6,5,-1,6,-1,-1,-1,-1,212,"advocacy, human rights",Human Rights and Advocacy
Art,3,6,4,-1,-1,-1,-1,-1,-1,-1,-1,6,5,4,4,6,-1,-1,-1,6,-1,-1,185,"research, data gathering",Research and Policy Analysis
Art,2,5,6,-1,-1,-1,-1,-1,-1,-1,-1,5,5,6,5,4,-1,-1,4,-1,-1,-1,195,"home aesthetics, room decoration",Interior Design
Art,2,6,5,-1,-1,-1,-1,-1,-1,-1,-1,5,5,5,6,5,5,-1,-1,-1,-1,-1,205,"home aesthetics, furniture",Interior Design
Commercial,6,6,5,-1,-1,-1,-1,-1,-1,-1,-1,6,6,-1,5,-1,-1,-1,-1,-1,4,5,265,"banking, investment",Banking and Finance
Science,4,6,5,4,6,2,-1,5,-1,-1,-1,-1,-1,-1,-1,-1,-1,-1,-1,-1,-1,-1,258,"security, hacking",Cyber Security
Science,4,4,6,4,4,3,6,5,-1,-1,-1,-1,-1,-1,-1,-1,-1,-1,-1,-1,-1,-1,220,"circuits, electronics",Electrical Engineering
Science,5,5,4,5,5,1,5,4,-1,-1,-1,-1,-1,-1,-1,-1,-1,-1,-1,-1,-1,-1,237,"spatial data, geographic information system",Surveying and Geoinformatics
Science,4,4,5,5,4,5,-1,6,6,-1,-1,-1,-1,-1,-1,-1,-1,-1,-1,-1,-1,-1,295,"diagnosis, imaging",Radiology
Science,5,4,6,3,6,4,-1,5,6,-1,-1,-1,-1,-1,-1,-1,-1,-1,-1,-1,-1,-1,225,"community health, disease prevention",Public Health
Science,4,6,4,6,5,6,-1,5,4,-1,-1,-1,-1,-1,-1,-1,-1,-1,-1,-1,-1,-1,245,"laboratory, reactions",Chemistry
Science,5,4,5,5,4,6,-1,5,-1,-1,5,-1,-1,-1,-1,-1,-1,-1,-1,-1,-1,-1,301,"rocks, earth science",Geology
Science,5,5,6,5,5,6,-1,3,-1,4,-1,-1,-1,-1,-1,-1,-1,-1,-1,-1,-1,-1,235,"crop cultivation, agricultural technology",Agricultural Science
Art,6,6,6,-1,-1,-1,-1,-1,-1,-1,-1,4,4,4,4,5,-1,5,-1,-1,-1,-1,228,"policy making, leadership",Public Administration
Art,1,6,6,-1,-1,-1,-1,-1,-1,-1,-1,4,6,5,6,4,-1,-1,-1,4,-1,-1,232,"culture, tour guiding",Tourism and Hospitality
Art,1,4,5,-1,-1,-1,-1,-1,-1,-1,-1,4,4,6,4,6,-1,-1,5,-1,-1,-1,150,"creative coding, website layouts",Web Design
Art,3,5,4,-1,-1,-1,-1,-1,-1,-1,-1,5,6,4,5,6,5,-1,-1,-1,-1,-1,173,"website layouts, ui design",Web Design
Commercial,6,4,6,-1,-1,-1,-1,-1,-1,-1,-1,5,6,-1,4,-1,-1,-1,-1,-1,5,4,335,"business oppurtunities, problem solving",Entrepreneurship
Science,4,6,5,4,4,1,-1,4,-1,-1,-1,-1,-1,-1,-1,-1,-1,-1,-1,-1,-1,-1,270,"hacking, security",Cyber Security
Science,5,5,4,6,4,2,5,6,-1,-1,-1,-1,-1,-1,-1,-1,-1,-1,-1,-1,-1,-1,227,"oil, gas",Petroleum Engineering
Science,4,6,5,4,4,2,5,5,-1,-1,-1,-1,-1,-1,-1,-1,-1,-1,-1,-1,-1,-1,266,"construction costs, project budgeting",Quantity Surveying
Science,4,6,5,4,4,6,-1,4,4,-1,-1,-1,-1,-1,-1,-1,-1,-1,-1,-1,-1,-1,291,"treatment, cancer",Oncology
Science,5,6,6,1,6,5,-1,4,4,-1,-1,-1,-1,-1,-1,-1,-1,-1,-1,-1,-1,-1,236,"food, health diet",Nutrition and Dietetics
Science,6,5,6,4,6,6,-1,5,6,-1,-1,-1,-1,-1,-1,-1,-1,-1,-1,-1,-1,-1,262,"computation, modeling",Applied Mathematics
Science,4,4,6,6,5,5,-1,5,-1,-1,5,-1,-1,-1,-1,-1,-1,-1,-1,-1,-1,-1,288,"environment, climate",Environmental Science
Science,4,5,5,5,6,6,-1,1,-1,6,-1,-1,-1,-1,-1,-1,-1,-1,-1,-1,-1,-1,269,"gardening, flower cultivation",Horticulture
Art,5,5,6,-1,-1,-1,-1,-1,-1,-1,-1,5,5,6,5,4,-1,4,-1,-1,-1,-1,194,"justice, human rights",Law
Art,3,4,4,-1,-1,-1,-1,-1,-1,-1,-1,6,5,4,4,6,-1,-1,-1,6,-1,-1,215,"record keeping, historical records",Archival Studies
Art,3,4,5,-1,-1,-1,-1,-1,-1,-1,-1,5,6,4,5,5,-1,-1,5,-1,-1,-1,149,"drawing, character design",Illustration
Art,3,5,6,-1,-1,-1,-1,-1,-1,-1,-1,5,4,4,6,4,4,-1,-1,-1,-1,-1,216,"drawing, Sketching",Illustration
Commercial,4,4,5,-1,-1,-1,-1,-1,-1,-1,-1,4,6,-1,4,-1,-1,-1,-1,-1,6,6,337,"insurance mathematics, data modelling",Actuarial Science
Science,6,4,6,6,5,1,-1,4,-1,-1,-1,-1,-1,-1,-1,-1,-1,-1,-1,-1,-1,-1,256,"security, hacking",Cyber Security
Science,5,4,5,4,4,1,4,5,-1,-1,-1,-1,-1,-1,-1,-1,-1,-1,-1,-1,-1,-1,263,"health technology, medical devices",Biomedical Engineering
Science,4,6,6,6,4,1,5,4,-1,-1,-1,-1,-1,-1,-1,-1,-1,-1,-1,-1,-1,-1,224,"real estate, property management",Estate Management
Science,5,4,6,4,5,6,-1,4,4,-1,-1,-1,-1,-1,-1,-1,-1,-1,-1,-1,-1,-1,278,"medical imaging, x_ray",Radiography
Science,5,6,6,3,6,6,-1,4,5,-1,-1,-1,-1,-1,-1,-1,-1,-1,-1,-1,-1,-1,267,"food, health diet",Nutrition and Dietetics
Science,4,4,6,5,6,5,-1,5,6,-1,-1,-1,-1,-1,-1,-1,-1,-1,-1,-1,-1,-1,258,"lab work, biological molecules",Biochemistry
Science,6,6,6,6,4,6,-1,5,-1,-1,6,-1,-1,-1,-1,-1,-1,-1,-1,-1,-1,-1,290,"oceans, marine life",Marine Science
Science,4,6,6,4,5,4,-1,2,-1,4,-1,-1,-1,-1,-1,-1,-1,-1,-1,-1,-1,-1,237,"animal breeding, livestock farming",Animal Science
Art,5,6,5,-1,-1,-1,-1,-1,-1,-1,-1,4,4,5,6,6,-1,4,-1,-1,-1,-1,201,"law enforcement, criminal justice",Criminology
Art,2,5,4,-1,-1,-1,-1,-1,-1,-1,-1,6,4,6,6,4,-1,-1,-1,6,-1,-1,236,"excavation, historical artifacts",Archaeology
Art,2,5,6,-1,-1,-1,-1,-1,-1,-1,-1,5,5,4,6,5,-1,-1,6,-1,-1,-1,205,"digital art, character design",Illustration
Art,1,6,5,-1,-1,-1,-1,-1,-1,-1,-1,6,5,5,4,5,4,-1,-1,-1,-1,-1,169,"drawing, character design",Illustration
Commercial,4,6,5,-1,-1,-1,-1,-1,-1,-1,-1,5,4,-1,5,-1,-1,-1,-1,-1,5,6,306,"money management, investment",Banking and Finance
Science,4,5,6,6,4,2,-1,6,-1,-1,-1,-1,-1,-1,-1,-1,-1,-1,-1,-1,-1,-1,248,"computers, IT systems",Information Technology
Science,4,5,4,4,6,2,6,5,-1,-1,-1,-1,-1,-1,-1,-1,-1,-1,-1,-1,-1,-1,221,"automobiles, vehicles",Automotive Engineering
Science,4,5,6,6,4,2,6,5,-1,-1,-1,-1,-1,-1,-1,-1,-1,-1,-1,-1,-1,-1,247,"design, buildings",Architecture
Science,6,5,4,6,4,6,-1,5,5,-1,-1,-1,-1,-1,-1,-1,-1,-1,-1,-1,-1,-1,290,"cancer, treatment",Oncology
Science,5,6,4,3,4,5,-1,5,6,-1,-1,-1,-1,-1,-1,-1,-1,-1,-1,-1,-1,-1,291,"community health, disease prevention",Public Health
Science,5,4,5,5,5,4,-1,6,4,-1,-1,-1,-1,-1,-1,-1,-1,-1,-1,-1,-1,-1,288,"computation, modeling",Applied Mathematics
Science,6,5,4,5,5,6,-1,5,-1,-1,5,-1,-1,-1,-1,-1,-1,-1,-1,-1,-1,-1,266,"environment, climate",Environmental Science
Science,5,4,5,6,5,6,-1,1,-1,4,-1,-1,-1,-1,-1,-1,-1,-1,-1,-1,-1,-1,317,"farmer education, agricultural training",Agricultural Extension
Art,4,6,4,-1,-1,-1,-1,-1,-1,-1,-1,6,6,5,5,5,-1,4,-1,-1,-1,-1,182,"community development, cultural studies",Sociology
Art,3,4,5,-1,-1,-1,-1,-1,-1,-1,-1,5,5,5,6,6,-1,-1,-1,4,-1,-1,218,"documentation, historical records",Archival Studies
Art,3,6,6,-1,-1,-1,-1,-1,-1,-1,-1,6,4,6,5,6,-1,-1,4,-1,-1,-1,176,"creativity, design",Graphics Design
Art,3,5,4,-1,-1,-1,-1,-1,-1,-1,-1,5,5,5,5,6,5,-1,-1,-1,-1,-1,146,"design, creativity",Graphics Design
Commercial,6,6,4,-1,-1,-1,-1,-1,-1,-1,-1,4,4,-1,5,-1,-1,-1,-1,-1,6,6,283,"investment, financial markets",Banking and Finance
Science,6,6,6,6,5,1,-1,4,-1,-1,-1,-1,-1,-1,-1,-1,-1,-1,-1,-1,-1,-1,235,"statistics, data",Data Science
Science,4,5,6,5,5,1,5,6,-1,-1,-1,-1,-1,-1,-1,-1,-1,-1,-1,-1,-1,-1,230,"ocean, marine systems",Marine Engineering
Science,4,6,4,6,4,1,4,6,-1,-1,-1,-1,-1,-1,-1,-1,-1,-1,-1,-1,-1,-1,229,"design, drawing",Architecture
Science,5,5,5,5,6,4,-1,6,6,-1,-1,-1,-1,-1,-1,-1,-1,-1,-1,-1,-1,-1,262,"body functions, health science",Physiology
Science,4,6,5,3,6,6,-1,5,5,-1,-1,-1,-1,-1,-1,-1,-1,-1,-1,-1,-1,-1,222,"community health, disease prevention",Public Health
Science,5,5,6,4,6,6,-1,5,6,-1,-1,-1,-1,-1,-1,-1,-1,-1,-1,-1,-1,-1,239,"research, microorganisms",Microbiology
Science,5,5,4,4,6,4,-1,6,-1,-1,4,-1,-1,-1,-1,-1,-1,-1,-1,-1,-1,-1,318,"rocks, earth science",Geology
Science,6,6,6,4,4,5,-1,2,-1,4,-1,-1,-1,-1,-1,-1,-1,-1,-1,-1,-1,-1,264,"farm management, rural development",Agricultural Economics
Art,5,4,4,-1,-1,-1,-1,-1,-1,-1,-1,6,6,4,4,4,-1,4,-1,-1,-1,-1,192,"debate, human rights",Law
Art,2,4,6,-1,-1,-1,-1,-1,-1,-1,-1,4,4,5,6,6,-1,-1,-1,5,-1,-1,193,"documentation, historical records",Archival Studies
Art,1,5,6,-1,-1,-1,-1,-1,-1,-1,-1,6,5,4,4,6,-1,-1,6,-1,-1,-1,196,"storytelling, motion graphics",Animation
Art,1,4,5,-1,-1,-1,-1,-1,-1,-1,-1,5,6,4,5,4,4,-1,-1,-1,-1,-1,216,"cartoons, storytelling",Animation
Commercial,6,5,4,-1,-1,-1,-1,-1,-1,-1,-1,4,6,-1,6,-1,-1,-1,-1,-1,6,4,264,"data modelling, risk analysis",Actuarial Science
Science,6,5,6,6,6,2,-1,6,-1,-1,-1,-1,-1,-1,-1,-1,-1,-1,-1,-1,-1,-1,277,"communication systems, internet",Network Engineering
Science,6,4,5,5,6,1,5,5,-1,-1,-1,-1,-1,-1,-1,-1,-1,-1,-1,-1,-1,-1,277,"gas, drilling",Petroleum Engineering
Science,4,4,4,4,5,2,4,6,-1,-1,-1,-1,-1,-1,-1,-1,-1,-1,-1,-1,-1,-1,282,"geographic information system, land measurement",Surveying and Geoinformatics
Science,4,4,5,5,6,6,-1,5,5,-1,-1,-1,-1,-1,-1,-1,-1,-1,-1,-1,-1,-1,291,"human body, medical science",Anatomy
Science,6,6,5,1,5,6,-1,4,6,-1,-1,-1,-1,-1,-1,-1,-1,-1,-1,-1,-1,-1,286,"health diet, food",Nutrition and Dietetics
Science,6,6,5,6,4,6,-1,5,4,-1,-1,-1,-1,-1,-1,-1,-1,-1,-1,-1,-1,-1,250,"bioengineering, genetics",Biotechnology
Science,6,6,6,4,5,6,-1,6,-1,-1,5,-1,-1,-1,-1,-1,-1,-1,-1,-1,-1,-1,243,"climate, environment",Environmental Science
Science,5,6,4,6,6,4,-1,3,-1,6,-1,-1,-1,-1,-1,-1,-1,-1,-1,-1,-1,-1,240,"soil testing, land management",Soil Science
Art,6,4,6,-1,-1,-1,-1,-1,-1,-1,-1,5,6,5,4,5,-1,6,-1,-1,-1,-1,199,"law enforcement, crime investigation",Criminology
Art,1,6,6,-1,-1,-1,-1,-1,-1,-1,-1,6,4,4,6,4,-1,-1,-1,4,-1,-1,174,"history preservation, tourism",Museum and Heritage Studies
Art,1,5,4,-1,-1,-1,-1,-1,-1,-1,-1,6,5,6,4,4,-1,-1,5,-1,-1,-1,183,"posters, design",Graphics Design
Art,3,6,6,-1,-1,-1,-1,-1,-1,-1,-1,5,6,6,5,5,6,-1,-1,-1,-1,-1,169,"posters, design",Graphics Design
Commercial,6,6,5,-1,-1,-1,-1,-1,-1,-1,-1,4,5,-1,4,-1,-1,-1,-1,-1,6,4,277,"auditing, bookkeeping",Accounting
Science,6,6,5,4,6,2,-1,6,-1,-1,-1,-1,-1,-1,-1,-1,-1,-1,-1,-1,-1,-1,278,"software integration, hardware",Computer Engineering
Science,6,6,5,4,4,3,4,4,-1,-1,-1,-1,-1,-1,-1,-1,-1,-1,-1,-1,-1,-1,279,"structures, materials",Materials Engineering
Science,5,4,6,6,4,3,4,4,-1,-1,-1,-1,-1,-1,-1,-1,-1,-1,-1,-1,-1,-1,275,"spatial data, mapping",Surveying and Geoinformatics
Science,4,4,4,6,4,4,-1,5,4,-1,-1,-1,-1,-1,-1,-1,-1,-1,-1,-1,-1,-1,297,"testing, laboratory",Medical Laboratory Science
Science,5,4,5,2,6,5,-1,6,5,-1,-1,-1,-1,-1,-1,-1,-1,-1,-1,-1,-1,-1,261,"disease prevention, community health",Public Health
Science,4,5,5,6,4,4,-1,6,5,-1,-1,-1,-1,-1,-1,-1,-1,-1,-1,-1,-1,-1,318,"industry, chemical production",Industrial Chemistry
Science,6,6,5,5,5,4,-1,4,-1,-1,5,-1,-1,-1,-1,-1,-1,-1,-1,-1,-1,-1,281,"climate, weather",Meteorology
Science,4,5,4,4,6,5,-1,1,-1,4,-1,-1,-1,-1,-1,-1,-1,-1,-1,-1,-1,-1,259,"tree planting, forest conservation",Forestry
Art,4,4,4,-1,-1,-1,-1,-1,-1,-1,-1,5,4,5,4,5,-1,6,-1,-1,-1,-1,219,"administration, policy making",Public Administration
Art,3,6,5,-1,-1,-1,-1,-1,-1,-1,-1,4,4,6,6,4,-1,-1,-1,6,-1,-1,231,"record keeping, historical records",Archival Studies
Art,1,4,4,-1,-1,-1,-1,-1,-1,-1,-1,4,6,5,5,5,-1,-1,6,-1,-1,-1,194,"portraits, editing photos",Photography
Art,1,5,6,-1,-1,-1,-1,-1,-1,-1,-1,5,6,5,5,5,6,-1,-1,-1,-1,-1,175,"taking pictures, creative visuals",Photography
Commercial,6,5,6,-1,-1,-1,-1,-1,-1,-1,-1,4,4,-1,4,-1,-1,-1,-1,-1,6,4,232,"logistics, distribution",Supply Chain Management
Science,5,5,6,5,5,2,-1,5,-1,-1,-1,-1,-1,-1,-1,-1,-1,-1,-1,-1,-1,-1,223,"automation, AI",Artificial Intelligence
Science,5,6,5,4,4,1,5,5,-1,-1,-1,-1,-1,-1,-1,-1,-1,-1,-1,-1,-1,-1,279,"space, aircraft",Aerospace Engineering
Science,5,6,4,6,6,3,5,4,-1,-1,-1,-1,-1,-1,-1,-1,-1,-1,-1,-1,-1,-1,283,"construction costs, project budgeting",Quantity Surveying
Science,4,5,6,4,4,5,-1,6,6,-1,-1,-1,-1,-1,-1,-1,-1,-1,-1,-1,-1,-1,312,"treatment, cancer",Oncology
Science,6,5,5,1,5,6,-1,5,5,-1,-1,-1,-1,-1,-1,-1,-1,-1,-1,-1,-1,-1,225,"community health, disease prevention",Public Health
Science,4,5,4,6,6,6,-1,4,5,-1,-1,-1,-1,-1,-1,-1,-1,-1,-1,-1,-1,-1,256,"research, technology",Applied Physics
Science,5,5,6,5,6,4,-1,6,-1,-1,5,-1,-1,-1,-1,-1,-1,-1,-1,-1,-1,-1,317,"marine life, oceans",Marine Science
Science,5,5,6,6,4,4,-1,2,-1,4,-1,-1,-1,-1,-1,-1,-1,-1,-1,-1,-1,-1,303,"agribusiness, rural development",Agricultural Economics
Art,6,4,4,-1,-1,-1,-1,-1,-1,-1,-1,6,4,6,4,4,-1,4,-1,-1,-1,-1,197,"foreign policy, politics",International Relations
Art,3,6,5,-1,-1,-1,-1,-1,-1,-1,-1,5,4,4,5,4,-1,-1,-1,5,-1,-1,202,"culture, travel",Tourism and Hospitality
Art,3,5,5,-1,-1,-1,-1,-1,-1,-1,-1,6,6,6,4,6,-1,-1,6,-1,-1,-1,213,"user interface, user experience",UI/UX Design
Art,2,5,4,-1,-1,-1,-1,-1,-1,-1,-1,4,6,5,5,5,5,-1,-1,-1,-1,-1,215,"digital products, user experience",UI/UX Design
Commercial,6,5,6,-1,-1,-1,-1,-1,-1,-1,-1,5,5,-1,4,-1,-1,-1,-1,-1,5,5,282,"workplace development, staff management",Human Resource Management
Science,6,6,5,6,5,3,-1,4,-1,-1,-1,-1,-1,-1,-1,-1,-1,-1,-1,-1,-1,-1,236,"software, programming",Computer Science
Science,5,4,4,6,5,2,4,5,-1,-1,-1,-1,-1,-1,-1,-1,-1,-1,-1,-1,-1,-1,232,"hardware, electronics",Electronic Engineering
Science,6,4,4,5,6,2,5,4,-1,-1,-1,-1,-1,-1,-1,-1,-1,-1,-1,-1,-1,-1,268,"environmental planning, community planning",Urban and Regional Planning
Science,4,5,5,6,6,5,-1,6,4,-1,-1,-1,-1,-1,-1,-1,-1,-1,-1,-1,-1,-1,298,"healthcare, medicine",Medicine and Surgery
Science,6,6,4,2,4,4,-1,4,5,-1,-1,-1,-1,-1,-1,-1,-1,-1,-1,-1,-1,-1,299,"disease prevention, community health",Public Health
Science,4,5,6,4,5,5,-1,5,4,-1,-1,-1,-1,-1,-1,-1,-1,-1,-1,-1,-1,-1,241,"experiments, energy",Physics
Science,6,5,5,6,6,5,-1,5,-1,-1,6,-1,-1,-1,-1,-1,-1,-1,-1,-1,-1,-1,277,"oceans, marine life",Marine Science
Science,5,4,4,6,6,5,-1,3,-1,5,-1,-1,-1,-1,-1,-1,-1,-1,-1,-1,-1,-1,270,"rural development, market analysis",Agricultural Economics
Art,5,4,6,-1,-1,-1,-1,-1,-1,-1,-1,4,4,5,4,4,-1,5,-1,-1,-1,-1,204,"human rights, advocacy",Law
Art,1,5,6,-1,-1,-1,-1,-1,-1,-1,-1,6,4,6,4,6,-1,-1,-1,5,-1,-1,179,"history preservation, culture",Museum and Heritage Studies
Art,2,5,6,-1,-1,-1,-1,-1,-1,-1,-1,6,4,4,6,4,-1,-1,4,-1,-1,-1,159,"user interface, mobile apps",UI/UX Design
Art,3,5,4,-1,-1,-1,-1,-1,-1,-1,-1,4,4,5,5,4,4,-1,-1,-1,-1,-1,170,"user interface, user experience",UI/UX Design
Commercial,6,6,6,-1,-1,-1,-1,-1,-1,-1,-1,4,4,-1,5,-1,-1,-1,-1,-1,6,4,248,"risk management, financial protection",Insurance
Science,5,5,5,5,6,1,-1,6,-1,-1,-1,-1,-1,-1,-1,-1,-1,-1,-1,-1,-1,-1,269,"security, network protection",Cyber Security
Science,6,6,5,6,6,2,4,6,-1,-1,-1,-1,-1,-1,-1,-1,-1,-1,-1,-1,-1,-1,263,"engines, robotics",Mechanical Engineering
Science,4,6,4,5,6,2,5,4,-1,-1,-1,-1,-1,-1,-1,-1,-1,-1,-1,-1,-1,-1,279,"transport systems, city development",Urban and Regional Planning
Science,4,4,6,6,5,5,-1,4,6,-1,-1,-1,-1,-1,-1,-1,-1,-1,-1,-1,-1,-1,289,"medical science, human body",Anatomy
Science,4,6,6,2,4,5,-1,4,6,-1,-1,-1,-1,-1,-1,-1,-1,-1,-1,-1,-1,-1,251,"health diet, food",Nutrition and Dietetics
Science,6,4,5,5,5,6,-1,4,4,-1,-1,-1,-1,-1,-1,-1,-1,-1,-1,-1,-1,-1,289,"reactions, laboratory",Chemistry
Science,5,6,6,6,6,6,-1,6,-1,-1,6,-1,-1,-1,-1,-1,-1,-1,-1,-1,-1,-1,266,"weather, climate",Meteorology
Science,5,4,4,5,6,5,-1,2,-1,5,-1,-1,-1,-1,-1,-1,-1,-1,-1,-1,-1,-1,228,"food production, agricultural technology",Agricultural Science
Art,6,5,4,-1,-1,-1,-1,-1,-1,-1,-1,6,5,4,4,5,-1,5,-1,-1,-1,-1,193,"society, cultural studies",Sociology
Art,3,5,4,-1,-1,-1,-1,-1,-1,-1,-1,5,6,4,4,4,-1,-1,-1,6,-1,-1,204,"history preservation, tourism",Museum and Heritage Studies
Art,3,6,6,-1,-1,-1,-1,-1,-1,-1,-1,6,6,4,6,4,-1,-1,4,-1,-1,-1,219,"website layouts, creative coding",Web Design
Art,3,5,5,-1,-1,-1,-1,-1,-1,-1,-1,6,5,4,4,5,6,-1,-1,-1,-1,-1,181,"user experience, ui design",Web Design
Commercial,4,5,6,-1,-1,-1,-1,-1,-1,-1,-1,5,6,-1,5,-1,-1,-1,-1,-1,5,6,338,"auditing, bookkeeping",Accounting
Science,5,6,5,6,4,2,-1,5,-1,-1,-1,-1,-1,-1,-1,-1,-1,-1,-1,-1,-1,-1,230,"communication systems, internet",Network Engineering
Science,6,4,5,6,4,3,5,4,-1,-1,-1,-1,-1,-1,-1,-1,-1,-1,-1,-1,-1,-1,284,"buildings, structures",Civil Engineering
Science,5,6,5,6,6,2,6,5,-1,-1,-1,-1,-1,-1,-1,-1,-1,-1,-1,-1,-1,-1,288,"mapping, geographic information system",Surveying and Geoinformatics
Science,6,6,5,6,5,4,-1,4,6,-1,-1,-1,-1,-1,-1,-1,-1,-1,-1,-1,-1,-1,298,"teeth, dental care",Dentistry
Science,4,6,5,1,6,4,-1,4,6,-1,-1,-1,-1,-1,-1,-1,-1,-1,-1,-1,-1,-1,256,"community health, disease prevention",Public Health
Science,4,5,4,4,5,4,-1,4,6,-1,-1,-1,-1,-1,-1,-1,-1,-1,-1,-1,-1,-1,274,"biological molecules, lab work",Biochemistry
Science,5,5,6,5,5,5,-1,6,-1,-1,6,-1,-1,-1,-1,-1,-1,-1,-1,-1,-1,-1,284,"seismology, earth structure",Geophysics
Science,6,5,4,5,5,4,-1,2,-1,4,-1,-1,-1,-1,-1,-1,-1,-1,-1,-1,-1,-1,303,"vertinary care, livestock farming",Animal Science
Art,4,4,4,-1,-1,-1,-1,-1,-1,-1,-1,4,4,6,4,5,-1,4,-1,-1,-1,-1,185,"community service, social justice",Human Rights and Advocacy
Art,2,4,6,-1,-1,-1,-1,-1,-1,-1,-1,4,5,6,6,4,-1,-1,-1,4,-1,-1,189,"tourism, heritage",Museum and Heritage Studies
Art,2,4,4,-1,-1,-1,-1,-1,-1,-1,-1,5,4,6,6,4,-1,-1,5,-1,-1,-1,140,"3d animation, storytelling",Animation
Art,2,5,4,-1,-1,-1,-1,-1,-1,-1,-1,5,6,4,6,6,4,-1,-1,-1,-1,-1,179,"storytelling, motion graphics",Animation
Commercial,4,5,4,-1,-1,-1,-1,-1,-1,-1,-1,6,6,-1,5,-1,-1,-1,-1,-1,4,4,296,"recruitment, workplace development",Human Resource Management
Science,5,6,4,4,5,3,-1,6,-1,-1,-1,-1,-1,-1,-1,-1,-1,-1,-1,-1,-1,-1,218,"hardware, software integration",Computer Engineering
Science,6,5,5,6,4,2,4,4,-1,-1,-1,-1,-1,-1,-1,-1,-1,-1,-1,-1,-1,-1,221,"flight, aircraft",Aerospace Engineering
Science,4,5,5,4,5,2,6,6,-1,-1,-1,-1,-1,-1,-1,-1,-1,-1,-1,-1,-1,-1,278,"design, drawing",Architecture
Science,6,6,5,5,5,6,-1,6,6,-1,-1,-1,-1,-1,-1,-1,-1,-1,-1,-1,-1,-1,293,"treatment, healthcare",Medicine and Surgery
Science,5,5,5,1,6,4,-1,4,4,-1,-1,-1,-1,-1,-1,-1,-1,-1,-1,-1,-1,-1,284,"health diet, food",Nutrition and Dietetics
Science,6,5,5,6,5,4,-1,5,6,-1,-1,-1,-1,-1,-1,-1,-1,-1,-1,-1,-1,-1,226,"life science, nature",Biology
Science,4,4,6,5,6,4,-1,6,-1,-1,6,-1,-1,-1,-1,-1,-1,-1,-1,-1,-1,-1,299,"weather, climate",Meteorology
Science,5,4,4,5,4,6,-1,1,-1,6,-1,-1,-1,-1,-1,-1,-1,-1,-1,-1,-1,-1,274,"soil testing, land management",Soil Science
Art,6,5,6,-1,-1,-1,-1,-1,-1,-1,-1,4,4,4,4,5,-1,4,-1,-1,-1,-1,184,"community service, advocacy",Human Rights and Advocacy
Art,2,5,6,-1,-1,-1,-1,-1,-1,-1,-1,4,6,6,6,4,-1,-1,-1,5,-1,-1,205,"problem solving, data gathering",Research and Policy Analysis
Art,1,5,4,-1,-1,-1,-1,-1,-1,-1,-1,4,4,4,4,6,-1,-1,6,-1,-1,-1,219,"storytelling, 3d animation",Animation
Art,3,6,5,-1,-1,-1,-1,-1,-1,-1,-1,5,5,5,4,5,4,-1,-1,-1,-1,-1,176,"storytelling, cartoons",Animation
Commercial,6,4,4,-1,-1,-1,-1,-1,-1,-1,-1,4,6,-1,5,-1,-1,-1,-1,-1,5,6,295,"money management, banking",Banking and Finance
Science,4,5,4,6,6,2,-1,5,-1,-1,-1,-1,-1,-1,-1,-1,-1,-1,-1,-1,-1,-1,271,"IT systems, support",Information Technology
Science,4,5,4,5,5,3,4,5,-1,-1,-1,-1,-1,-1,-1,-1,-1,-1,-1,-1,-1,-1,257,"chemicals, production",Chemical Engineering
Science,4,4,6,5,6,1,6,4,-1,-1,-1,-1,-1,-1,-1,-1,-1,-1,-1,-1,-1,-1,261,"drawing, design",Architecture
Science,6,6,4,5,6,5,-1,4,5,-1,-1,-1,-1,-1,-1,-1,-1,-1,-1,-1,-1,-1,259,"medication, drugs",Pharmacy
Science,6,6,4,3,4,5,-1,4,4,-1,-1,-1,-1,-1,-1,-1,-1,-1,-1,-1,-1,-1,232,"disease prevention, community health",Public Health
Science,6,6,5,5,6,6,-1,6,5,-1,-1,-1,-1,-1,-1,-1,-1,-1,-1,-1,-1,-1,225,"logic, theory",Mathematics
Science,6,5,5,6,5,5,-1,5,-1,-1,5,-1,-1,-1,-1,-1,-1,-1,-1,-1,-1,-1,247,"climate, environment",Environmental Science
Science,6,6,4,6,5,5,-1,2,-1,5,-1,-1,-1,-1,-1,-1,-1,-1,-1,-1,-1,-1,254,"forest conservation, tree planting",Forestry
Art,6,5,6,-1,-1,-1,-1,-1,-1,-1,-1,6,4,6,6,4,-1,6,-1,-1,-1,-1,174,"counselling, emotional wellbeing",Psychology
Art,2,5,6,-1,-1,-1,-1,-1,-1,-1,-1,4,4,5,6,4,-1,-1,-1,5,-1,-1,205,"historical artifacts, ancient civilization",Archaeology
Art,3,6,4,-1,-1,-1,-1,-1,-1,-1,-1,4,6,6,5,5,-1,-1,4,-1,-1,-1,197,"portraits, taking pictures",Photography
Art,2,6,4,-1,-1,-1,-1,-1,-1,-1,-1,6,5,4,5,4,5,-1,-1,-1,-1,-1,160,"editing photos, taking pictures",Photography
Commercial,6,4,6,-1,-1,-1,-1,-1,-1,-1,-1,5,5,-1,6,-1,-1,-1,-1,-1,4,6,233,"advertising, consumer behavior",Marketing
Science,6,4,4,6,4,2,-1,6,-1,-1,-1,-1,-1,-1,-1,-1,-1,-1,-1,-1,-1,-1,210,"software integration, hardware",Computer Engineering
Science,4,4,6,5,4,1,5,6,-1,-1,-1,-1,-1,-1,-1,-1,-1,-1,-1,-1,-1,-1,240,"optimization, systems",Industrial Engineering
Science,6,5,6,6,5,2,5,6,-1,-1,-1,-1,-1,-1,-1,-1,-1,-1,-1,-1,-1,-1,262,"facility management, real estate",Estate Management
Science,5,5,4,4,6,5,-1,4,6,-1,-1,-1,-1,-1,-1,-1,-1,-1,-1,-1,-1,-1,308,"dental care, teeth",Dentistry
Science,6,6,6,1,4,5,-1,5,4,-1,-1,-1,-1,-1,-1,-1,-1,-1,-1,-1,-1,-1,243,"community health, disease prevention",Public Health
Science,6,4,6,6,5,6,-1,5,6,-1,-1,-1,-1,-1,-1,-1,-1,-1,-1,-1,-1,-1,319,"nature, life science",Biology
Science,6,6,5,5,5,5,-1,4,-1,-1,4,-1,-1,-1,-1,-1,-1,-1,-1,-1,-1,-1,301,"climate, weather",Meteorology
Science,5,5,5,5,4,4,-1,2,-1,4,-1,-1,-1,-1,-1,-1,-1,-1,-1,-1,-1,-1,283,"livestock farming, animal breeding",Animal Science
Art,6,4,6,-1,-1,-1,-1,-1,-1,-1,-1,4,6,6,6,5,-1,5,-1,-1,-1,-1,198,"foreign policy, global affairs",International Relations
Art,3,4,5,-1,-1,-1,-1,-1,-1,-1,-1,6,4,4,5,4,-1,-1,-1,4,-1,-1,183,"history preservation, heritage",Museum and Heritage Studies
Art,3,5,6,-1,-1,-1,-1,-1,-1,-1,-1,6,6,6,6,6,-1,-1,5,-1,-1,-1,188,"taking pictures, portraits",Photography
Art,1,4,4,-1,-1,-1,-1,-1,-1,-1,-1,6,5,5,4,6,5,-1,-1,-1,-1,-1,189,"editing photos, taking pictures",Photography
Commercial,4,6,4,-1,-1,-1,-1,-1,-1,-1,-1,4,4,-1,5,-1,-1,-1,-1,-1,6,5,331,"tax laws, financial compliance",Taxation
Science,5,6,4,4,6,3,-1,4,-1,-1,-1,-1,-1,-1,-1,-1,-1,-1,-1,-1,-1,-1,211,"statistics, data",Data Science
Science,4,5,5,6,5,1,5,5,-1,-1,-1,-1,-1,-1,-1,-1,-1,-1,-1,-1,-1,-1,255,"power systems, circuits",Electrical Engineering
Science,4,6,5,4,4,3,5,5,-1,-1,-1,-1,-1,-1,-1,-1,-1,-1,-1,-1,-1,-1,289,"property management, real estate",Estate Management
Science,6,4,6,4,5,4,-1,6,5,-1,-1,-1,-1,-1,-1,-1,-1,-1,-1,-1,-1,-1,263,"diagnosis, imaging",Radiology
Science,5,4,5,3,4,4,-1,6,5,-1,-1,-1,-1,-1,-1,-1,-1,-1,-1,-1,-1,-1,299,"disease prevention, community health",Public Health
Science,4,5,6,5,5,5,-1,6,5,-1,-1,-1,-1,-1,-1,-1,-1,-1,-1,-1,-1,-1,222,"reactions, laboratory",Chemistry
Science,6,6,6,5,5,4,-1,4,-1,-1,6,-1,-1,-1,-1,-1,-1,-1,-1,-1,-1,-1,280,"marine life, oceans",Marine Science
Science,4,6,5,4,5,4,-1,1,-1,5,-1,-1,-1,-1,-1,-1,-1,-1,-1,-1,-1,-1,274,"harvesting, crop production",Crop Science
Art,5,4,4,-1,-1,-1,-1,-1,-1,-1,-1,6,4,5,5,5,-1,4,-1,-1,-1,-1,227,"human behaviour, mental health",Psychology
Art,2,4,6,-1,-1,-1,-1,-1,-1,-1,-1,4,4,4,4,4,-1,-1,-1,6,-1,-1,206,"ancient civilization, excavation",Archaeology
Art,3,6,5,-1,-1,-1,-1,-1,-1,-1,-1,6,4,6,4,5,-1,-1,5,-1,-1,-1,204,"website layouts, user experience",Web Design
Art,2,5,6,-1,-1,-1,-1,-1,-1,-1,-1,5,5,6,4,5,4,-1,-1,-1,-1,-1,191,"user experience, website layouts",Web Design
Commercial,4,6,4,-1,-1,-1,-1,-1,-1,-1,-1,5,4,-1,6,-1,-1,-1,-1,-1,5,4,325,"organizational planning, leadership",Business Administration
Science,4,6,6,4,5,1,-1,6,-1,-1,-1,-1,-1,-1,-1,-1,-1,-1,-1,-1,-1,-1,242,"communication systems, internet",Network Engineering
Science,5,5,6,4,6,1,5,6,-1,-1,-1,-1,-1,-1,-1,-1,-1,-1,-1,-1,-1,-1,270,"ships, marine systems",Marine Engineering
Science,4,5,6,6,6,1,5,4,-1,-1,-1,-1,-1,-1,-1,-1,-1,-1,-1,-1,-1,-1,264,"city development, community planning",Urban and Regional Planning
Science,5,5,6,6,5,6,-1,6,5,-1,-1,-1,-1,-1,-1,-1,-1,-1,-1,-1,-1,-1,257,"healthcare, treatment",Medicine and Surgery
Science,4,4,5,3,5,5,-1,5,6,-1,-1,-1,-1,-1,-1,-1,-1,-1,-1,-1,-1,-1,224,"food, health diet",Nutrition and Dietetics
Science,5,5,5,5,5,4,-1,4,4,-1,-1,-1,-1,-1,-1,-1,-1,-1,-1,-1,-1,-1,254,"research, technology",Applied Physics
Science,4,6,5,5,6,5,-1,6,-1,-1,4,-1,-1,-1,-1,-1,-1,-1,-1,-1,-1,-1,282,"environment, climate",Environmental Science
Science,5,4,5,4,5,5,-1,2,-1,4,-1,-1,-1,-1,-1,-1,-1,-1,-1,-1,-1,-1,220,"soil, farming",Agronomy
Art,6,6,5,-1,-1,-1,-1,-1,-1,-1,-1,5,6,6,6,4,-1,4,-1,-1,-1,-1,180,"law enforcement, criminal justice",Criminology
Art,3,4,5,-1,-1,-1,-1,-1,-1,-1,-1,5,4,5,5,4,-1,-1,-1,6,-1,-1,188,"travel, tour guiding",Tourism and Hospitality
Art,2,5,5,-1,-1,-1,-1,-1,-1,-1,-1,5,4,6,5,4,-1,-1,5,-1,-1,-1,156,"sculpting, painting",Painting and Sculpture
Art,3,5,4,-1,-1,-1,-1,-1,-1,-1,-1,4,6,6,6,4,6,-1,-1,-1,-1,-1,205,"fine arts, painting",Painting and Sculpture
Commercial,6,4,4,-1,-1,-1,-1,-1,-1,-1,-1,5,4,-1,5,-1,-1,-1,-1,-1,6,4,251,"consumer behavior, branding",Marketing
Science,6,4,5,5,5,1,-1,5,-1,-1,-1,-1,-1,-1,-1,-1,-1,-1,-1,-1,-1,-1,224,"internet, communication systems",Network Engineering
Science,5,6,5,6,5,1,6,6,-1,-1,-1,-1,-1,-1,-1,-1,-1,-1,-1,-1,-1,-1,230,"vehicles, automobiles",Automotive Engineering
Science,4,6,6,4,5,1,4,5,-1,-1,-1,-1,-1,-1,-1,-1,-1,-1,-1,-1,-1,-1,278,"property management, facility management",Estate Management
Science,4,4,4,4,6,6,-1,4,5,-1,-1,-1,-1,-1,-1,-1,-1,-1,-1,-1,-1,-1,257,"eyes, vision",Optometry
Science,4,4,5,3,6,4,-1,6,6,-1,-1,-1,-1,-1,-1,-1,-1,-1,-1,-1,-1,-1,289,"food, health diet",Nutrition and Dietetics
Science,5,6,5,5,5,5,-1,4,4,-1,-1,-1,-1,-1,-1,-1,-1,-1,-1,-1,-1,-1,258,"problem solving, logic",Mathematics
Science,4,4,5,5,4,4,-1,4,-1,-1,4,-1,-1,-1,-1,-1,-1,-1,-1,-1,-1,-1,239,"earth science, rocks",Geology
Science,6,4,4,6,5,4,-1,1,-1,4,-1,-1,-1,-1,-1,-1,-1,-1,-1,-1,-1,-1,314,"land management, environmental conservation",Soil Science
Art,5,6,6,-1,-1,-1,-1,-1,-1,-1,-1,6,4,4,5,6,-1,4,-1,-1,-1,-1,165,"debate, advocacy",Law
Art,2,6,5,-1,-1,-1,-1,-1,-1,-1,-1,5,6,5,4,6,-1,-1,-1,4,-1,-1,235,"research, analysis",Research and Policy Analysis
Art,3,4,6,-1,-1,-1,-1,-1,-1,-1,-1,5,6,6,5,4,-1,-1,6,-1,-1,-1,216,"visual storytelling, video effects",Motion Graphics
Art,1,4,6,-1,-1,-1,-1,-1,-1,-1,-1,6,6,4,6,6,4,-1,-1,-1,-1,-1,216,"creative editing, animation",Motion Graphics
Commercial,5,6,6,-1,-1,-1,-1,-1,-1,-1,-1,5,5,-1,5,-1,-1,-1,-1,-1,5,4,276,"business startup, business oppurtunities",Entrepreneurship
Science,5,6,4,4,5,2,-1,6,-1,-1,-1,-1,-1,-1,-1,-1,-1,-1,-1,-1,-1,-1,280,"coding, programming",Computer Science
Science,4,5,4,4,6,3,5,4,-1,-1,-1,-1,-1,-1,-1,-1,-1,-1,-1,-1,-1,-1,270,"gas, drilling",Petroleum Engineering
Science,5,4,4,6,4,2,5,6,-1,-1,-1,-1,-1,-1,-1,-1,-1,-1,-1,-1,-1,-1,228,"drawing, design",Architecture
Science,4,4,4,5,4,5,-1,5,5,-1,-1,-1,-1,-1,-1,-1,-1,-1,-1,-1,-1,-1,252,"patients, care",Nursing
Science,6,5,4,1,5,5,-1,4,4,-1,-1,-1,-1,-1,-1,-1,-1,-1,-1,-1,-1,-1,275,"food, health diet",Nutrition and Dietetics
Science,6,5,4,6,6,4,-1,5,6,-1,-1,-1,-1,-1,-1,-1,-1,-1,-1,-1,-1,-1,276,"laboratory, reactions",Chemistry
Science,6,4,5,5,6,5,-1,5,-1,-1,5,-1,-1,-1,-1,-1,-1,-1,-1,-1,-1,-1,274,"weather, climate",Meteorology
Science,5,5,6,4,5,5,-1,3,-1,6,-1,-1,-1,-1,-1,-1,-1,-1,-1,-1,-1,-1,255,"food production, agricultural technology",Agricultural Science
Art,6,6,5,-1,-1,-1,-1,-1,-1,-1,-1,6,6,4,6,4,-1,5,-1,-1,-1,-1,202,"human behaviour, mental health",Psychology
Art,1,4,5,-1,-1,-1,-1,-1,-1,-1,-1,6,5,4,4,6,-1,-1,-1,5,-1,-1,208,"research, analysis",Research and Policy Analysis
Art,2,6,6,-1,-1,-1,-1,-1,-1,-1,-1,4,4,5,6,6,-1,-1,4,-1,-1,-1,171,"creative coding, user experience",Web Design
Art,1,5,5,-1,-1,-1,-1,-1,-1,-1,-1,5,6,4,4,6,6,-1,-1,-1,-1,-1,142,"user experience, creative coding",Web Design
Commercial,4,5,5,-1,-1,-1,-1,-1,-1,-1,-1,6,4,-1,4,-1,-1,-1,-1,-1,5,4,325,"consumer behavior, branding",Marketing
Science,5,5,4,6,5,3,-1,6,-1,-1,-1,-1,-1,-1,-1,-1,-1,-1,-1,-1,-1,-1,239,"software integration, hardware",Computer Engineering
Science,4,5,5,4,6,3,5,4,-1,-1,-1,-1,-1,-1,-1,-1,-1,-1,-1,-1,-1,-1,282,"buildings, structures",Civil Engineering
Science,6,6,5,4,6,1,4,6,-1,-1,-1,-1,-1,-1,-1,-1,-1,-1,-1,-1,-1,-1,273,"drawing, AutoCad",Architecture
Science,4,6,6,5,4,5,-1,4,4,-1,-1,-1,-1,-1,-1,-1,-1,-1,-1,-1,-1,-1,267,"medicine, treatment",Medicine and Surgery
Science,6,5,5,1,4,5,-1,6,4,-1,-1,-1,-1,-1,-1,-1,-1,-1,-1,-1,-1,-1,279,"food, health diet",Nutrition and Dietetics
Science,6,5,4,6,5,6,-1,5,6,-1,-1,-1,-1,-1,-1,-1,-1,-1,-1,-1,-1,-1,240,"technology, research",Applied Physics
Science,4,6,6,5,6,6,-1,6,-1,-1,5,-1,-1,-1,-1,-1,-1,-1,-1,-1,-1,-1,272,"oceans, marine life",Marine Science
Science,5,6,6,6,5,6,-1,3,-1,5,-1,-1,-1,-1,-1,-1,-1,-1,-1,-1,-1,-1,305,"food production, farming",Agricultural Science
Art,5,4,6,-1,-1,-1,-1,-1,-1,-1,-1,4,5,6,5,4,-1,5,-1,-1,-1,-1,227,"global affairs, diplomacy",International Relations
Art,1,4,5,-1,-1,-1,-1,-1,-1,-1,-1,5,5,6,6,4,-1,-1,-1,5,-1,-1,178,"ancient civilization, research",Archaeology
Art,2,4,5,-1,-1,-1,-1,-1,-1,-1,-1,6,6,5,5,5,-1,-1,5,-1,-1,-1,147,"room decoration, space planning",Interior Design
Art,3,5,4,-1,-1,-1,-1,-1,-1,-1,-1,4,6,6,5,5,5,-1,-1,-1,-1,-1,217,"room decoration, space planning",Interior Design
Commercial,4,6,6,-1,-1,-1,-1,-1,-1,-1,-1,4,5,-1,5,-1,-1,-1,-1,-1,5,6,264,"financial protection, policy analysis",Insurance
Science,5,5,4,4,5,1,-1,6,-1,-1,-1,-1,-1,-1,-1,-1,-1,-1,-1,-1,-1,-1,227,"hacking, network protection",Cyber Security
Science,6,4,5,5,6,3,5,4,-1,-1,-1,-1,-1,-1,-1,-1,-1,-1,-1,-1,-1,-1,263,"mechanics, engines",Mechanical Engineering
Science,4,6,6,6,5,2,5,5,-1,-1,-1,-1,-1,-1,-1,-1,-1,-1,-1,-1,-1,-1,290,"property management, real estate",Estate Management
Science,6,4,6,4,5,4,-1,5,5,-1,-1,-1,-1,-1,-1,-1,-1,-1,-1,-1,-1,-1,288,"laboratory, drugs",Pharmacy
Science,5,6,4,2,5,5,-1,5,4,-1,-1,-1,-1,-1,-1,-1,-1,-1,-1,-1,-1,-1,261,"disease prevention, community health",Public Health
Science,6,4,5,5,4,6,-1,4,5,-1,-1,-1,-1,-1,-1,-1,-1,-1,-1,-1,-1,-1,317,"reactions, laboratory",Chemistry
Science,5,6,6,6,5,6,-1,6,-1,-1,6,-1,-1,-1,-1,-1,-1,-1,-1,-1,-1,-1,280,"earth structure, seismology",Geophysics
Science,4,4,4,6,6,6,-1,1,-1,4,-1,-1,-1,-1,-1,-1,-1,-1,-1,-1,-1,-1,268,"fish farming, pond management",Fisheries and Aquaculture
Art,5,6,6,-1,-1,-1,-1,-1,-1,-1,-1,6,4,6,6,6,-1,6,-1,-1,-1,-1,210,"media, news reporting",Journalism and Media Studies
Art,1,6,6,-1,-1,-1,-1,-1,-1,-1,-1,4,4,5,5,4,-1,-1,-1,5,-1,-1,228,"culture, heritage",Museum and Heritage Studies
Art,1,5,4,-1,-1,-1,-1,-1,-1,-1,-1,5,4,5,4,6,-1,-1,5,-1,-1,-1,194,"furniture, space planning",Interior Design
Art,3,4,4,-1,-1,-1,-1,-1,-1,-1,-1,6,6,6,5,5,5,-1,-1,-1,-1,-1,146,"home aesthetics, room decoration",Interior Design
Commercial,5,5,6,-1,-1,-1,-1,-1,-1,-1,-1,4,6,-1,4,-1,-1,-1,-1,-1,5,4,263,"employee relations, recruitment",Human Resource Management
Science,5,6,4,4,4,2,-1,4,-1,-1,-1,-1,-1,-1,-1,-1,-1,-1,-1,-1,-1,-1,236,"security, hacking",Cyber Security
Science,6,6,5,5,6,1,5,4,-1,-1,-1,-1,-1,-1,-1,-1,-1,-1,-1,-1,-1,-1,243,"ocean, marine systems",Marine Engineering
Science,4,6,4,5,4,3,5,4,-1,-1,-1,-1,-1,-1,-1,-1,-1,-1,-1,-1,-1,-1,286,"land valuation, real estate",Estate Management
Science,6,5,5,5,6,4,-1,6,6,-1,-1,-1,-1,-1,-1,-1,-1,-1,-1,-1,-1,-1,287,"imaging, diagnosis",Radiology
Science,5,4,5,3,6,5,-1,5,6,-1,-1,-1,-1,-1,-1,-1,-1,-1,-1,-1,-1,-1,256,"food, health diet",Nutrition and Dietetics
Science,6,6,4,6,4,6,-1,6,4,-1,-1,-1,-1,-1,-1,-1,-1,-1,-1,-1,-1,-1,295,"research, technology",Applied Physics
Science,4,6,4,5,6,5,-1,6,-1,-1,6,-1,-1,-1,-1,-1,-1,-1,-1,-1,-1,-1,261,"climate, environment",Environmental Science
Science,6,6,4,6,4,5,-1,1,-1,4,-1,-1,-1,-1,-1,-1,-1,-1,-1,-1,-1,-1,310,"farming, crop cultivation",Agricultural Science
Art,6,4,6,-1,-1,-1,-1,-1,-1,-1,-1,5,4,6,4,5,-1,4,-1,-1,-1,-1,207,"politics, government",Political Science
Art,2,4,4,-1,-1,-1,-1,-1,-1,-1,-1,5,5,5,6,6,-1,-1,-1,6,-1,-1,224,"travel, culture",Tourism and Hospitality
Art,3,4,4,-1,-1,-1,-1,-1,-1,-1,-1,4,5,5,6,5,-1,-1,4,-1,-1,-1,176,"drawing, Sketching",Illustration
Art,1,5,6,-1,-1,-1,-1,-1,-1,-1,-1,5,4,6,4,5,5,-1,-1,-1,-1,-1,202,"character design, Sketching",Illustration
Commercial,6,4,5,-1,-1,-1,-1,-1,-1,-1,-1,6,6,-1,6,-1,-1,-1,-1,-1,5,4,267,"data modelling, statistics",Actuarial Science
Science,5,6,6,6,4,3,-1,5,-1,-1,-1,-1,-1,-1,-1,-1,-1,-1,-1,-1,-1,-1,240,"systems, business IT",Information Systems
Science,4,5,5,4,4,2,5,6,-1,-1,-1,-1,-1,-1,-1,-1,-1,-1,-1,-1,-1,-1,248,"automobiles, engines",Automotive Engineering
Science,6,5,4,4,6,1,5,5,-1,-1,-1,-1,-1,-1,-1,-1,-1,-1,-1,-1,-1,-1,227,"building estimation, cost analysis",Quantity Surveying
Science,5,6,5,5,5,5,-1,5,6,-1,-1,-1,-1,-1,-1,-1,-1,-1,-1,-1,-1,-1,284,"movement, rehabilitation",Physiotherapy
Science,6,4,4,3,5,6,-1,4,5,-1,-1,-1,-1,-1,-1,-1,-1,-1,-1,-1,-1,-1,291,"health diet, food",Nutrition and Dietetics
Science,6,6,5,5,5,4,-1,6,4,-1,-1,-1,-1,-1,-1,-1,-1,-1,-1,-1,-1,-1,301,"energy, motion",Physics
Science,5,4,5,5,4,6,-1,6,-1,-1,5,-1,-1,-1,-1,-1,-1,-1,-1,-1,-1,-1,240,"climate, environment",Environmental Science
Science,5,5,5,5,5,5,-1,1,-1,5,-1,-1,-1,-1,-1,-1,-1,-1,-1,-1,-1,-1,299,"farming, food production",Agricultural Science
Art,5,4,5,-1,-1,-1,-1,-1,-1,-1,-1,5,4,6,6,4,-1,6,-1,-1,-1,-1,181,"population studies, migration patterns",Demography
Art,1,6,4,-1,-1,-1,-1,-1,-1,-1,-1,4,6,6,4,5,-1,-1,-1,6,-1,-1,203,"data gathering, problem solving",Research and Policy Analysis
Art,1,6,5,-1,-1,-1,-1,-1,-1,-1,-1,4,6,6,6,4,-1,-1,4,-1,-1,-1,186,"home aesthetics, furniture",Interior Design
Art,2,4,5,-1,-1,-1,-1,-1,-1,-1,-1,4,5,4,5,4,5,-1,-1,-1,-1,-1,162,"furniture, space planning",Interior Design
Commercial,5,5,6,-1,-1,-1,-1,-1,-1,-1,-1,5,4,-1,6,-1,-1,-1,-1,-1,4,5,310,"financial protection, claims processing",Insurance
Science,5,6,6,4,4,3,-1,6,-1,-1,-1,-1,-1,-1,-1,-1,-1,-1,-1,-1,-1,-1,211,"automation, machine learning",Artificial Intelligence
Science,6,5,4,5,6,3,4,4,-1,-1,-1,-1,-1,-1,-1,-1,-1,-1,-1,-1,-1,-1,248,"space, aircraft",Aerospace Engineering
Science,5,6,6,6,5,2,5,6,-1,-1,-1,-1,-1,-1,-1,-1,-1,-1,-1,-1,-1,-1,246,"cost analysis, building estimation",Quantity Surveying
Science,5,4,6,5,5,4,-1,5,5,-1,-1,-1,-1,-1,-1,-1,-1,-1,-1,-1,-1,-1,281,"treatment, cancer",Oncology
Science,5,6,5,1,5,6,-1,5,5,-1,-1,-1,-1,-1,-1,-1,-1,-1,-1,-1,-1,-1,269,"disease prevention, community health",Public Health
Science,5,6,4,5,6,5,-1,5,6,-1,-1,-1,-1,-1,-1,-1,-1,-1,-1,-1,-1,-1,253,"reactions, laboratory",Chemistry
Science,5,4,4,6,4,5,-1,4,-1,-1,5,-1,-1,-1,-1,-1,-1,-1,-1,-1,-1,-1,236,"weather, climate",Meteorology
Science,6,5,4,6,4,4,-1,1,-1,4,-1,-1,-1,-1,-1,-1,-1,-1,-1,-1,-1,-1,221,"forest conservation, tree planting",Forestry
Art,5,4,4,-1,-1,-1,-1,-1,-1,-1,-1,4,6,4,6,6,-1,6,-1,-1,-1,-1,184,"debate, advocacy",Law
Art,3,4,6,-1,-1,-1,-1,-1,-1,-1,-1,5,5,4,6,5,-1,-1,-1,5,-1,-1,206,"data gathering, analysis",Research and Policy Analysis
Art,1,5,6,-1,-1,-1,-1,-1,-1,-1,-1,6,5,5,4,5,-1,-1,6,-1,-1,-1,181,"taking pictures, portraits",Photography
Art,3,6,5,-1,-1,-1,-1,-1,-1,-1,-1,5,5,4,4,4,6,-1,-1,-1,-1,-1,216,"creative visuals, editing photos",Photography
Commercial,5,4,5,-1,-1,-1,-1,-1,-1,-1,-1,4,4,-1,4,-1,-1,-1,-1,-1,5,4,281,"office administration, leadership",Business Administration
Science,5,6,5,5,5,3,-1,6,-1,-1,-1,-1,-1,-1,-1,-1,-1,-1,-1,-1,-1,-1,248,"hardware, software integration",Computer Engineering
Science,5,6,4,5,5,1,5,5,-1,-1,-1,-1,-1,-1,-1,-1,-1,-1,-1,-1,-1,-1,235,"machines, robotics",Mechanical Engineering
Science,5,5,6,5,6,3,5,5,-1,-1,-1,-1,-1,-1,-1,-1,-1,-1,-1,-1,-1,-1,235,"environmental planning, city development",Urban and Regional Planning
Science,4,6,5,4,4,5,-1,4,6,-1,-1,-1,-1,-1,-1,-1,-1,-1,-1,-1,-1,-1,309,"body functions, health science",Physiology
Science,5,5,6,3,4,5,-1,4,6,-1,-1,-1,-1,-1,-1,-1,-1,-1,-1,-1,-1,-1,220,"disease prevention, community health",Public Health
Science,4,4,5,5,5,5,-1,5,6,-1,-1,-1,-1,-1,-1,-1,-1,-1,-1,-1,-1,-1,313,"computation, modeling",Applied Mathematics
Science,5,5,4,4,6,4,-1,6,-1,-1,5,-1,-1,-1,-1,-1,-1,-1,-1,-1,-1,-1,286,"climate, weather",Meteorology
Science,6,6,5,6,6,5,-1,3,-1,4,-1,-1,-1,-1,-1,-1,-1,-1,-1,-1,-1,-1,303,"flower cultivation, gardening",Horticulture
Art,4,4,4,-1,-1,-1,-1,-1,-1,-1,-1,5,5,4,6,4,-1,4,-1,-1,-1,-1,208,"public policy, government",Political Science
Art,1,6,5,-1,-1,-1,-1,-1,-1,-1,-1,4,5,6,6,4,-1,-1,-1,5,-1,-1,171,"research, analysis",Research and Policy Analysis
Art,3,5,4,-1,-1,-1,-1,-1,-1,-1,-1,4,5,6,4,6,-1,-1,5,-1,-1,-1,149,"Creative software, drawing tablets",Digital Art
Art,1,5,6,-1,-1,-1,-1,-1,-1,-1,-1,4,6,5,5,5,4,-1,-1,-1,-1,-1,148,"drawing tablets, digital painting",Digital Art
Commercial,5,4,6,-1,-1,-1,-1,-1,-1,-1,-1,4,6,-1,5,-1,-1,-1,-1,-1,6,4,291,"staff management, employee relations",Human Resource Management
Science,4,4,5,4,5,1,-1,5,-1,-1,-1,-1,-1,-1,-1,-1,-1,-1,-1,-1,-1,-1,220,"coding, programming",Computer Science
Science,5,6,5,5,6,3,4,4,-1,-1,-1,-1,-1,-1,-1,-1,-1,-1,-1,-1,-1,-1,273,"systems, production",Industrial Engineering
Science,5,4,4,4,6,2,5,6,-1,-1,-1,-1,-1,-1,-1,-1,-1,-1,-1,-1,-1,-1,252,"spatial data, geographic information system",Surveying and Geoinformatics
Science,4,4,4,6,6,5,-1,4,6,-1,-1,-1,-1,-1,-1,-1,-1,-1,-1,-1,-1,-1,251,"movement, therapy",Physiotherapy
Science,6,4,6,3,6,4,-1,6,6,-1,-1,-1,-1,-1,-1,-1,-1,-1,-1,-1,-1,-1,280,"food, health diet",Nutrition and Dietetics
Science,6,4,5,6,6,4,-1,4,4,-1,-1,-1,-1,-1,-1,-1,-1,-1,-1,-1,-1,-1,255,"laboratory, reactions",Chemistry
Science,6,4,6,5,4,6,-1,5,-1,-1,5,-1,-1,-1,-1,-1,-1,-1,-1,-1,-1,-1,267,"seismology, earth structure",Geophysics
Science,5,4,4,4,6,4,-1,2,-1,4,-1,-1,-1,-1,-1,-1,-1,-1,-1,-1,-1,-1,230,"agricultural technology, farming",Agricultural Science
Art,5,5,5,-1,-1,-1,-1,-1,-1,-1,-1,6,5,6,5,5,-1,5,-1,-1,-1,-1,163,"advocacy, justice",Law
Art,3,5,4,-1,-1,-1,-1,-1,-1,-1,-1,4,5,6,6,4,-1,-1,-1,6,-1,-1,226,"analysis, problem solving",Research and Policy Analysis
Art,1,6,4,-1,-1,-1,-1,-1,-1,-1,-1,6,4,4,5,4,-1,-1,6,-1,-1,-1,214,"ui design, creative coding",Web Design
Art,3,4,5,-1,-1,-1,-1,-1,-1,-1,-1,6,6,6,4,5,6,-1,-1,-1,-1,-1,150,"creative coding, ui design",Web Design
Commercial,6,5,5,-1,-1,-1,-1,-1,-1,-1,-1,5,6,-1,6,-1,-1,-1,-1,-1,6,4,313,"leadership, office administration",Business Administration
Science,5,5,6,4,4,3,-1,5,-1,-1,-1,-1,-1,-1,-1,-1,-1,-1,-1,-1,-1,-1,274,"computers, support",Information Technology
Science,5,6,6,4,4,3,5,6,-1,-1,-1,-1,-1,-1,-1,-1,-1,-1,-1,-1,-1,-1,289,"marine systems, ocean",Marine Engineering
Science,5,4,6,5,5,1,5,5,-1,-1,-1,-1,-1,-1,-1,-1,-1,-1,-1,-1,-1,-1,225,"spatial data, geographic information system",Surveying and Geoinformatics
Science,6,4,4,5,6,4,-1,5,4,-1,-1,-1,-1,-1,-1,-1,-1,-1,-1,-1,-1,-1,313,"cancer, treatment",Oncology
Science,4,4,4,3,5,4,-1,6,5,-1,-1,-1,-1,-1,-1,-1,-1,-1,-1,-1,-1,-1,283,"health diet, food",Nutrition and Dietetics
Science,4,4,4,6,4,5,-1,6,4,-1,-1,-1,-1,-1,-1,-1,-1,-1,-1,-1,-1,-1,283,"bioengineering, genetics",Biotechnology
Science,5,6,6,6,6,6,-1,6,-1,-1,4,-1,-1,-1,-1,-1,-1,-1,-1,-1,-1,-1,255,"environment, climate",Environmental Science
Science,4,5,5,6,4,6,-1,1,-1,4,-1,-1,-1,-1,-1,-1,-1,-1,-1,-1,-1,-1,270,"crops, farming",Agronomy
Art,6,4,4,-1,-1,-1,-1,-1,-1,-1,-1,6,4,4,6,6,-1,5,-1,-1,-1,-1,167,"public policy, leadership",Political Science
Art,3,6,6,-1,-1,-1,-1,-1,-1,-1,-1,5,5,5,6,5,-1,-1,-1,5,-1,-1,175,"record keeping, documentation",Archival Studies
Art,2,4,4,-1,-1,-1,-1,-1,-1,-1,-1,5,5,6,6,5,-1,-1,6,-1,-1,-1,198,"design, posters",Graphics Design
Art,2,6,6,-1,-1,-1,-1,-1,-1,-1,-1,5,6,4,4,6,6,-1,-1,-1,-1,-1,197,"branding, design",Graphics Design
Commercial,6,5,6,-1,-1,-1,-1,-1,-1,-1,-1,5,4,-1,6,-1,-1,-1,-1,-1,5,5,308,"leadership, office administration",Business Administration
Science,6,4,6,6,4,2,-1,6,-1,-1,-1,-1,-1,-1,-1,-1,-1,-1,-1,-1,-1,-1,256,"software integration, hardware",Computer Engineering
Science,6,6,6,6,5,3,4,4,-1,-1,-1,-1,-1,-1,-1,-1,-1,-1,-1,-1,-1,-1,279,"power systems, electricity",Electrical Engineering
Science,4,5,4,4,5,3,5,4,-1,-1,-1,-1,-1,-1,-1,-1,-1,-1,-1,-1,-1,-1,254,"spatial data, geographic information system",Surveying and Geoinformatics
Science,4,4,6,4,5,6,-1,4,4,-1,-1,-1,-1,-1,-1,-1,-1,-1,-1,-1,-1,-1,256,"dental care, teeth",Dentistry
Science,4,5,4,2,4,5,-1,5,5,-1,-1,-1,-1,-1,-1,-1,-1,-1,-1,-1,-1,-1,293,"community health, disease prevention",Public Health
Science,5,4,6,6,4,6,-1,5,6,-1,-1,-1,-1,-1,-1,-1,-1,-1,-1,-1,-1,-1,256,"logic, theory",Mathematics
Science,4,4,4,5,6,4,-1,4,-1,-1,4,-1,-1,-1,-1,-1,-1,-1,-1,-1,-1,-1,319,"climate, weather",Meteorology
Science,5,4,6,4,4,6,-1,1,-1,4,-1,-1,-1,-1,-1,-1,-1,-1,-1,-1,-1,-1,292,"crop cultivation, food production",Agricultural Science
Art,4,6,6,-1,-1,-1,-1,-1,-1,-1,-1,6,6,6,5,6,-1,5,-1,-1,-1,-1,171,"statistical analysis, birth rates",Demography
Art,1,6,6,-1,-1,-1,-1,-1,-1,-1,-1,5,5,6,4,5,-1,-1,-1,5,-1,-1,221,"analysis, research",Research and Policy Analysis
Art,2,5,4,-1,-1,-1,-1,-1,-1,-1,-1,4,5,4,6,6,-1,-1,4,-1,-1,-1,169,"drawing outfits, clothing",Fashion Design
Art,2,5,4,-1,-1,-1,-1,-1,-1,-1,-1,4,6,5,6,6,4,-1,-1,-1,-1,-1,212,"textiles, fashion trends",Fashion Design
Commercial,5,6,5,-1,-1,-1,-1,-1,-1,-1,-1,6,6,-1,6,-1,-1,-1,-1,-1,4,6,310,"revenue management, financial compliance",Taxation
Science,4,5,5,4,5,1,-1,4,-1,-1,-1,-1,-1,-1,-1,-1,-1,-1,-1,-1,-1,-1,263,"business IT, systems",Information Systems
Science,4,4,6,6,4,1,5,5,-1,-1,-1,-1,-1,-1,-1,-1,-1,-1,-1,-1,-1,-1,248,"materials, structures",Materials Engineering
Science,6,4,6,4,5,1,5,4,-1,-1,-1,-1,-1,-1,-1,-1,-1,-1,-1,-1,-1,-1,233,"environmental planning, transport systems",Urban and Regional Planning
Science,5,6,5,6,6,4,-1,5,5,-1,-1,-1,-1,-1,-1,-1,-1,-1,-1,-1,-1,-1,289,"rehabilitation, movement",Physiotherapy
Science,5,4,4,3,4,4,-1,4,5,-1,-1,-1,-1,-1,-1,-1,-1,-1,-1,-1,-1,-1,270,"disease prevention, community health",Public Health
Science,4,4,5,5,6,6,-1,4,4,-1,-1,-1,-1,-1,-1,-1,-1,-1,-1,-1,-1,-1,254,"industry, chemical production",Industrial Chemistry
Science,5,4,5,5,5,5,-1,6,-1,-1,4,-1,-1,-1,-1,-1,-1,-1,-1,-1,-1,-1,275,"climate, weather",Meteorology
Science,4,4,6,4,6,6,-1,2,-1,5,-1,-1,-1,-1,-1,-1,-1,-1,-1,-1,-1,-1,254,"wildlife management, forest conservation",Forestry
Art,4,4,6,-1,-1,-1,-1,-1,-1,-1,-1,4,6,6,6,6,-1,4,-1,-1,-1,-1,180,"birth rates, statistical analysis",Demography
Art,2,4,6,-1,-1,-1,-1,-1,-1,-1,-1,4,4,6,6,5,-1,-1,-1,4,-1,-1,184,"data gathering, analysis",Research and Policy Analysis
Art,2,4,5,-1,-1,-1,-1,-1,-1,-1,-1,5,5,5,5,4,-1,-1,4,-1,-1,-1,199,"creativity, branding",Graphics Design
Art,1,5,5,-1,-1,-1,-1,-1,-1,-1,-1,6,5,6,6,5,5,-1,-1,-1,-1,-1,209,"design, branding",Graphics Design
Commercial,6,5,4,-1,-1,-1,-1,-1,-1,-1,-1,5,5,-1,4,-1,-1,-1,-1,-1,4,6,252,"money management, banking",Banking and Finance
Science,4,6,5,5,4,2,-1,6,-1,-1,-1,-1,-1,-1,-1,-1,-1,-1,-1,-1,-1,-1,277,"hardware, software integration",Computer Engineering
Science,6,6,5,6,5,2,4,6,-1,-1,-1,-1,-1,-1,-1,-1,-1,-1,-1,-1,-1,-1,257,"systems, robots",Mechatronics Engineering
Science,5,5,4,6,5,3,6,6,-1,-1,-1,-1,-1,-1,-1,-1,-1,-1,-1,-1,-1,-1,266,"transport systems, environmental planning",Urban and Regional Planning
Science,6,6,5,5,5,4,-1,6,5,-1,-1,-1,-1,-1,-1,-1,-1,-1,-1,-1,-1,-1,297,"teeth, dental care",Dentistry
Science,5,4,4,1,6,4,-1,4,4,-1,-1,-1,-1,-1,-1,-1,-1,-1,-1,-1,-1,-1,261,"food, health diet",Nutrition and Dietetics
Science,6,4,4,4,5,4,-1,4,5,-1,-1,-1,-1,-1,-1,-1,-1,-1,-1,-1,-1,-1,310,"bioengineering, genetics",Biotechnology
Science,4,5,6,5,4,6,-1,4,-1,-1,5,-1,-1,-1,-1,-1,-1,-1,-1,-1,-1,-1,241,"oceans, marine life",Marine Science
Science,5,4,4,5,5,5,-1,1,-1,4,-1,-1,-1,-1,-1,-1,-1,-1,-1,-1,-1,-1,231,"animal breeding, vertinary care",Animal Science
Art,5,6,5,-1,-1,-1,-1,-1,-1,-1,-1,4,5,4,5,4,-1,6,-1,-1,-1,-1,223,"birth rates, migration patterns",Demography
Art,1,5,4,-1,-1,-1,-1,-1,-1,-1,-1,5,4,6,6,5,-1,-1,-1,5,-1,-1,181,"research, excavation",Archaeology
Art,2,5,6,-1,-1,-1,-1,-1,-1,-1,-1,5,5,5,6,5,-1,-1,5,-1,-1,-1,188,"fine arts, painting",Painting and Sculpture
Art,3,5,5,-1,-1,-1,-1,-1,-1,-1,-1,5,5,6,5,6,6,-1,-1,-1,-1,-1,207,"crafts, sculpting",Painting and Sculpture
Commercial,4,6,4,-1,-1,-1,-1,-1,-1,-1,-1,4,5,-1,4,-1,-1,-1,-1,-1,4,4,324,"bookkeeping, financial records",Accounting
Science,4,4,6,6,5,2,-1,4,-1,-1,-1,-1,-1,-1,-1,-1,-1,-1,-1,-1,-1,-1,225,"networks, communication systems",Network Engineering
Science,6,5,4,6,5,1,6,5,-1,-1,-1,-1,-1,-1,-1,-1,-1,-1,-1,-1,-1,-1,290,"ships, ocean",Marine Engineering
Science,4,4,5,6,4,3,6,6,-1,-1,-1,-1,-1,-1,-1,-1,-1,-1,-1,-1,-1,-1,225,"buildings, drawing",Architecture
Science,6,5,4,6,5,6,-1,5,4,-1,-1,-1,-1,-1,-1,-1,-1,-1,-1,-1,-1,-1,305,"vision, eyes",Optometry
Science,5,4,5,3,6,4,-1,6,5,-1,-1,-1,-1,-1,-1,-1,-1,-1,-1,-1,-1,-1,274,"food, health diet",Nutrition and Dietetics
Science,6,4,4,5,5,5,-1,5,4,-1,-1,-1,-1,-1,-1,-1,-1,-1,-1,-1,-1,-1,264,"nature, life science",Biology
Science,6,6,6,5,6,6,-1,5,-1,-1,5,-1,-1,-1,-1,-1,-1,-1,-1,-1,-1,-1,265,"environment, climate",Environmental Science
Science,6,6,4,5,5,5,-1,3,-1,6,-1,-1,-1,-1,-1,-1,-1,-1,-1,-1,-1,-1,288,"farmer education, rural advisory services",Agricultural Extension
Art,4,5,4,-1,-1,-1,-1,-1,-1,-1,-1,5,5,6,6,5,-1,4,-1,-1,-1,-1,186,"foreign policy, global affairs",International Relations
Art,1,4,5,-1,-1,-1,-1,-1,-1,-1,-1,4,5,6,6,4,-1,-1,-1,4,-1,-1,186,"research, excavation",Archaeology
Art,3,5,5,-1,-1,-1,-1,-1,-1,-1,-1,6,6,4,4,5,-1,-1,6,-1,-1,-1,151,"sculpting, painting",Painting and Sculpture
Art,2,4,6,-1,-1,-1,-1,-1,-1,-1,-1,6,6,5,4,5,6,-1,-1,-1,-1,-1,199,"crafts, fine arts",Painting and Sculpture
Commercial,6,4,6,-1,-1,-1,-1,-1,-1,-1,-1,4,5,-1,6,-1,-1,-1,-1,-1,5,4,314,"risk management, financial protection",Insurance
Science,4,4,4,6,5,3,-1,5,-1,-1,-1,-1,-1,-1,-1,-1,-1,-1,-1,-1,-1,-1,226,"business IT, systems",Information Systems
Science,4,6,6,6,5,3,4,5,-1,-1,-1,-1,-1,-1,-1,-1,-1,-1,-1,-1,-1,-1,250,"medical devices, health technology",Biomedical Engineering
Science,5,6,5,6,5,1,6,5,-1,-1,-1,-1,-1,-1,-1,-1,-1,-1,-1,-1,-1,-1,282,"city development, environmental planning",Urban and Regional Planning
Science,6,6,4,4,6,5,-1,6,6,-1,-1,-1,-1,-1,-1,-1,-1,-1,-1,-1,-1,-1,316,"care, hospital",Nursing
Science,4,4,6,3,5,4,-1,6,5,-1,-1,-1,-1,-1,-1,-1,-1,-1,-1,-1,-1,-1,269,"disease prevention, community health",Public Health
Science,5,6,4,5,5,6,-1,5,5,-1,-1,-1,-1,-1,-1,-1,-1,-1,-1,-1,-1,-1,285,"experiments, motion",Physics
Science,6,5,6,4,6,5,-1,5,-1,-1,4,-1,-1,-1,-1,-1,-1,-1,-1,-1,-1,-1,266,"environment, climate",Environmental Science
Science,4,4,5,5,5,4,-1,2,-1,6,-1,-1,-1,-1,-1,-1,-1,-1,-1,-1,-1,-1,282,"aquatic life, pond management",Fisheries and Aquaculture
Art,6,4,5,-1,-1,-1,-1,-1,-1,-1,-1,6,4,5,6,4,-1,4,-1,-1,-1,-1,210,"statistical analysis, population studies",Demography
Art,3,5,4,-1,-1,-1,-1,-1,-1,-1,-1,5,5,6,5,6,-1,-1,-1,5,-1,-1,221,"documentation, historical records",Archival Studies
Art,2,4,4,-1,-1,-1,-1,-1,-1,-1,-1,4,5,4,5,4,-1,-1,6,-1,-1,-1,203,"mobile apps, digital products",UI/UX Design
Art,2,5,4,-1,-1,-1,-1,-1,-1,-1,-1,5,4,6,5,6,4,-1,-1,-1,-1,-1,147,"user experience, digital products",UI/UX Design
Commercial,4,6,5,-1,-1,-1,-1,-1,-1,-1,-1,5,5,-1,4,-1,-1,-1,-1,-1,4,4,254,"financial compliance, revenue management",Taxation
Science,6,6,5,5,4,1,-1,4,-1,-1,-1,-1,-1,-1,-1,-1,-1,-1,-1,-1,-1,-1,256,"analysis, data",Data Science
Science,6,5,4,4,5,1,6,4,-1,-1,-1,-1,-1,-1,-1,-1,-1,-1,-1,-1,-1,-1,279,"mechanics, robotics",Mechanical Engineering
Science,4,4,5,4,4,3,4,6,-1,-1,-1,-1,-1,-1,-1,-1,-1,-1,-1,-1,-1,-1,266,"spatial data, mapping",Surveying and Geoinformatics
Science,6,6,4,5,4,4,-1,6,4,-1,-1,-1,-1,-1,-1,-1,-1,-1,-1,-1,-1,-1,306,"healthcare, medicine",Medicine and Surgery
Science,6,4,5,1,4,6,-1,6,4,-1,-1,-1,-1,-1,-1,-1,-1,-1,-1,-1,-1,-1,250,"disease prevention, community health",Public Health
Science,6,5,6,6,4,5,-1,4,4,-1,-1,-1,-1,-1,-1,-1,-1,-1,-1,-1,-1,-1,221,"laboratory, reactions",Chemistry
Science,5,5,5,4,5,6,-1,4,-1,-1,6,-1,-1,-1,-1,-1,-1,-1,-1,-1,-1,-1,241,"climate, environment",Environmental Science
Science,4,6,4,5,5,4,-1,1,-1,4,-1,-1,-1,-1,-1,-1,-1,-1,-1,-1,-1,-1,231,"forest conservation, wildlife management",Forestry
Art,4,6,5,-1,-1,-1,-1,-1,-1,-1,-1,5,5,5,6,6,-1,6,-1,-1,-1,-1,192,"community service, advocacy",Human Rights and Advocacy
Art,2,5,6,-1,-1,-1,-1,-1,-1,-1,-1,6,5,5,6,4,-1,-1,-1,5,-1,-1,184,"culture, heritage",Museum and Heritage Studies
Art,3,5,6,-1,-1,-1,-1,-1,-1,-1,-1,5,5,5,4,5,-1,-1,6,-1,-1,-1,143,"fine arts, painting",Painting and Sculpture
Art,1,5,6,-1,-1,-1,-1,-1,-1,-1,-1,5,4,6,5,6,4,-1,-1,-1,-1,-1,198,"painting, fine arts",Painting and Sculpture
Commercial,4,5,5,-1,-1,-1,-1,-1,-1,-1,-1,4,4,-1,5,-1,-1,-1,-1,-1,6,5,337,"organizational planning, business management",Business Administration
Science,4,4,5,6,5,3,-1,6,-1,-1,-1,-1,-1,-1,-1,-1,-1,-1,-1,-1,-1,-1,237,"machine learning, AI",Artificial Intelligence
Science,6,6,4,5,6,1,5,5,-1,-1,-1,-1,-1,-1,-1,-1,-1,-1,-1,-1,-1,-1,268,"ocean, marine systems",Marine Engineering
Science,5,5,4,4,5,1,4,6,-1,-1,-1,-1,-1,-1,-1,-1,-1,-1,-1,-1,-1,-1,249,"property management, real estate",Estate Management
Science,5,6,5,5,5,4,-1,4,6,-1,-1,-1,-1,-1,-1,-1,-1,-1,-1,-1,-1,-1,271,"testing, diagnosis",Medical Laboratory Science
Science,4,4,5,3,4,5,-1,5,4,-1,-1,-1,-1,-1,-1,-1,-1,-1,-1,-1,-1,-1,242,"disease prevention, community health",Public Health
Science,6,5,6,6,5,6,-1,4,4,-1,-1,-1,-1,-1,-1,-1,-1,-1,-1,-1,-1,-1,235,"experiments, motion",Physics
Science,4,5,6,4,4,6,-1,4,-1,-1,6,-1,-1,-1,-1,-1,-1,-1,-1,-1,-1,-1,273,"weather, climate",Meteorology
Science,5,5,4,6,4,6,-1,1,-1,5,-1,-1,-1,-1,-1,-1,-1,-1,-1,-1,-1,-1,220,"pond management, seafood production",Fisheries and Aquaculture
Art,5,5,6,-1,-1,-1,-1,-1,-1,-1,-1,4,4,4,4,6,-1,5,-1,-1,-1,-1,220,"global affairs, diplomacy",International Relations
Art,1,5,4,-1,-1,-1,-1,-1,-1,-1,-1,6,5,6,4,6,-1,-1,-1,5,-1,-1,222,"history preservation, heritage",Museum and Heritage Studies
Art,1,6,4,-1,-1,-1,-1,-1,-1,-1,-1,6,5,5,5,5,-1,-1,4,-1,-1,-1,210,"digital art, Sketching",Illustration
Art,2,4,5,-1,-1,-1,-1,-1,-1,-1,-1,4,5,4,6,4,5,-1,-1,-1,-1,-1,144,"character design, Sketching",Illustration
Commercial,5,6,5,-1,-1,-1,-1,-1,-1,-1,-1,5,6,-1,6,-1,-1,-1,-1,-1,4,4,276,"financial markets, money management",Banking and Finance
Science,6,4,6,4,5,2,-1,6,-1,-1,-1,-1,-1,-1,-1,-1,-1,-1,-1,-1,-1,-1,276,"hacking, network protection",Cyber Security
Science,5,4,4,4,6,3,6,5,-1,-1,-1,-1,-1,-1,-1,-1,-1,-1,-1,-1,-1,-1,248,"electronics, circuits",Electrical Engineering
Science,6,5,6,6,5,2,5,4,-1,-1,-1,-1,-1,-1,-1,-1,-1,-1,-1,-1,-1,-1,258,"property management, land valuation",Estate Management
Science,4,4,4,5,5,4,-1,6,6,-1,-1,-1,-1,-1,-1,-1,-1,-1,-1,-1,-1,-1,279,"human body, medical science",Anatomy
Science,6,6,6,3,6,5,-1,4,6,-1,-1,-1,-1,-1,-1,-1,-1,-1,-1,-1,-1,-1,260,"disease prevention, community health",Public Health
Science,5,5,6,6,6,4,-1,6,4,-1,-1,-1,-1,-1,-1,-1,-1,-1,-1,-1,-1,-1,252,"theory, problem solving",Mathematics
Science,5,4,6,5,4,6,-1,5,-1,-1,6,-1,-1,-1,-1,-1,-1,-1,-1,-1,-1,-1,316,"oceans, marine life",Marine Science
Science,4,4,6,4,5,4,-1,3,-1,5,-1,-1,-1,-1,-1,-1,-1,-1,-1,-1,-1,-1,259,"agricultural training, rural advisory services",Agricultural Extension
Art,6,4,5,-1,-1,-1,-1,-1,-1,-1,-1,6,5,4,4,5,-1,6,-1,-1,-1,-1,213,"policy making, leadership",Public Administration
Art,1,5,6,-1,-1,-1,-1,-1,-1,-1,-1,5,5,4,5,4,-1,-1,-1,5,-1,-1,225,"culture, tour guiding",Tourism and Hospitality
Art,2,6,5,-1,-1,-1,-1,-1,-1,-1,-1,4,6,6,5,4,-1,-1,4,-1,-1,-1,194,"creative visuals, editing photos",Photography
Art,3,5,4,-1,-1,-1,-1,-1,-1,-1,-1,4,6,4,4,6,6,-1,-1,-1,-1,-1,152,"taking pictures, creative visuals",Photography
Commercial,4,6,4,-1,-1,-1,-1,-1,-1,-1,-1,6,4,-1,5,-1,-1,-1,-1,-1,6,5,262,"policy analysis, claims processing",Insurance
Science,4,4,6,4,4,1,-1,5,-1,-1,-1,-1,-1,-1,-1,-1,-1,-1,-1,-1,-1,-1,247,"software integration, hardware",Computer Engineering
Science,5,6,5,4,4,2,6,5,-1,-1,-1,-1,-1,-1,-1,-1,-1,-1,-1,-1,-1,-1,236,"systems, robots",Mechatronics Engineering
Science,6,5,6,5,4,3,5,4,-1,-1,-1,-1,-1,-1,-1,-1,-1,-1,-1,-1,-1,-1,271,"geographic information system, spatial data",Surveying and Geoinformatics
Science,4,4,4,6,6,4,-1,4,6,-1,-1,-1,-1,-1,-1,-1,-1,-1,-1,-1,-1,-1,254,"health science, body functions",Physiology
Science,4,4,6,1,6,4,-1,4,5,-1,-1,-1,-1,-1,-1,-1,-1,-1,-1,-1,-1,-1,235,"food, health diet",Nutrition and Dietetics
Science,4,4,5,4,6,6,-1,6,4,-1,-1,-1,-1,-1,-1,-1,-1,-1,-1,-1,-1,-1,310,"biological molecules, lab work",Biochemistry
Science,5,6,6,5,5,4,-1,5,-1,-1,4,-1,-1,-1,-1,-1,-1,-1,-1,-1,-1,-1,248,"environment, climate",Environmental Science
Science,5,5,4,4,5,4,-1,2,-1,6,-1,-1,-1,-1,-1,-1,-1,-1,-1,-1,-1,-1,305,"livestock farming, animal breeding",Animal Science
Art,6,6,5,-1,-1,-1,-1,-1,-1,-1,-1,6,5,6,6,5,-1,6,-1,-1,-1,-1,168,"politics, diplomacy",International Relations
Art,1,5,6,-1,-1,-1,-1,-1,-1,-1,-1,5,6,4,5,4,-1,-1,-1,5,-1,-1,212,"documentation, libraries",Archival Studies
Art,3,4,5,-1,-1,-1,-1,-1,-1,-1,-1,6,6,6,5,5,-1,-1,4,-1,-1,-1,197,"creative coding, ui design",Web Design
Art,1,5,5,-1,-1,-1,-1,-1,-1,-1,-1,5,5,4,6,5,4,-1,-1,-1,-1,-1,199,"ui design, creative coding",Web Design
Commercial,4,5,6,-1,-1,-1,-1,-1,-1,-1,-1,6,5,-1,6,-1,-1,-1,-1,-1,4,6,263,"data modelling, risk analysis",Actuarial Science
Science,6,6,5,6,6,2,-1,6,-1,-1,-1,-1,-1,-1,-1,-1,-1,-1,-1,-1,-1,-1,273,"AI, automation",Artificial Intelligence
Science,6,5,6,6,6,1,6,5,-1,-1,-1,-1,-1,-1,-1,-1,-1,-1,-1,-1,-1,-1,220,"materials, structures",Materials Engineering
Science,4,5,4,6,4,2,4,4,-1,-1,-1,-1,-1,-1,-1,-1,-1,-1,-1,-1,-1,-1,228,"geographic information system, spatial data",Surveying and Geoinformatics
Science,6,4,5,6,5,4,-1,4,6,-1,-1,-1,-1,-1,-1,-1,-1,-1,-1,-1,-1,-1,302,"treatment, cancer",Oncology
Science,5,5,4,3,4,5,-1,4,5,-1,-1,-1,-1,-1,-1,-1,-1,-1,-1,-1,-1,-1,281,"health diet, food",Nutrition and Dietetics
Science,6,5,6,5,6,4,-1,5,6,-1,-1,-1,-1,-1,-1,-1,-1,-1,-1,-1,-1,-1,254,"life science, nature",Biology
Science,6,6,6,5,4,5,-1,6,-1,-1,6,-1,-1,-1,-1,-1,-1,-1,-1,-1,-1,-1,260,"rocks, earth science",Geology
Science,6,6,6,4,6,5,-1,2,-1,5,-1,-1,-1,-1,-1,-1,-1,-1,-1,-1,-1,-1,237,"landscaping, flower cultivation",Horticulture
Art,5,6,4,-1,-1,-1,-1,-1,-1,-1,-1,4,5,4,5,6,-1,5,-1,-1,-1,-1,225,"politics, global affairs",International Relations
Art,3,5,4,-1,-1,-1,-1,-1,-1,-1,-1,5,4,6,4,5,-1,-1,-1,6,-1,-1,239,"historical artifacts, research",Archaeology
Art,3,6,5,-1,-1,-1,-1,-1,-1,-1,-1,5,5,4,4,4,-1,-1,4,-1,-1,-1,188,"art technology, drawing tablets",Digital Art
Art,1,5,6,-1,-1,-1,-1,-1,-1,-1,-1,5,4,6,6,6,4,-1,-1,-1,-1,-1,162,"drawing tablets, digital painting",Digital Art
Commercial,4,6,4,-1,-1,-1,-1,-1,-1,-1,-1,6,6,-1,6,-1,-1,-1,-1,-1,5,4,313,"branding, consumer behavior",Marketing
Science,5,5,5,4,4,3,-1,4,-1,-1,-1,-1,-1,-1,-1,-1,-1,-1,-1,-1,-1,-1,237,"apps, development",Software Engineering
Science,6,4,5,4,6,3,5,6,-1,-1,-1,-1,-1,-1,-1,-1,-1,-1,-1,-1,-1,-1,226,"medical devices, health technology",Biomedical Engineering
Science,5,6,5,4,5,2,6,6,-1,-1,-1,-1,-1,-1,-1,-1,-1,-1,-1,-1,-1,-1,222,"spatial data, geographic information system",Surveying and Geoinformatics
Science,6,5,5,6,5,4,-1,4,4,-1,-1,-1,-1,-1,-1,-1,-1,-1,-1,-1,-1,-1,270,"care, patients",Nursing
Science,6,6,5,1,6,5,-1,6,6,-1,-1,-1,-1,-1,-1,-1,-1,-1,-1,-1,-1,-1,283,"community health, disease prevention",Public Health
Science,4,6,5,4,6,5,-1,4,5,-1,-1,-1,-1,-1,-1,-1,-1,-1,-1,-1,-1,-1,289,"industry, chemical production",Industrial Chemistry
Science,5,5,5,4,6,4,-1,6,-1,-1,5,-1,-1,-1,-1,-1,-1,-1,-1,-1,-1,-1,282,"seismology, earth structure",Geophysics
Science,5,6,6,4,6,4,-1,2,-1,4,-1,-1,-1,-1,-1,-1,-1,-1,-1,-1,-1,-1,284,"food production, farming",Agricultural Science
Art,4,4,4,-1,-1,-1,-1,-1,-1,-1,-1,4,6,4,5,5,-1,6,-1,-1,-1,-1,224,"emotional wellbeing, human behaviour",Psychology
Art,2,5,4,-1,-1,-1,-1,-1,-1,-1,-1,5,6,5,4,4,-1,-1,-1,4,-1,-1,222,"travel, tour guiding",Tourism and Hospitality
Art,2,5,4,-1,-1,-1,-1,-1,-1,-1,-1,5,6,4,4,5,-1,-1,4,-1,-1,-1,187,"user experience, website layouts",Web Design
Art,2,6,6,-1,-1,-1,-1,-1,-1,-1,-1,4,5,4,4,4,4,-1,-1,-1,-1,-1,189,"website layouts, creative coding",Web Design
Commercial,6,5,6,-1,-1,-1,-1,-1,-1,-1,-1,5,6,-1,4,-1,-1,-1,-1,-1,6,6,243,"financial markets, money management",Banking and Finance
Science,4,4,5,6,5,3,-1,5,-1,-1,-1,-1,-1,-1,-1,-1,-1,-1,-1,-1,-1,-1,268,"IT systems, computers",Information Technology
Science,5,6,4,6,5,1,6,4,-1,-1,-1,-1,-1,-1,-1,-1,-1,-1,-1,-1,-1,-1,270,"metals, structures",Materials Engineering
Science,6,5,5,5,5,1,5,4,-1,-1,-1,-1,-1,-1,-1,-1,-1,-1,-1,-1,-1,-1,275,"facility management, real estate",Estate Management
Science,4,6,4,4,4,5,-1,6,6,-1,-1,-1,-1,-1,-1,-1,-1,-1,-1,-1,-1,-1,276,"vision, eyes",Optometry
Science,5,4,6,1,6,5,-1,4,6,-1,-1,-1,-1,-1,-1,-1,-1,-1,-1,-1,-1,-1,243,"food, health diet",Nutrition and Dietetics
Science,5,6,6,6,5,4,-1,4,6,-1,-1,-1,-1,-1,-1,-1,-1,-1,-1,-1,-1,-1,294,"life science, nature",Biology
Science,4,4,5,4,5,6,-1,6,-1,-1,4,-1,-1,-1,-1,-1,-1,-1,-1,-1,-1,-1,227,"rocks, earth science",Geology
Science,5,5,5,4,5,5,-1,1,-1,4,-1,-1,-1,-1,-1,-1,-1,-1,-1,-1,-1,-1,276,"soil, crops",Agronomy
Art,6,6,5,-1,-1,-1,-1,-1,-1,-1,-1,4,4,6,5,5,-1,6,-1,-1,-1,-1,214,"emotional wellbeing, human behaviour",Psychology
Art,1,4,4,-1,-1,-1,-1,-1,-1,-1,-1,4,6,6,4,6,-1,-1,-1,5,-1,-1,194,"heritage, tourism",Museum and Heritage Studies
Art,2,5,5,-1,-1,-1,-1,-1,-1,-1,-1,4,4,5,6,4,-1,-1,6,-1,-1,-1,165,"art technology, drawing tablets",Digital Art
Art,2,6,5,-1,-1,-1,-1,-1,-1,-1,-1,4,4,6,4,6,5,-1,-1,-1,-1,-1,186,"digital painting, drawing tablets",Digital Art
Commercial,6,6,5,-1,-1,-1,-1,-1,-1,-1,-1,5,6,-1,5,-1,-1,-1,-1,-1,4,4,237,"advertising, sales strategies",Marketing
Science,4,4,4,5,5,1,-1,5,-1,-1,-1,-1,-1,-1,-1,-1,-1,-1,-1,-1,-1,-1,232,"business IT, systems",Information Systems
Science,4,6,5,6,4,1,6,4,-1,-1,-1,-1,-1,-1,-1,-1,-1,-1,-1,-1,-1,-1,273,"health technology, medical devices",Biomedical Engineering
Science,5,4,4,4,5,3,4,5,-1,-1,-1,-1,-1,-1,-1,-1,-1,-1,-1,-1,-1,-1,249,"construction costs, building estimation",Quantity Surveying
Science,6,4,4,5,6,5,-1,6,6,-1,-1,-1,-1,-1,-1,-1,-1,-1,-1,-1,-1,-1,315,"animals, veterinary care",Veterinary Medicine
Science,5,6,5,2,6,5,-1,5,5,-1,-1,-1,-1,-1,-1,-1,-1,-1,-1,-1,-1,-1,231,"food, health diet",Nutrition and Dietetics
Science,4,4,5,6,4,6,-1,6,6,-1,-1,-1,-1,-1,-1,-1,-1,-1,-1,-1,-1,-1,224,"technology, research",Applied Physics
Science,5,6,5,4,5,5,-1,5,-1,-1,6,-1,-1,-1,-1,-1,-1,-1,-1,-1,-1,-1,299,"marine life, oceans",Marine Science
Science,6,5,5,6,4,4,-1,3,-1,4,-1,-1,-1,-1,-1,-1,-1,-1,-1,-1,-1,-1,268,"gardening, flower cultivation",Horticulture
Art,4,6,6,-1,-1,-1,-1,-1,-1,-1,-1,6,5,6,6,6,-1,5,-1,-1,-1,-1,178,"media, news reporting",Journalism and Media Studies
Art,1,6,5,-1,-1,-1,-1,-1,-1,-1,-1,5,6,6,5,4,-1,-1,-1,6,-1,-1,220,"historical records, libraries",Archival Studies
Art,1,5,5,-1,-1,-1,-1,-1,-1,-1,-1,5,6,5,6,5,-1,-1,6,-1,-1,-1,172,"drawing tablets, Creative software",Digital Art
Art,1,5,4,-1,-1,-1,-1,-1,-1,-1,-1,4,5,6,6,6,4,-1,-1,-1,-1,-1,169,"drawing tablets, digital painting",Digital Art
Commercial,6,6,6,-1,-1,-1,-1,-1,-1,-1,-1,6,6,-1,4,-1,-1,-1,-1,-1,6,6,319,"insurance mathematics, risk analysis",Actuarial Science
Science,4,5,5,5,4,1,-1,4,-1,-1,-1,-1,-1,-1,-1,-1,-1,-1,-1,-1,-1,-1,235,"coding, programming",Computer Science
Science,6,5,5,5,6,3,5,4,-1,-1,-1,-1,-1,-1,-1,-1,-1,-1,-1,-1,-1,-1,229,"space, aircraft",Aerospace Engineering
Science,6,6,6,6,5,2,4,5,-1,-1,-1,-1,-1,-1,-1,-1,-1,-1,-1,-1,-1,-1,249,"design, AutoCad",Architecture
Science,6,5,5,5,5,6,-1,5,5,-1,-1,-1,-1,-1,-1,-1,-1,-1,-1,-1,-1,-1,270,"eyes, vision",Optometry
Science,4,4,5,2,5,4,-1,6,6,-1,-1,-1,-1,-1,-1,-1,-1,-1,-1,-1,-1,-1,239,"food, health diet",Nutrition and Dietetics
Science,4,5,5,5,5,4,-1,4,5,-1,-1,-1,-1,-1,-1,-1,-1,-1,-1,-1,-1,-1,278,"bioengineering, genetics",Biotechnology
Science,6,5,4,6,4,6,-1,5,-1,-1,5,-1,-1,-1,-1,-1,-1,-1,-1,-1,-1,-1,292,"environment, climate",Environmental Science
Science,6,6,5,4,5,5,-1,2,-1,5,-1,-1,-1,-1,-1,-1,-1,-1,-1,-1,-1,-1,317,"fruit production, gardening",Horticulture
Art,6,4,6,-1,-1,-1,-1,-1,-1,-1,-1,4,5,4,6,4,-1,6,-1,-1,-1,-1,198,"social behavior, society",Sociology
Art,2,5,5,-1,-1,-1,-1,-1,-1,-1,-1,5,5,4,5,5,-1,-1,-1,5,-1,-1,189,"history preservation, culture",Museum and Heritage Studies
Art,1,6,6,-1,-1,-1,-1,-1,-1,-1,-1,5,4,4,6,4,-1,-1,4,-1,-1,-1,204,"Creative software, drawing tablets",Digital Art
Art,2,6,4,-1,-1,-1,-1,-1,-1,-1,-1,6,4,6,5,5,6,-1,-1,-1,-1,-1,145,"art technology, Creative software",Digital Art
Commercial,4,4,4,-1,-1,-1,-1,-1,-1,-1,-1,4,4,-1,5,-1,-1,-1,-1,-1,6,5,248,"bookkeeping, financial records",Accounting
Science,4,6,5,6,6,1,-1,6,-1,-1,-1,-1,-1,-1,-1,-1,-1,-1,-1,-1,-1,-1,280,"business IT, systems",Information Systems
Science,4,4,6,5,5,1,5,6,-1,-1,-1,-1,-1,-1,-1,-1,-1,-1,-1,-1,-1,-1,220,"structures, buildings",Civil Engineering
Science,4,6,4,6,5,1,5,5,-1,-1,-1,-1,-1,-1,-1,-1,-1,-1,-1,-1,-1,-1,260,"AutoCad, drawing",Architecture
Science,4,4,5,4,5,4,-1,4,4,-1,-1,-1,-1,-1,-1,-1,-1,-1,-1,-1,-1,-1,295,"human body, medical science",Anatomy
Science,4,5,5,1,4,6,-1,4,4,-1,-1,-1,-1,-1,-1,-1,-1,-1,-1,-1,-1,-1,288,"health diet, food",Nutrition and Dietetics
Science,4,6,5,5,4,6,-1,4,6,-1,-1,-1,-1,-1,-1,-1,-1,-1,-1,-1,-1,-1,273,"modeling, computation",Applied Mathematics
Science,6,6,5,5,5,4,-1,4,-1,-1,6,-1,-1,-1,-1,-1,-1,-1,-1,-1,-1,-1,228,"earth structure, seismology",Geophysics
Science,4,6,4,5,6,4,-1,3,-1,4,-1,-1,-1,-1,-1,-1,-1,-1,-1,-1,-1,-1,315,"fruit production, flower cultivation",Horticulture
Art,4,5,4,-1,-1,-1,-1,-1,-1,-1,-1,5,5,5,6,6,-1,5,-1,-1,-1,-1,161,"human rights, justice",Law
Art,3,4,6,-1,-1,-1,-1,-1,-1,-1,-1,4,6,4,6,6,-1,-1,-1,4,-1,-1,216,"customer service, tour guiding",Tourism and Hospitality
Art,3,4,5,-1,-1,-1,-1,-1,-1,-1,-1,5,4,5,4,4,-1,-1,6,-1,-1,-1,162,"clothing, drawing outfits",Fashion Design
Art,1,5,4,-1,-1,-1,-1,-1,-1,-1,-1,5,6,6,4,4,6,-1,-1,-1,-1,-1,158,"clothing, fashion trends",Fashion Design
Commercial,6,5,5,-1,-1,-1,-1,-1,-1,-1,-1,5,6,-1,6,-1,-1,-1,-1,-1,5,6,300,"innovation, business oppurtunities",Entrepreneurship
Science,6,4,5,5,4,3,-1,6,-1,-1,-1,-1,-1,-1,-1,-1,-1,-1,-1,-1,-1,-1,242,"analysis, data",Data Science
Science,5,6,6,6,4,3,4,6,-1,-1,-1,-1,-1,-1,-1,-1,-1,-1,-1,-1,-1,-1,278,"automobiles, cars",Automotive Engineering
Science,6,6,4,5,6,3,6,5,-1,-1,-1,-1,-1,-1,-1,-1,-1,-1,-1,-1,-1,-1,285,"design, AutoCad",Architecture
Science,5,4,6,5,5,5,-1,5,5,-1,-1,-1,-1,-1,-1,-1,-1,-1,-1,-1,-1,-1,250,"teeth, dental care",Dentistry
Science,5,4,4,3,5,6,-1,6,6,-1,-1,-1,-1,-1,-1,-1,-1,-1,-1,-1,-1,-1,291,"community health, disease prevention",Public Health
Science,6,5,4,4,4,5,-1,4,6,-1,-1,-1,-1,-1,-1,-1,-1,-1,-1,-1,-1,-1,295,"lab work, biological molecules",Biochemistry
Science,6,4,6,6,6,5,-1,5,-1,-1,5,-1,-1,-1,-1,-1,-1,-1,-1,-1,-1,-1,315,"oceans, marine life",Marine Science
Science,6,5,4,4,6,4,-1,2,-1,4,-1,-1,-1,-1,-1,-1,-1,-1,-1,-1,-1,-1,247,"farmer education, rural advisory services",Agricultural Extension
Art,5,6,5,-1,-1,-1,-1,-1,-1,-1,-1,5,4,4,6,5,-1,6,-1,-1,-1,-1,194,"debate, justice",Law
Art,3,4,5,-1,-1,-1,-1,-1,-1,-1,-1,5,4,6,5,5,-1,-1,-1,4,-1,-1,203,"data gathering, analysis",Research and Policy Analysis
Art,1,4,6,-1,-1,-1,-1,-1,-1,-1,-1,4,4,6,6,5,-1,-1,5,-1,-1,-1,169,"drawing outfits, textiles",Fashion Design
Art,2,5,5,-1,-1,-1,-1,-1,-1,-1,-1,5,5,5,5,5,5,-1,-1,-1,-1,-1,218,"fashion trends, drawing outfits",Fashion Design
Commercial,5,4,4,-1,-1,-1,-1,-1,-1,-1,-1,4,4,-1,4,-1,-1,-1,-1,-1,4,4,236,"statistics, data modelling",Actuarial Science
Science,4,4,4,6,6,2,-1,5,-1,-1,-1,-1,-1,-1,-1,-1,-1,-1,-1,-1,-1,-1,210,"network protection, security",Cyber Security
Science,4,4,4,6,6,1,4,4,-1,-1,-1,-1,-1,-1,-1,-1,-1,-1,-1,-1,-1,-1,280,"flight, aircraft",Aerospace Engineering
Science,4,5,4,5,5,1,5,6,-1,-1,-1,-1,-1,-1,-1,-1,-1,-1,-1,-1,-1,-1,223,"cost analysis, project budgeting",Quantity Surveying
Science,4,6,6,6,4,4,-1,5,4,-1,-1,-1,-1,-1,-1,-1,-1,-1,-1,-1,-1,-1,256,"hospital, care",Nursing
Science,4,6,4,1,4,6,-1,6,4,-1,-1,-1,-1,-1,-1,-1,-1,-1,-1,-1,-1,-1,294,"health diet, food",Nutrition and Dietetics
Science,5,4,6,5,4,6,-1,6,6,-1,-1,-1,-1,-1,-1,-1,-1,-1,-1,-1,-1,-1,252,"laboratory, reactions",Chemistry
Science,4,4,5,5,6,6,-1,6,-1,-1,5,-1,-1,-1,-1,-1,-1,-1,-1,-1,-1,-1,306,"oceans, marine life",Marine Science
Science,4,4,6,5,6,6,-1,2,-1,5,-1,-1,-1,-1,-1,-1,-1,-1,-1,-1,-1,-1,276,"wildlife management, forest conservation",Forestry
Art,6,4,4,-1,-1,-1,-1,-1,-1,-1,-1,6,5,6,5,4,-1,4,-1,-1,-1,-1,190,"forensic studies, criminal justice",Criminology
Art,2,6,6,-1,-1,-1,-1,-1,-1,-1,-1,4,6,4,6,5,-1,-1,-1,6,-1,-1,189,"ancient civilization, research",Archaeology
Art,1,6,4,-1,-1,-1,-1,-1,-1,-1,-1,6,4,5,4,5,-1,-1,4,-1,-1,-1,168,"user experience, mobile apps",UI/UX Design
Art,2,5,6,-1,-1,-1,-1,-1,-1,-1,-1,6,5,4,6,6,4,-1,-1,-1,-1,-1,189,"user experience, digital products",UI/UX Design
Commercial,4,5,6,-1,-1,-1,-1,-1,-1,-1,-1,4,5,-1,5,-1,-1,-1,-1,-1,4,4,248,"office administration, leadership",Business Administration
Science,6,4,6,4,5,2,-1,6,-1,-1,-1,-1,-1,-1,-1,-1,-1,-1,-1,-1,-1,-1,270,"development, apps",Software Engineering
Science,4,5,5,6,4,1,4,6,-1,-1,-1,-1,-1,-1,-1,-1,-1,-1,-1,-1,-1,-1,262,"marine systems, ocean",Marine Engineering
Science,4,6,6,4,4,3,4,5,-1,-1,-1,-1,-1,-1,-1,-1,-1,-1,-1,-1,-1,-1,255,"transport systems, community planning",Urban and Regional Planning
Science,6,5,5,6,6,6,-1,4,5,-1,-1,-1,-1,-1,-1,-1,-1,-1,-1,-1,-1,-1,317,"laboratory, testing",Medical Laboratory Science
Science,5,6,5,3,5,6,-1,4,4,-1,-1,-1,-1,-1,-1,-1,-1,-1,-1,-1,-1,-1,248,"disease prevention, community health",Public Health
Science,4,5,5,5,6,5,-1,4,5,-1,-1,-1,-1,-1,-1,-1,-1,-1,-1,-1,-1,-1,274,"industry, chemical production",Industrial Chemistry
Science,6,4,5,5,4,4,-1,6,-1,-1,4,-1,-1,-1,-1,-1,-1,-1,-1,-1,-1,-1,300,"climate, environment",Environmental Science
Science,5,5,4,6,5,6,-1,2,-1,5,-1,-1,-1,-1,-1,-1,-1,-1,-1,-1,-1,-1,248,"aquatic life, pond management",Fisheries and Aquaculture
Art,4,4,5,-1,-1,-1,-1,-1,-1,-1,-1,6,6,4,5,5,-1,4,-1,-1,-1,-1,217,"policy making, public serving",Public Administration
Art,2,6,5,-1,-1,-1,-1,-1,-1,-1,-1,4,4,6,4,6,-1,-1,-1,4,-1,-1,181,"travel, culture",Tourism and Hospitality
Art,3,4,4,-1,-1,-1,-1,-1,-1,-1,-1,4,6,6,4,5,-1,-1,6,-1,-1,-1,163,"storytelling, 3d animation",Animation
Art,3,4,6,-1,-1,-1,-1,-1,-1,-1,-1,6,6,4,5,4,6,-1,-1,-1,-1,-1,177,"motion graphics, storytelling",Animation
Commercial,6,6,5,-1,-1,-1,-1,-1,-1,-1,-1,4,5,-1,4,-1,-1,-1,-1,-1,4,4,290,"business oppurtunities, problem solving",Entrepreneurship
Science,4,4,4,6,4,2,-1,6,-1,-1,-1,-1,-1,-1,-1,-1,-1,-1,-1,-1,-1,-1,245,"business IT, systems",Information Systems
Science,6,4,5,4,5,3,6,6,-1,-1,-1,-1,-1,-1,-1,-1,-1,-1,-1,-1,-1,-1,265,"medical devices, health technology",Biomedical Engineering
Science,6,5,6,4,4,1,6,4,-1,-1,-1,-1,-1,-1,-1,-1,-1,-1,-1,-1,-1,-1,231,"cost analysis, construction costs",Quantity Surveying
Science,6,4,4,5,4,6,-1,5,5,-1,-1,-1,-1,-1,-1,-1,-1,-1,-1,-1,-1,-1,303,"diagnosis, laboratory",Medical Laboratory Science
Science,5,5,4,2,4,4,-1,4,4,-1,-1,-1,-1,-1,-1,-1,-1,-1,-1,-1,-1,-1,260,"community health, disease prevention",Public Health
Science,6,5,6,4,4,5,-1,6,4,-1,-1,-1,-1,-1,-1,-1,-1,-1,-1,-1,-1,-1,244,"modeling, computation",Applied Mathematics
Science,6,6,6,4,6,4,-1,4,-1,-1,5,-1,-1,-1,-1,-1,-1,-1,-1,-1,-1,-1,220,"oceans, marine life",Marine Science
Science,5,6,6,5,6,5,-1,2,-1,5,-1,-1,-1,-1,-1,-1,-1,-1,-1,-1,-1,-1,267,"market analysis, rural development",Agricultural Economics
Art,5,4,6,-1,-1,-1,-1,-1,-1,-1,-1,4,4,6,6,4,-1,5,-1,-1,-1,-1,225,"justice, debate",Law
Art,1,5,6,-1,-1,-1,-1,-1,-1,-1,-1,5,5,6,4,4,-1,-1,-1,6,-1,-1,232,"culture, tourism",Museum and Heritage Studies
Art,2,4,5,-1,-1,-1,-1,-1,-1,-1,-1,6,5,6,6,4,-1,-1,5,-1,-1,-1,198,"3d animation, cartoons",Animation
Art,2,6,5,-1,-1,-1,-1,-1,-1,-1,-1,4,6,4,4,5,4,-1,-1,-1,-1,-1,185,"3d animation, storytelling",Animation
Commercial,6,6,4,-1,-1,-1,-1,-1,-1,-1,-1,4,5,-1,6,-1,-1,-1,-1,-1,4,5,329,"problem solving, business startup",Entrepreneurship
Science,6,6,4,6,5,1,-1,5,-1,-1,-1,-1,-1,-1,-1,-1,-1,-1,-1,-1,-1,-1,238,"AI, machine learning",Artificial Intelligence
Science,5,4,5,5,6,3,6,5,-1,-1,-1,-1,-1,-1,-1,-1,-1,-1,-1,-1,-1,-1,251,"circuits, power systems",Electrical Engineering
Science,6,5,4,4,6,2,4,6,-1,-1,-1,-1,-1,-1,-1,-1,-1,-1,-1,-1,-1,-1,255,"AutoCad, buildings",Architecture
Science,4,6,4,4,4,5,-1,6,6,-1,-1,-1,-1,-1,-1,-1,-1,-1,-1,-1,-1,-1,264,"rehabilitation, therapy",Physiotherapy
Science,6,6,4,3,4,5,-1,6,4,-1,-1,-1,-1,-1,-1,-1,-1,-1,-1,-1,-1,-1,222,"health diet, food",Nutrition and Dietetics
Science,4,4,6,6,5,4,-1,5,5,-1,-1,-1,-1,-1,-1,-1,-1,-1,-1,-1,-1,-1,223,"experiments, motion",Physics
Science,5,4,6,5,4,5,-1,6,-1,-1,4,-1,-1,-1,-1,-1,-1,-1,-1,-1,-1,-1,294,"climate, environment",Environmental Science
Science,4,4,5,5,4,6,-1,1,-1,4,-1,-1,-1,-1,-1,-1,-1,-1,-1,-1,-1,-1,264,"agribusiness, farm management",Agricultural Economics
Art,4,6,6,-1,-1,-1,-1,-1,-1,-1,-1,5,6,5,5,5,-1,6,-1,-1,-1,-1,167,"social behavior, community development",Sociology
Art,2,5,5,-1,-1,-1,-1,-1,-1,-1,-1,6,5,4,5,4,-1,-1,-1,5,-1,-1,184,"problem solving, research",Research and Policy Analysis
Art,2,4,4,-1,-1,-1,-1,-1,-1,-1,-1,4,6,5,6,6,-1,-1,5,-1,-1,-1,207,"creative visuals, portraits",Photography
Art,3,6,5,-1,-1,-1,-1,-1,-1,-1,-1,5,4,6,5,5,4,-1,-1,-1,-1,-1,162,"editing photos, creative visuals",Photography
Commercial,4,5,5,-1,-1,-1,-1,-1,-1,-1,-1,5,6,-1,4,-1,-1,-1,-1,-1,6,4,286,"leadership, office administration",Business Administration
Science,4,5,6,6,6,3,-1,5,-1,-1,-1,-1,-1,-1,-1,-1,-1,-1,-1,-1,-1,-1,278,"business IT, systems",Information Systems
Science,5,6,5,4,4,1,4,6,-1,-1,-1,-1,-1,-1,-1,-1,-1,-1,-1,-1,-1,-1,234,"engines, machines",Mechanical Engineering
Science,4,4,5,5,4,1,5,5,-1,-1,-1,-1,-1,-1,-1,-1,-1,-1,-1,-1,-1,-1,281,"real estate, property management",Estate Management
Science,5,5,4,6,5,6,-1,5,6,-1,-1,-1,-1,-1,-1,-1,-1,-1,-1,-1,-1,-1,320,"teeth, dental care",Dentistry
Science,6,5,5,2,4,6,-1,6,6,-1,-1,-1,-1,-1,-1,-1,-1,-1,-1,-1,-1,-1,269,"food, health diet",Nutrition and Dietetics
Science,5,6,6,5,4,6,-1,5,6,-1,-1,-1,-1,-1,-1,-1,-1,-1,-1,-1,-1,-1,258,"modeling, computation",Applied Mathematics
Science,5,6,4,6,4,4,-1,4,-1,-1,5,-1,-1,-1,-1,-1,-1,-1,-1,-1,-1,-1,221,"seismology, earth structure",Geophysics
Science,6,4,4,4,5,4,-1,1,-1,4,-1,-1,-1,-1,-1,-1,-1,-1,-1,-1,-1,-1,285,"land management, soil testing",Soil Science
Art,4,6,6,-1,-1,-1,-1,-1,-1,-1,-1,6,6,4,5,4,-1,6,-1,-1,-1,-1,219,"media, news reporting",Journalism and Media Studies
Art,2,6,6,-1,-1,-1,-1,-1,-1,-1,-1,6,4,6,6,5,-1,-1,-1,4,-1,-1,216,"analysis, research",Research and Policy Analysis
Art,2,6,6,-1,-1,-1,-1,-1,-1,-1,-1,6,5,5,5,6,-1,-1,4,-1,-1,-1,195,"cartoons, motion graphics",Animation
Art,2,5,6,-1,-1,-1,-1,-1,-1,-1,-1,6,6,4,6,5,6,-1,-1,-1,-1,-1,208,"3d animation, motion graphics",Animation
Commercial,6,5,4,-1,-1,-1,-1,-1,-1,-1,-1,5,5,-1,4,-1,-1,-1,-1,-1,5,4,310,"risk management, claims processing",Insurance
Science,4,4,6,6,6,1,-1,4,-1,-1,-1,-1,-1,-1,-1,-1,-1,-1,-1,-1,-1,-1,252,"IT systems, computers",Information Technology
Science,4,5,4,5,4,3,5,4,-1,-1,-1,-1,-1,-1,-1,-1,-1,-1,-1,-1,-1,-1,277,"structures, construction",Civil Engineering
Science,5,6,5,6,5,3,5,4,-1,-1,-1,-1,-1,-1,-1,-1,-1,-1,-1,-1,-1,-1,282,"building estimation, project budgeting",Quantity Surveying
Science,5,5,5,4,5,4,-1,6,5,-1,-1,-1,-1,-1,-1,-1,-1,-1,-1,-1,-1,-1,260,"medical imaging, x_ray",Radiography
Science,5,5,5,2,6,4,-1,5,5,-1,-1,-1,-1,-1,-1,-1,-1,-1,-1,-1,-1,-1,239,"community health, disease prevention",Public Health
Science,4,6,6,5,4,4,-1,5,4,-1,-1,-1,-1,-1,-1,-1,-1,-1,-1,-1,-1,-1,231,"technology, research",Applied Physics
Science,5,5,5,5,4,5,-1,6,-1,-1,5,-1,-1,-1,-1,-1,-1,-1,-1,-1,-1,-1,295,"marine life, oceans",Marine Science
Science,6,5,6,5,4,5,-1,3,-1,5,-1,-1,-1,-1,-1,-1,-1,-1,-1,-1,-1,-1,236,"farming, food production",Agricultural Science
Art,4,4,5,-1,-1,-1,-1,-1,-1,-1,-1,5,5,5,6,6,-1,6,-1,-1,-1,-1,210,"global affairs, politics",International Relations
Art,2,6,5,-1,-1,-1,-1,-1,-1,-1,-1,5,5,5,5,5,-1,-1,-1,6,-1,-1,179,"data gathering, problem solving",Research and Policy Analysis
Art,3,4,5,-1,-1,-1,-1,-1,-1,-1,-1,5,6,5,5,4,-1,-1,6,-1,-1,-1,190,"branding, design",Graphics Design
Art,3,4,6,-1,-1,-1,-1,-1,-1,-1,-1,6,4,5,4,5,4,-1,-1,-1,-1,-1,158,"design, posters",Graphics Design
Commercial,5,6,6,-1,-1,-1,-1,-1,-1,-1,-1,4,5,-1,5,-1,-1,-1,-1,-1,4,4,331,"tax laws, financial compliance",Taxation
Science,5,4,5,4,6,1,-1,5,-1,-1,-1,-1,-1,-1,-1,-1,-1,-1,-1,-1,-1,-1,230,"internet, communication systems",Network Engineering
Science,4,4,4,6,5,2,6,5,-1,-1,-1,-1,-1,-1,-1,-1,-1,-1,-1,-1,-1,-1,235,"systems, automation",Mechatronics Engineering
Science,5,6,6,6,5,2,6,4,-1,-1,-1,-1,-1,-1,-1,-1,-1,-1,-1,-1,-1,-1,255,"land valuation, property management",Estate Management
Science,6,6,4,4,6,5,-1,5,5,-1,-1,-1,-1,-1,-1,-1,-1,-1,-1,-1,-1,-1,255,"patients, care",Nursing
Science,4,5,5,3,6,4,-1,4,6,-1,-1,-1,-1,-1,-1,-1,-1,-1,-1,-1,-1,-1,293,"health diet, food",Nutrition and Dietetics
Science,4,4,4,4,4,5,-1,4,6,-1,-1,-1,-1,-1,-1,-1,-1,-1,-1,-1,-1,-1,316,"modeling, computation",Applied Mathematics
Science,5,5,4,6,5,6,-1,6,-1,-1,5,-1,-1,-1,-1,-1,-1,-1,-1,-1,-1,-1,303,"climate, environment",Environmental Science
Science,4,4,4,4,6,4,-1,2,-1,6,-1,-1,-1,-1,-1,-1,-1,-1,-1,-1,-1,-1,243,"fruit production, landscaping",Horticulture
Art,6,4,4,-1,-1,-1,-1,-1,-1,-1,-1,5,4,5,5,4,-1,4,-1,-1,-1,-1,223,"human behaviour, emotional wellbeing",Psychology
Art,1,4,5,-1,-1,-1,-1,-1,-1,-1,-1,5,5,4,6,6,-1,-1,-1,4,-1,-1,224,"libraries, record keeping",Archival Studies
Art,3,4,6,-1,-1,-1,-1,-1,-1,-1,-1,5,5,6,4,6,-1,-1,6,-1,-1,-1,202,"furniture, room decoration",Interior Design
Art,3,5,6,-1,-1,-1,-1,-1,-1,-1,-1,6,5,6,5,6,6,-1,-1,-1,-1,-1,178,"home aesthetics, room decoration",Interior Design
Commercial,5,5,5,-1,-1,-1,-1,-1,-1,-1,-1,6,5,-1,4,-1,-1,-1,-1,-1,6,5,329,"staff management, workplace development",Human Resource Management
Science,6,5,4,4,5,3,-1,4,-1,-1,-1,-1,-1,-1,-1,-1,-1,-1,-1,-1,-1,-1,232,"coding, software",Computer Science
Science,4,6,6,5,4,3,5,5,-1,-1,-1,-1,-1,-1,-1,-1,-1,-1,-1,-1,-1,-1,290,"aircraft, space",Aerospace Engineering
Science,5,4,6,5,6,3,6,4,-1,-1,-1,-1,-1,-1,-1,-1,-1,-1,-1,-1,-1,-1,254,"transport systems, city development",Urban and Regional Planning
Science,4,5,6,5,5,5,-1,4,6,-1,-1,-1,-1,-1,-1,-1,-1,-1,-1,-1,-1,-1,292,"animals, veterinary care",Veterinary Medicine
Science,6,6,5,1,4,5,-1,4,6,-1,-1,-1,-1,-1,-1,-1,-1,-1,-1,-1,-1,-1,239,"health diet, food",Nutrition and Dietetics
Science,6,4,5,5,6,5,-1,6,6,-1,-1,-1,-1,-1,-1,-1,-1,-1,-1,-1,-1,-1,275,"chemical production, industry",Industrial Chemistry
Science,5,5,4,5,5,5,-1,6,-1,-1,6,-1,-1,-1,-1,-1,-1,-1,-1,-1,-1,-1,232,"weather, climate",Meteorology
Science,6,5,5,6,4,5,-1,3,-1,4,-1,-1,-1,-1,-1,-1,-1,-1,-1,-1,-1,-1,287,"community outreach, farmer education",Agricultural Extension
Art,5,5,5,-1,-1,-1,-1,-1,-1,-1,-1,5,6,6,5,5,-1,4,-1,-1,-1,-1,210,"global affairs, diplomacy",International Relations
Art,2,4,4,-1,-1,-1,-1,-1,-1,-1,-1,4,4,5,5,4,-1,-1,-1,4,-1,-1,220,"research, historical artifacts",Archaeology
Art,1,6,5,-1,-1,-1,-1,-1,-1,-1,-1,5,6,6,4,5,-1,-1,6,-1,-1,-1,218,"3d animation, cartoons",Animation
Art,1,5,4,-1,-1,-1,-1,-1,-1,-1,-1,6,5,4,6,6,6,-1,-1,-1,-1,-1,166,"3d animation, storytelling",Animation
Commercial,6,6,6,-1,-1,-1,-1,-1,-1,-1,-1,4,5,-1,4,-1,-1,-1,-1,-1,5,6,244,"leadership, organizational planning",Business Administration
Science,4,5,6,4,5,3,-1,4,-1,-1,-1,-1,-1,-1,-1,-1,-1,-1,-1,-1,-1,-1,227,"data, analysis",Data Science
Science,4,6,4,5,4,2,5,4,-1,-1,-1,-1,-1,-1,-1,-1,-1,-1,-1,-1,-1,-1,241,"cars, engines",Automotive Engineering
Science,5,5,5,4,4,2,5,4,-1,-1,-1,-1,-1,-1,-1,-1,-1,-1,-1,-1,-1,-1,254,"project budgeting, construction costs",Quantity Surveying
Science,5,5,4,5,5,5,-1,4,4,-1,-1,-1,-1,-1,-1,-1,-1,-1,-1,-1,-1,-1,251,"laboratory, diagnosis",Medical Laboratory Science
Science,5,5,4,2,5,6,-1,4,4,-1,-1,-1,-1,-1,-1,-1,-1,-1,-1,-1,-1,-1,248,"disease prevention, community health",Public Health
Science,6,4,6,6,4,6,-1,5,6,-1,-1,-1,-1,-1,-1,-1,-1,-1,-1,-1,-1,-1,274,"biological molecules, lab work",Biochemistry
Science,6,4,5,4,4,5,-1,5,-1,-1,4,-1,-1,-1,-1,-1,-1,-1,-1,-1,-1,-1,320,"marine life, oceans",Marine Science
Science,4,6,5,4,6,6,-1,3,-1,5,-1,-1,-1,-1,-1,-1,-1,-1,-1,-1,-1,-1,300,"crop cultivation, farming",Agricultural Science
Art,5,4,5,-1,-1,-1,-1,-1,-1,-1,-1,5,6,5,5,6,-1,6,-1,-1,-1,-1,217,"human rights, debate",Law
Art,2,4,5,-1,-1,-1,-1,-1,-1,-1,-1,4,5,6,4,4,-1,-1,-1,4,-1,-1,221,"tour guiding, customer service",Tourism and Hospitality
Art,1,6,6,-1,-1,-1,-1,-1,-1,-1,-1,4,6,5,5,4,-1,-1,5,-1,-1,-1,210,"Creative software, digital painting",Digital Art
Art,1,6,4,-1,-1,-1,-1,-1,-1,-1,-1,5,6,5,6,6,4,-1,-1,-1,-1,-1,165,"drawing tablets, digital painting",Digital Art
Commercial,5,6,6,-1,-1,-1,-1,-1,-1,-1,-1,6,5,-1,5,-1,-1,-1,-1,-1,6,5,333,"planning, planning",Project Management
Science,4,5,4,4,6,3,-1,5,-1,-1,-1,-1,-1,-1,-1,-1,-1,-1,-1,-1,-1,-1,235,"coding, programming",Computer Science
Science,5,4,5,5,6,1,4,4,-1,-1,-1,-1,-1,-1,-1,-1,-1,-1,-1,-1,-1,-1,227,"systems, automation",Mechatronics Engineering
Science,4,5,6,5,5,1,5,6,-1,-1,-1,-1,-1,-1,-1,-1,-1,-1,-1,-1,-1,-1,224,"design, buildings",Architecture
Science,4,4,5,5,4,6,-1,6,6,-1,-1,-1,-1,-1,-1,-1,-1,-1,-1,-1,-1,-1,293,"imaging, diagnosis",Radiology
Science,4,4,6,2,6,4,-1,6,6,-1,-1,-1,-1,-1,-1,-1,-1,-1,-1,-1,-1,-1,248,"community health, disease prevention",Public Health
Science,5,4,4,5,6,5,-1,4,5,-1,-1,-1,-1,-1,-1,-1,-1,-1,-1,-1,-1,-1,239,"bioengineering, genetics",Biotechnology
Science,6,6,5,4,6,4,-1,6,-1,-1,4,-1,-1,-1,-1,-1,-1,-1,-1,-1,-1,-1,261,"marine life, oceans",Marine Science
Science,6,5,4,5,4,6,-1,3,-1,4,-1,-1,-1,-1,-1,-1,-1,-1,-1,-1,-1,-1,256,"farming, crop cultivation",Agricultural Science
Art,6,6,6,-1,-1,-1,-1,-1,-1,-1,-1,6,6,6,6,4,-1,4,-1,-1,-1,-1,220,"social justice, community service",Human Rights and Advocacy
Art,2,6,5,-1,-1,-1,-1,-1,-1,-1,-1,6,5,6,4,5,-1,-1,-1,5,-1,-1,238,"data gathering, research",Research and Policy Analysis
Art,3,4,6,-1,-1,-1,-1,-1,-1,-1,-1,5,4,5,5,4,-1,-1,4,-1,-1,-1,174,"digital products, mobile apps",UI/UX Design
Art,1,6,5,-1,-1,-1,-1,-1,-1,-1,-1,5,4,6,5,6,5,-1,-1,-1,-1,-1,205,"mobile apps, digital products",UI/UX Design
Commercial,4,6,5,-1,-1,-1,-1,-1,-1,-1,-1,5,6,-1,6,-1,-1,-1,-1,-1,5,6,312,"insurance mathematics, risk analysis",Actuarial Science
Science,4,6,6,6,4,2,-1,4,-1,-1,-1,-1,-1,-1,-1,-1,-1,-1,-1,-1,-1,-1,252,"systems, business IT",Information Systems
Science,5,5,6,4,5,1,6,4,-1,-1,-1,-1,-1,-1,-1,-1,-1,-1,-1,-1,-1,-1,220,"marine systems, ships",Marine Engineering
Science,6,4,5,6,4,1,6,5,-1,-1,-1,-1,-1,-1,-1,-1,-1,-1,-1,-1,-1,-1,250,"design, buildings",Architecture
Science,4,5,4,6,5,5,-1,6,4,-1,-1,-1,-1,-1,-1,-1,-1,-1,-1,-1,-1,-1,306,"hospital, patients",Nursing
Science,4,5,6,3,5,4,-1,6,4,-1,-1,-1,-1,-1,-1,-1,-1,-1,-1,-1,-1,-1,221,"disease prevention, community health",Public Health
Science,5,4,6,5,5,6,-1,6,4,-1,-1,-1,-1,-1,-1,-1,-1,-1,-1,-1,-1,-1,247,"motion, energy",Physics
Science,5,4,6,6,6,6,-1,5,-1,-1,4,-1,-1,-1,-1,-1,-1,-1,-1,-1,-1,-1,242,"climate, weather",Meteorology
Science,5,5,6,4,4,5,-1,1,-1,4,-1,-1,-1,-1,-1,-1,-1,-1,-1,-1,-1,-1,283,"harvesting, plant breeding",Crop Science
Art,5,4,6,-1,-1,-1,-1,-1,-1,-1,-1,4,4,4,4,5,-1,4,-1,-1,-1,-1,200,"administration, public serving",Public Administration
Art,3,4,6,-1,-1,-1,-1,-1,-1,-1,-1,4,4,6,4,6,-1,-1,-1,5,-1,-1,178,"travel, culture",Tourism and Hospitality
Art,2,5,5,-1,-1,-1,-1,-1,-1,-1,-1,5,5,6,5,6,-1,-1,5,-1,-1,-1,212,"taking pictures, editing photos",Photography
Art,3,5,5,-1,-1,-1,-1,-1,-1,-1,-1,6,6,5,5,5,4,-1,-1,-1,-1,-1,178,"taking pictures, portraits",Photography
Commercial,4,4,4,-1,-1,-1,-1,-1,-1,-1,-1,5,6,-1,6,-1,-1,-1,-1,-1,4,5,265,"business management, leadership",Business Administration
Science,5,4,5,5,4,3,-1,4,-1,-1,-1,-1,-1,-1,-1,-1,-1,-1,-1,-1,-1,-1,210,"data, statistics",Data Science
Science,4,5,6,4,6,1,5,5,-1,-1,-1,-1,-1,-1,-1,-1,-1,-1,-1,-1,-1,-1,281,"health technology, medical devices",Biomedical Engineering
Science,5,6,5,4,6,3,6,6,-1,-1,-1,-1,-1,-1,-1,-1,-1,-1,-1,-1,-1,-1,256,"spatial data, mapping",Surveying and Geoinformatics
Science,4,5,6,4,4,6,-1,4,6,-1,-1,-1,-1,-1,-1,-1,-1,-1,-1,-1,-1,-1,265,"eyes, vision",Optometry
Science,6,6,5,3,4,6,-1,6,4,-1,-1,-1,-1,-1,-1,-1,-1,-1,-1,-1,-1,-1,221,"health diet, food",Nutrition and Dietetics
Science,6,6,4,4,5,6,-1,4,6,-1,-1,-1,-1,-1,-1,-1,-1,-1,-1,-1,-1,-1,258,"laboratory, reactions",Chemistry
Science,4,5,4,5,4,5,-1,5,-1,-1,6,-1,-1,-1,-1,-1,-1,-1,-1,-1,-1,-1,270,"environment, climate",Environmental Science
Science,5,5,4,6,6,4,-1,2,-1,6,-1,-1,-1,-1,-1,-1,-1,-1,-1,-1,-1,-1,310,"farming, food production",Agricultural Science
Art,5,6,6,-1,-1,-1,-1,-1,-1,-1,-1,4,5,4,5,5,-1,5,-1,-1,-1,-1,216,"crime investigation, forensic studies",Criminology
Art,1,6,4,-1,-1,-1,-1,-1,-1,-1,-1,6,6,5,6,6,-1,-1,-1,4,-1,-1,198,"data gathering, research",Research and Policy Analysis
Art,1,4,4,-1,-1,-1,-1,-1,-1,-1,-1,5,4,4,6,4,-1,-1,6,-1,-1,-1,197,"video effects, creative editing",Motion Graphics
Art,1,6,4,-1,-1,-1,-1,-1,-1,-1,-1,6,5,5,6,4,6,-1,-1,-1,-1,-1,147,"creative editing, animation",Motion Graphics
Commercial,6,5,5,-1,-1,-1,-1,-1,-1,-1,-1,5,4,-1,6,-1,-1,-1,-1,-1,6,4,303,"financial records, financial analysis",Accounting
Science,4,4,6,6,6,3,-1,4,-1,-1,-1,-1,-1,-1,-1,-1,-1,-1,-1,-1,-1,-1,235,"hardware, software integration",Computer Engineering
Science,6,6,4,6,6,2,4,4,-1,-1,-1,-1,-1,-1,-1,-1,-1,-1,-1,-1,-1,-1,229,"buildings, construction",Civil Engineering
Science,5,4,6,5,5,2,5,6,-1,-1,-1,-1,-1,-1,-1,-1,-1,-1,-1,-1,-1,-1,247,"AutoCad, design",Architecture
Science,6,5,6,6,4,6,-1,5,4,-1,-1,-1,-1,-1,-1,-1,-1,-1,-1,-1,-1,-1,265,"drugs, medication",Pharmacy
Science,5,6,5,3,4,4,-1,4,5,-1,-1,-1,-1,-1,-1,-1,-1,-1,-1,-1,-1,-1,242,"food, health diet",Nutrition and Dietetics
Science,6,5,6,4,6,6,-1,6,5,-1,-1,-1,-1,-1,-1,-1,-1,-1,-1,-1,-1,-1,227,"experiments, motion",Physics
Science,4,4,4,6,6,6,-1,5,-1,-1,4,-1,-1,-1,-1,-1,-1,-1,-1,-1,-1,-1,297,"weather, climate",Meteorology
Science,5,5,6,4,6,4,-1,3,-1,5,-1,-1,-1,-1,-1,-1,-1,-1,-1,-1,-1,-1,258,"crop production, plant breeding",Crop Science
Art,4,4,4,-1,-1,-1,-1,-1,-1,-1,-1,4,5,6,6,5,-1,4,-1,-1,-1,-1,196,"advocacy, debate",Law
Art,1,5,6,-1,-1,-1,-1,-1,-1,-1,-1,4,4,4,4,5,-1,-1,-1,4,-1,-1,189,"history preservation, culture",Museum and Heritage Studies
Art,1,5,4,-1,-1,-1,-1,-1,-1,-1,-1,4,5,5,6,5,-1,-1,6,-1,-1,-1,150,"cartoons, motion graphics",Animation
Art,2,5,6,-1,-1,-1,-1,-1,-1,-1,-1,5,6,6,4,5,5,-1,-1,-1,-1,-1,173,"storytelling, cartoons",Animation
Commercial,5,6,5,-1,-1,-1,-1,-1,-1,-1,-1,4,4,-1,4,-1,-1,-1,-1,-1,6,4,296,"projects, planning",Project Management
Science,4,5,5,5,4,2,-1,4,-1,-1,-1,-1,-1,-1,-1,-1,-1,-1,-1,-1,-1,-1,252,"IT systems, computers",Information Technology
Science,4,6,6,5,5,2,4,4,-1,-1,-1,-1,-1,-1,-1,-1,-1,-1,-1,-1,-1,-1,222,"optimization, production",Industrial Engineering
Science,5,5,4,5,6,1,4,6,-1,-1,-1,-1,-1,-1,-1,-1,-1,-1,-1,-1,-1,-1,229,"construction costs, project budgeting",Quantity Surveying
Science,6,4,6,5,6,6,-1,6,5,-1,-1,-1,-1,-1,-1,-1,-1,-1,-1,-1,-1,-1,316,"animals, veterinary care",Veterinary Medicine
Science,4,4,4,1,5,6,-1,6,6,-1,-1,-1,-1,-1,-1,-1,-1,-1,-1,-1,-1,-1,244,"disease prevention, community health",Public Health
Science,5,4,6,5,4,4,-1,6,5,-1,-1,-1,-1,-1,-1,-1,-1,-1,-1,-1,-1,-1,275,"microorganisms, research",Microbiology
Science,6,4,6,4,6,5,-1,5,-1,-1,5,-1,-1,-1,-1,-1,-1,-1,-1,-1,-1,-1,272,"climate, environment",Environmental Science
Science,6,6,6,5,5,4,-1,3,-1,6,-1,-1,-1,-1,-1,-1,-1,-1,-1,-1,-1,-1,313,"land management, soil testing",Soil Science
Art,5,5,6,-1,-1,-1,-1,-1,-1,-1,-1,6,5,4,4,6,-1,6,-1,-1,-1,-1,197,"criminal justice, law enforcement",Criminology
Art,1,4,5,-1,-1,-1,-1,-1,-1,-1,-1,6,6,6,6,5,-1,-1,-1,5,-1,-1,176,"culture, history preservation",Museum and Heritage Studies
Art,1,4,4,-1,-1,-1,-1,-1,-1,-1,-1,6,6,4,5,6,-1,-1,5,-1,-1,-1,141,"user experience, mobile apps",UI/UX Design
Art,2,4,4,-1,-1,-1,-1,-1,-1,-1,-1,6,6,4,4,5,4,-1,-1,-1,-1,-1,168,"mobile apps, user interface",UI/UX Design
Commercial,4,4,4,-1,-1,-1,-1,-1,-1,-1,-1,4,4,-1,6,-1,-1,-1,-1,-1,5,4,247,"planning, task management",Project Management
Science,4,5,6,6,5,3,-1,6,-1,-1,-1,-1,-1,-1,-1,-1,-1,-1,-1,-1,-1,-1,219,"systems, business IT",Information Systems
Science,5,4,4,6,5,1,4,4,-1,-1,-1,-1,-1,-1,-1,-1,-1,-1,-1,-1,-1,-1,229,"aircraft, flight",Aerospace Engineering
Science,4,5,5,5,5,3,6,4,-1,-1,-1,-1,-1,-1,-1,-1,-1,-1,-1,-1,-1,-1,287,"city development, community planning",Urban and Regional Planning
Science,5,6,4,4,4,5,-1,6,5,-1,-1,-1,-1,-1,-1,-1,-1,-1,-1,-1,-1,-1,252,"veterinary care, animals",Veterinary Medicine
Science,4,5,5,2,6,5,-1,5,6,-1,-1,-1,-1,-1,-1,-1,-1,-1,-1,-1,-1,-1,278,"community health, disease prevention",Public Health
Science,6,6,6,6,4,6,-1,6,4,-1,-1,-1,-1,-1,-1,-1,-1,-1,-1,-1,-1,-1,262,"modeling, computation",Applied Mathematics
Science,4,6,4,6,5,4,-1,4,-1,-1,5,-1,-1,-1,-1,-1,-1,-1,-1,-1,-1,-1,234,"climate, environment",Environmental Science
Science,6,4,4,5,5,4,-1,1,-1,4,-1,-1,-1,-1,-1,-1,-1,-1,-1,-1,-1,-1,271,"seafood production, pond management",Fisheries and Aquaculture
Art,5,6,4,-1,-1,-1,-1,-1,-1,-1,-1,6,6,4,5,6,-1,5,-1,-1,-1,-1,185,"counselling, emotional wellbeing",Psychology
Art,2,6,5,-1,-1,-1,-1,-1,-1,-1,-1,5,6,5,6,5,-1,-1,-1,6,-1,-1,214,"customer service, travel",Tourism and Hospitality
Art,3,4,6,-1,-1,-1,-1,-1,-1,-1,-1,4,4,4,5,6,-1,-1,5,-1,-1,-1,211,"animation, creative editing",Motion Graphics
Art,1,6,4,-1,-1,-1,-1,-1,-1,-1,-1,6,4,5,6,6,5,-1,-1,-1,-1,-1,191,"visual storytelling, creative editing",Motion Graphics
Commercial,4,5,6,-1,-1,-1,-1,-1,-1,-1,-1,4,5,-1,6,-1,-1,-1,-1,-1,5,4,305,"sales strategies, advertising",Marketing
Science,4,4,4,5,5,2,-1,5,-1,-1,-1,-1,-1,-1,-1,-1,-1,-1,-1,-1,-1,-1,234,"software integration, hardware",Computer Engineering
Science,4,6,6,4,4,1,5,5,-1,-1,-1,-1,-1,-1,-1,-1,-1,-1,-1,-1,-1,-1,278,"medical devices, health technology",Biomedical Engineering
Science,5,6,5,6,4,1,5,6,-1,-1,-1,-1,-1,-1,-1,-1,-1,-1,-1,-1,-1,-1,232,"transport systems, community planning",Urban and Regional Planning
Science,4,6,5,5,4,5,-1,4,5,-1,-1,-1,-1,-1,-1,-1,-1,-1,-1,-1,-1,-1,271,"diagnosis, imaging",Radiology
Science,4,5,5,3,4,4,-1,6,5,-1,-1,-1,-1,-1,-1,-1,-1,-1,-1,-1,-1,-1,230,"community health, disease prevention",Public Health
Science,4,4,6,5,4,5,-1,5,4,-1,-1,-1,-1,-1,-1,-1,-1,-1,-1,-1,-1,-1,284,"research, technology",Applied Physics
Science,4,4,4,4,5,4,-1,4,-1,-1,6,-1,-1,-1,-1,-1,-1,-1,-1,-1,-1,-1,286,"oceans, marine life",Marine Science
Science,5,6,4,5,4,5,-1,1,-1,6,-1,-1,-1,-1,-1,-1,-1,-1,-1,-1,-1,-1,232,"farm management, market analysis",Agricultural Economics
Art,6,4,5,-1,-1,-1,-1,-1,-1,-1,-1,5,5,6,4,5,-1,4,-1,-1,-1,-1,201,"society, social behavior",Sociology
Art,2,5,6,-1,-1,-1,-1,-1,-1,-1,-1,5,5,5,5,5,-1,-1,-1,6,-1,-1,205,"problem solving, analysis",Research and Policy Analysis
Art,1,4,6,-1,-1,-1,-1,-1,-1,-1,-1,6,5,4,5,6,-1,-1,6,-1,-1,-1,181,"portraits, creative visuals",Photography
Art,2,4,5,-1,-1,-1,-1,-1,-1,-1,-1,6,6,6,6,5,5,-1,-1,-1,-1,-1,142,"editing photos, taking pictures",Photography
Commercial,5,4,6,-1,-1,-1,-1,-1,-1,-1,-1,6,6,-1,5,-1,-1,-1,-1,-1,5,6,292,"financial records, auditing",Accounting
Science,4,6,5,4,4,2,-1,5,-1,-1,-1,-1,-1,-1,-1,-1,-1,-1,-1,-1,-1,-1,267,"business IT, systems",Information Systems
Science,4,5,4,6,5,1,4,4,-1,-1,-1,-1,-1,-1,-1,-1,-1,-1,-1,-1,-1,-1,280,"gas, drilling",Petroleum Engineering
Science,4,6,5,6,5,3,4,6,-1,-1,-1,-1,-1,-1,-1,-1,-1,-1,-1,-1,-1,-1,269,"building estimation, cost analysis",Quantity Surveying
Science,4,4,6,6,5,4,-1,5,6,-1,-1,-1,-1,-1,-1,-1,-1,-1,-1,-1,-1,-1,257,"diagnosis, laboratory",Medical Laboratory Science
Science,6,5,4,1,4,4,-1,5,6,-1,-1,-1,-1,-1,-1,-1,-1,-1,-1,-1,-1,-1,280,"health diet, food",Nutrition and Dietetics
Science,6,5,5,5,4,4,-1,4,5,-1,-1,-1,-1,-1,-1,-1,-1,-1,-1,-1,-1,-1,248,"genetics, bioengineering",Biotechnology
Science,6,6,5,6,6,5,-1,6,-1,-1,5,-1,-1,-1,-1,-1,-1,-1,-1,-1,-1,-1,286,"climate, environment",Environmental Science
Science,6,5,5,4,4,6,-1,2,-1,4,-1,-1,-1,-1,-1,-1,-1,-1,-1,-1,-1,-1,297,"animal breeding, livestock farming",Animal Science
Art,6,5,6,-1,-1,-1,-1,-1,-1,-1,-1,6,6,5,6,4,-1,4,-1,-1,-1,-1,218,"law enforcement, crime investigation",Criminology
Art,2,4,6,-1,-1,-1,-1,-1,-1,-1,-1,4,6,4,4,5,-1,-1,-1,6,-1,-1,219,"ancient civilization, research",Archaeology
Art,2,4,6,-1,-1,-1,-1,-1,-1,-1,-1,4,5,5,4,6,-1,-1,5,-1,-1,-1,196,"3d animation, cartoons",Animation
Art,1,5,4,-1,-1,-1,-1,-1,-1,-1,-1,4,5,6,6,5,6,-1,-1,-1,-1,-1,150,"cartoons, storytelling",Animation
Commercial,4,4,4,-1,-1,-1,-1,-1,-1,-1,-1,5,6,-1,6,-1,-1,-1,-1,-1,6,4,238,"policy analysis, financial protection",Insurance
Science,4,5,6,6,6,2,-1,4,-1,-1,-1,-1,-1,-1,-1,-1,-1,-1,-1,-1,-1,-1,234,"software, coding",Computer Science
Science,4,4,4,4,6,1,6,4,-1,-1,-1,-1,-1,-1,-1,-1,-1,-1,-1,-1,-1,-1,288,"automation, robots",Mechatronics Engineering
Science,4,4,4,6,4,2,5,6,-1,-1,-1,-1,-1,-1,-1,-1,-1,-1,-1,-1,-1,-1,288,"environmental planning, transport systems",Urban and Regional Planning
Science,5,4,6,5,5,6,-1,4,6,-1,-1,-1,-1,-1,-1,-1,-1,-1,-1,-1,-1,-1,299,"therapy, movement",Physiotherapy
Science,5,5,5,2,6,4,-1,5,6,-1,-1,-1,-1,-1,-1,-1,-1,-1,-1,-1,-1,-1,295,"food, health diet",Nutrition and Dietetics
Science,5,6,5,4,6,6,-1,6,5,-1,-1,-1,-1,-1,-1,-1,-1,-1,-1,-1,-1,-1,243,"research, technology",Applied Physics
Science,4,4,5,5,5,4,-1,5,-1,-1,5,-1,-1,-1,-1,-1,-1,-1,-1,-1,-1,-1,305,"rocks, earth science",Geology
Science,5,4,6,6,6,5,-1,3,-1,6,-1,-1,-1,-1,-1,-1,-1,-1,-1,-1,-1,-1,249,"agricultural technology, food production",Agricultural Science
Art,4,4,5,-1,-1,-1,-1,-1,-1,-1,-1,4,5,6,4,4,-1,5,-1,-1,-1,-1,198,"counselling, human behaviour",Psychology
Art,2,6,6,-1,-1,-1,-1,-1,-1,-1,-1,6,4,6,5,6,-1,-1,-1,6,-1,-1,190,"problem solving, research",Research and Policy Analysis
Art,3,4,6,-1,-1,-1,-1,-1,-1,-1,-1,5,4,5,4,4,-1,-1,4,-1,-1,-1,195,"mobile apps, digital products",UI/UX Design
Art,3,5,5,-1,-1,-1,-1,-1,-1,-1,-1,5,6,6,5,5,4,-1,-1,-1,-1,-1,141,"user experience, digital products",UI/UX Design
Commercial,5,5,6,-1,-1,-1,-1,-1,-1,-1,-1,4,6,-1,4,-1,-1,-1,-1,-1,5,5,231,"planning, planning",Project Management
Science,4,5,4,5,5,2,-1,5,-1,-1,-1,-1,-1,-1,-1,-1,-1,-1,-1,-1,-1,-1,268,"programming, software",Computer Science
Science,6,6,4,4,5,2,6,5,-1,-1,-1,-1,-1,-1,-1,-1,-1,-1,-1,-1,-1,-1,279,"marine systems, ocean",Marine Engineering
Science,4,6,5,4,4,3,5,6,-1,-1,-1,-1,-1,-1,-1,-1,-1,-1,-1,-1,-1,-1,240,"land measurement, mapping",Surveying and Geoinformatics
Science,4,6,4,6,6,6,-1,6,5,-1,-1,-1,-1,-1,-1,-1,-1,-1,-1,-1,-1,-1,287,"teeth, dental care",Dentistry
Science,6,6,6,1,6,6,-1,5,5,-1,-1,-1,-1,-1,-1,-1,-1,-1,-1,-1,-1,-1,232,"disease prevention, community health",Public Health
Science,4,5,6,6,5,5,-1,6,4,-1,-1,-1,-1,-1,-1,-1,-1,-1,-1,-1,-1,-1,238,"computation, modeling",Applied Mathematics
Science,4,5,4,6,6,4,-1,6,-1,-1,4,-1,-1,-1,-1,-1,-1,-1,-1,-1,-1,-1,312,"climate, weather",Meteorology
Science,4,5,4,5,6,5,-1,2,-1,4,-1,-1,-1,-1,-1,-1,-1,-1,-1,-1,-1,-1,278,"land management, soil testing",Soil Science
Art,6,6,6,-1,-1,-1,-1,-1,-1,-1,-1,6,5,4,4,6,-1,6,-1,-1,-1,-1,190,"forensic studies, criminal justice",Criminology
Art,1,5,5,-1,-1,-1,-1,-1,-1,-1,-1,5,4,6,4,5,-1,-1,-1,4,-1,-1,199,"culture, customer service",Tourism and Hospitality
Art,2,6,4,-1,-1,-1,-1,-1,-1,-1,-1,6,5,6,5,4,-1,-1,5,-1,-1,-1,157,"digital art, Sketching",Illustration
Art,2,6,5,-1,-1,-1,-1,-1,-1,-1,-1,6,4,6,6,5,4,-1,-1,-1,-1,-1,168,"digital art, drawing",Illustration
Commercial,4,5,4,-1,-1,-1,-1,-1,-1,-1,-1,4,6,-1,5,-1,-1,-1,-1,-1,6,6,277,"leadership, office administration",Business Administration
Science,5,6,6,4,5,1,-1,5,-1,-1,-1,-1,-1,-1,-1,-1,-1,-1,-1,-1,-1,-1,265,"coding, programming",Computer Science
Science,6,4,4,6,5,2,4,4,-1,-1,-1,-1,-1,-1,-1,-1,-1,-1,-1,-1,-1,-1,255,"machines, mechanics",Mechanical Engineering
Science,4,6,4,5,5,2,4,5,-1,-1,-1,-1,-1,-1,-1,-1,-1,-1,-1,-1,-1,-1,275,"drawing, buildings",Architecture
Science,4,4,5,5,5,5,-1,4,6,-1,-1,-1,-1,-1,-1,-1,-1,-1,-1,-1,-1,-1,291,"animals, veterinary care",Veterinary Medicine
Science,6,6,5,3,5,4,-1,4,4,-1,-1,-1,-1,-1,-1,-1,-1,-1,-1,-1,-1,-1,227,"food, health diet",Nutrition and Dietetics
Science,5,6,4,4,5,5,-1,6,5,-1,-1,-1,-1,-1,-1,-1,-1,-1,-1,-1,-1,-1,279,"reactions, laboratory",Chemistry
Science,6,6,4,6,4,6,-1,4,-1,-1,4,-1,-1,-1,-1,-1,-1,-1,-1,-1,-1,-1,252,"oceans, marine life",Marine Science
Science,5,6,4,4,6,5,-1,3,-1,6,-1,-1,-1,-1,-1,-1,-1,-1,-1,-1,-1,-1,238,"fruit production, landscaping",Horticulture
Art,5,5,4,-1,-1,-1,-1,-1,-1,-1,-1,6,5,6,4,6,-1,4,-1,-1,-1,-1,221,"cultural studies, society",Sociology
Art,2,4,4,-1,-1,-1,-1,-1,-1,-1,-1,4,4,4,6,6,-1,-1,-1,4,-1,-1,182,"problem solving, data gathering",Research and Policy Analysis
Art,2,6,4,-1,-1,-1,-1,-1,-1,-1,-1,4,4,4,4,6,-1,-1,4,-1,-1,-1,219,"Sketching, drawing",Illustration
Art,1,6,6,-1,-1,-1,-1,-1,-1,-1,-1,6,6,4,5,6,4,-1,-1,-1,-1,-1,204,"character design, drawing",Illustration
Commercial,6,5,4,-1,-1,-1,-1,-1,-1,-1,-1,5,5,-1,5,-1,-1,-1,-1,-1,4,6,312,"recruitment, staff management",Human Resource Management
Science,4,5,5,6,5,1,-1,5,-1,-1,-1,-1,-1,-1,-1,-1,-1,-1,-1,-1,-1,-1,261,"network protection, security",Cyber Security
Science,4,5,5,4,4,2,4,4,-1,-1,-1,-1,-1,-1,-1,-1,-1,-1,-1,-1,-1,-1,249,"electricity, power systems",Electrical Engineering
Science,4,5,4,6,6,3,6,5,-1,-1,-1,-1,-1,-1,-1,-1,-1,-1,-1,-1,-1,-1,258,"real estate, land valuation",Estate Management
Science,6,4,6,4,6,5,-1,5,6,-1,-1,-1,-1,-1,-1,-1,-1,-1,-1,-1,-1,-1,319,"imaging, diagnosis",Radiology
Science,6,5,6,2,5,5,-1,4,5,-1,-1,-1,-1,-1,-1,-1,-1,-1,-1,-1,-1,-1,256,"health diet, food",Nutrition and Dietetics
Science,6,4,5,4,6,4,-1,4,6,-1,-1,-1,-1,-1,-1,-1,-1,-1,-1,-1,-1,-1,308,"laboratory, reactions",Chemistry
Science,5,6,4,5,4,6,-1,4,-1,-1,5,-1,-1,-1,-1,-1,-1,-1,-1,-1,-1,-1,231,"weather, climate",Meteorology
Science,4,6,4,6,4,5,-1,3,-1,5,-1,-1,-1,-1,-1,-1,-1,-1,-1,-1,-1,-1,301,"gardening, fruit production",Horticulture
Art,6,6,5,-1,-1,-1,-1,-1,-1,-1,-1,6,5,6,4,5,-1,5,-1,-1,-1,-1,166,"human behaviour, mental health",Psychology
Art,2,5,5,-1,-1,-1,-1,-1,-1,-1,-1,5,6,4,5,5,-1,-1,-1,5,-1,-1,225,"documentation, historical records",Archival Studies
Art,2,6,4,-1,-1,-1,-1,-1,-1,-1,-1,4,4,5,6,4,-1,-1,6,-1,-1,-1,189,"fashion trends, clothing",Fashion Design
Art,2,4,5,-1,-1,-1,-1,-1,-1,-1,-1,6,5,6,4,6,6,-1,-1,-1,-1,-1,180,"drawing outfits, textiles",Fashion Design
Commercial,6,6,6,-1,-1,-1,-1,-1,-1,-1,-1,4,4,-1,4,-1,-1,-1,-1,-1,6,5,238,"money management, investment",Banking and Finance
Science,6,6,6,4,6,3,-1,4,-1,-1,-1,-1,-1,-1,-1,-1,-1,-1,-1,-1,-1,-1,280,"security, network protection",Cyber Security
Science,5,5,4,4,6,3,4,6,-1,-1,-1,-1,-1,-1,-1,-1,-1,-1,-1,-1,-1,-1,276,"materials, structures",Materials Engineering
Science,5,6,4,5,5,3,4,5,-1,-1,-1,-1,-1,-1,-1,-1,-1,-1,-1,-1,-1,-1,230,"environmental planning, transport systems",Urban and Regional Planning
Science,6,5,5,4,5,6,-1,6,4,-1,-1,-1,-1,-1,-1,-1,-1,-1,-1,-1,-1,-1,271,"laboratory, drugs",Pharmacy
Science,5,4,5,1,4,6,-1,5,6,-1,-1,-1,-1,-1,-1,-1,-1,-1,-1,-1,-1,-1,297,"health diet, food",Nutrition and Dietetics
Science,5,6,4,5,6,5,-1,6,5,-1,-1,-1,-1,-1,-1,-1,-1,-1,-1,-1,-1,-1,304,"bioengineering, genetics",Biotechnology
Science,4,4,5,5,5,6,-1,4,-1,-1,5,-1,-1,-1,-1,-1,-1,-1,-1,-1,-1,-1,307,"climate, weather",Meteorology
Science,6,5,6,5,4,4,-1,2,-1,5,-1,-1,-1,-1,-1,-1,-1,-1,-1,-1,-1,-1,291,"animal breeding, vertinary care",Animal Science
Art,5,6,4,-1,-1,-1,-1,-1,-1,-1,-1,5,6,6,5,5,-1,4,-1,-1,-1,-1,212,"community development, cultural studies",Sociology
Art,3,5,5,-1,-1,-1,-1,-1,-1,-1,-1,6,5,6,4,6,-1,-1,-1,5,-1,-1,226,"problem solving, research",Research and Policy Analysis
Art,1,4,6,-1,-1,-1,-1,-1,-1,-1,-1,5,4,6,6,5,-1,-1,6,-1,-1,-1,174,"Sketching, drawing",Illustration
Art,1,4,5,-1,-1,-1,-1,-1,-1,-1,-1,4,4,5,5,6,6,-1,-1,-1,-1,-1,219,"character design, digital art",Illustration
Commercial,6,4,4,-1,-1,-1,-1,-1,-1,-1,-1,4,6,-1,5,-1,-1,-1,-1,-1,6,4,297,"recruitment, employee relations",Human Resource Management
Science,6,5,4,5,6,2,-1,4,-1,-1,-1,-1,-1,-1,-1,-1,-1,-1,-1,-1,-1,-1,280,"software systems, development",Software Engineering
Science,4,4,6,4,4,1,6,5,-1,-1,-1,-1,-1,-1,-1,-1,-1,-1,-1,-1,-1,-1,241,"health technology, medical devices",Biomedical Engineering
Science,4,4,5,4,4,3,6,6,-1,-1,-1,-1,-1,-1,-1,-1,-1,-1,-1,-1,-1,-1,220,"transport systems, city development",Urban and Regional Planning
Science,5,4,5,5,6,6,-1,5,6,-1,-1,-1,-1,-1,-1,-1,-1,-1,-1,-1,-1,-1,250,"human body, medical science",Anatomy
Science,5,4,5,3,5,6,-1,6,6,-1,-1,-1,-1,-1,-1,-1,-1,-1,-1,-1,-1,-1,300,"health diet, food",Nutrition and Dietetics
Science,5,5,5,5,5,5,-1,5,6,-1,-1,-1,-1,-1,-1,-1,-1,-1,-1,-1,-1,-1,318,"problem solving, logic",Mathematics
Science,4,5,5,4,4,6,-1,6,-1,-1,4,-1,-1,-1,-1,-1,-1,-1,-1,-1,-1,-1,320,"environment, climate",Environmental Science
Science,6,5,5,6,4,6,-1,2,-1,4,-1,-1,-1,-1,-1,-1,-1,-1,-1,-1,-1,-1,236,"crop cultivation, agricultural technology",Agricultural Science
Art,4,6,4,-1,-1,-1,-1,-1,-1,-1,-1,6,5,6,4,4,-1,6,-1,-1,-1,-1,203,"writing, communication",Journalism and Media Studies
Art,3,6,6,-1,-1,-1,-1,-1,-1,-1,-1,4,6,6,4,4,-1,-1,-1,6,-1,-1,179,"excavation, historical artifacts",Archaeology
Art,1,6,6,-1,-1,-1,-1,-1,-1,-1,-1,4,6,5,4,4,-1,-1,5,-1,-1,-1,192,"visual storytelling, creative editing",Motion Graphics
Art,2,4,4,-1,-1,-1,-1,-1,-1,-1,-1,5,5,4,5,5,6,-1,-1,-1,-1,-1,199,"creative editing, animation",Motion Graphics
Commercial,4,4,5,-1,-1,-1,-1,-1,-1,-1,-1,5,4,-1,5,-1,-1,-1,-1,-1,5,4,263,"sales strategies, branding",Marketing
Science,4,6,5,5,4,3,-1,6,-1,-1,-1,-1,-1,-1,-1,-1,-1,-1,-1,-1,-1,-1,211,"automation, machine learning",Artificial Intelligence
Science,5,5,5,6,6,2,4,5,-1,-1,-1,-1,-1,-1,-1,-1,-1,-1,-1,-1,-1,-1,290,"structures, materials",Materials Engineering
Science,5,5,4,5,6,3,6,4,-1,-1,-1,-1,-1,-1,-1,-1,-1,-1,-1,-1,-1,-1,272,"AutoCad, drawing",Architecture
Science,5,6,5,6,4,6,-1,4,4,-1,-1,-1,-1,-1,-1,-1,-1,-1,-1,-1,-1,-1,280,"therapy, rehabilitation",Physiotherapy
Science,5,4,6,1,5,6,-1,4,6,-1,-1,-1,-1,-1,-1,-1,-1,-1,-1,-1,-1,-1,224,"community health, disease prevention",Public Health
Science,5,5,5,4,5,6,-1,5,5,-1,-1,-1,-1,-1,-1,-1,-1,-1,-1,-1,-1,-1,234,"research, microorganisms",Microbiology
Science,4,4,6,5,5,5,-1,4,-1,-1,5,-1,-1,-1,-1,-1,-1,-1,-1,-1,-1,-1,224,"seismology, earth structure",Geophysics
Science,5,4,4,4,4,4,-1,1,-1,6,-1,-1,-1,-1,-1,-1,-1,-1,-1,-1,-1,-1,302,"soil testing, environmental conservation",Soil Science
Art,5,5,6,-1,-1,-1,-1,-1,-1,-1,-1,6,5,4,5,4,-1,6,-1,-1,-1,-1,164,"law enforcement, crime investigation",Criminology
Art,2,5,6,-1,-1,-1,-1,-1,-1,-1,-1,6,6,4,5,6,-1,-1,-1,6,-1,-1,230,"excavation, ancient civilization",Archaeology
Art,2,5,5,-1,-1,-1,-1,-1,-1,-1,-1,6,4,6,5,4,-1,-1,5,-1,-1,-1,209,"creative visuals, editing photos",Photography
Art,2,5,4,-1,-1,-1,-1,-1,-1,-1,-1,5,4,5,5,6,5,-1,-1,-1,-1,-1,198,"editing photos, creative visuals",Photography
Commercial,5,5,4,-1,-1,-1,-1,-1,-1,-1,-1,5,6,-1,4,-1,-1,-1,-1,-1,6,4,318,"sales strategies, branding",Marketing
Science,6,4,4,4,6,2,-1,5,-1,-1,-1,-1,-1,-1,-1,-1,-1,-1,-1,-1,-1,-1,273,"business IT, systems",Information Systems
Science,6,5,6,5,6,3,6,6,-1,-1,-1,-1,-1,-1,-1,-1,-1,-1,-1,-1,-1,-1,247,"gas, oil",Petroleum Engineering
Science,6,4,4,4,6,2,6,4,-1,-1,-1,-1,-1,-1,-1,-1,-1,-1,-1,-1,-1,-1,239,"buildings, design",Architecture
Science,6,4,6,6,6,5,-1,6,5,-1,-1,-1,-1,-1,-1,-1,-1,-1,-1,-1,-1,-1,287,"laboratory, testing",Medical Laboratory Science
Science,6,5,6,1,6,6,-1,6,5,-1,-1,-1,-1,-1,-1,-1,-1,-1,-1,-1,-1,-1,229,"disease prevention, community health",Public Health
Science,4,4,6,5,5,6,-1,5,4,-1,-1,-1,-1,-1,-1,-1,-1,-1,-1,-1,-1,-1,241,"experiments, energy",Physics
Science,4,6,6,5,5,4,-1,6,-1,-1,4,-1,-1,-1,-1,-1,-1,-1,-1,-1,-1,-1,240,"earth science, rocks",Geology
Science,6,5,5,5,6,5,-1,2,-1,6,-1,-1,-1,-1,-1,-1,-1,-1,-1,-1,-1,-1,225,"food production, farming",Agricultural Science
Art,5,6,6,-1,-1,-1,-1,-1,-1,-1,-1,6,6,4,5,6,-1,5,-1,-1,-1,-1,203,"leadership, administration",Public Administration
Art,3,6,5,-1,-1,-1,-1,-1,-1,-1,-1,6,4,5,6,5,-1,-1,-1,6,-1,-1,190,"documentation, record keeping",Archival Studies
Art,1,5,6,-1,-1,-1,-1,-1,-1,-1,-1,6,4,5,4,4,-1,-1,5,-1,-1,-1,155,"mobile apps, user experience",UI/UX Design
Art,2,6,6,-1,-1,-1,-1,-1,-1,-1,-1,5,5,5,4,5,5,-1,-1,-1,-1,-1,211,"user interface, user experience",UI/UX Design
Commercial,6,4,5,-1,-1,-1,-1,-1,-1,-1,-1,4,6,-1,4,-1,-1,-1,-1,-1,6,5,256,"staff management, employee relations",Human Resource Management
Science,6,6,5,5,4,3,-1,4,-1,-1,-1,-1,-1,-1,-1,-1,-1,-1,-1,-1,-1,-1,255,"hardware, software integration",Computer Engineering
Science,4,5,5,5,5,3,4,6,-1,-1,-1,-1,-1,-1,-1,-1,-1,-1,-1,-1,-1,-1,281,"circuits, electronics",Electronic Engineering
Science,5,5,4,5,5,3,4,5,-1,-1,-1,-1,-1,-1,-1,-1,-1,-1,-1,-1,-1,-1,229,"design, AutoCad",Architecture
Science,5,5,4,6,5,5,-1,5,5,-1,-1,-1,-1,-1,-1,-1,-1,-1,-1,-1,-1,-1,251,"vision, eyes",Optometry
Science,6,6,5,1,6,5,-1,6,6,-1,-1,-1,-1,-1,-1,-1,-1,-1,-1,-1,-1,-1,224,"health diet, food",Nutrition and Dietetics
Science,6,6,5,4,5,6,-1,4,6,-1,-1,-1,-1,-1,-1,-1,-1,-1,-1,-1,-1,-1,228,"microorganisms, research",Microbiology
Science,4,5,5,4,5,5,-1,5,-1,-1,4,-1,-1,-1,-1,-1,-1,-1,-1,-1,-1,-1,257,"oceans, marine life",Marine Science
Science,4,4,6,5,4,4,-1,2,-1,4,-1,-1,-1,-1,-1,-1,-1,-1,-1,-1,-1,-1,312,"tree planting, environmental protection",Forestry
Art,5,4,4,-1,-1,-1,-1,-1,-1,-1,-1,6,4,5,6,5,-1,6,-1,-1,-1,-1,207,"advocacy, justice",Law
Art,2,4,4,-1,-1,-1,-1,-1,-1,-1,-1,5,4,6,4,5,-1,-1,-1,5,-1,-1,234,"culture, heritage",Museum and Heritage Studies
Art,2,6,6,-1,-1,-1,-1,-1,-1,-1,-1,5,4,4,4,6,-1,-1,6,-1,-1,-1,147,"art technology, Creative software",Digital Art
Art,3,5,5,-1,-1,-1,-1,-1,-1,-1,-1,6,6,6,5,5,5,-1,-1,-1,-1,-1,160,"art technology, Creative software",Digital Art
Commercial,4,5,6,-1,-1,-1,-1,-1,-1,-1,-1,4,5,-1,4,-1,-1,-1,-1,-1,4,5,337,"workplace development, employee relations",Human Resource Management
Science,4,6,6,5,6,2,-1,6,-1,-1,-1,-1,-1,-1,-1,-1,-1,-1,-1,-1,-1,-1,229,"networks, communication systems",Network Engineering
Science,4,5,6,4,5,1,4,6,-1,-1,-1,-1,-1,-1,-1,-1,-1,-1,-1,-1,-1,-1,259,"engines, robotics",Mechanical Engineering
Science,4,5,6,5,5,1,6,4,-1,-1,-1,-1,-1,-1,-1,-1,-1,-1,-1,-1,-1,-1,280,"AutoCad, buildings",Architecture
Science,5,5,6,4,5,4,-1,4,6,-1,-1,-1,-1,-1,-1,-1,-1,-1,-1,-1,-1,-1,272,"cancer, treatment",Oncology
Science,4,6,6,2,6,4,-1,4,6,-1,-1,-1,-1,-1,-1,-1,-1,-1,-1,-1,-1,-1,275,"health diet, food",Nutrition and Dietetics
Science,5,5,5,6,5,5,-1,4,6,-1,-1,-1,-1,-1,-1,-1,-1,-1,-1,-1,-1,-1,299,"biological molecules, lab work",Biochemistry
Science,4,4,4,5,6,4,-1,6,-1,-1,5,-1,-1,-1,-1,-1,-1,-1,-1,-1,-1,-1,238,"earth science, rocks",Geology
Science,5,4,4,5,6,4,-1,2,-1,5,-1,-1,-1,-1,-1,-1,-1,-1,-1,-1,-1,-1,257,"landscaping, fruit production",Horticulture
Art,5,5,5,-1,-1,-1,-1,-1,-1,-1,-1,6,5,5,5,5,-1,5,-1,-1,-1,-1,163,"politics, global affairs",International Relations
Art,1,5,4,-1,-1,-1,-1,-1,-1,-1,-1,5,5,5,4,6,-1,-1,-1,4,-1,-1,186,"analysis, problem solving",Research and Policy Analysis
Art,2,5,5,-1,-1,-1,-1,-1,-1,-1,-1,5,4,5,6,6,-1,-1,6,-1,-1,-1,190,"creative coding, ui design",Web Design
Art,1,4,4,-1,-1,-1,-1,-1,-1,-1,-1,4,6,4,6,5,4,-1,-1,-1,-1,-1,152,"creative coding, user experience",Web Design
Commercial,4,5,4,-1,-1,-1,-1,-1,-1,-1,-1,6,4,-1,4,-1,-1,-1,-1,-1,4,4,260,"business management, leadership",Business Administration
Science,4,4,5,4,5,2,-1,5,-1,-1,-1,-1,-1,-1,-1,-1,-1,-1,-1,-1,-1,-1,274,"IT systems, support",Information Technology
Science,6,5,5,6,4,2,4,6,-1,-1,-1,-1,-1,-1,-1,-1,-1,-1,-1,-1,-1,-1,230,"ships, marine systems",Marine Engineering
Science,6,5,6,6,4,3,6,6,-1,-1,-1,-1,-1,-1,-1,-1,-1,-1,-1,-1,-1,-1,250,"transport systems, environmental planning",Urban and Regional Planning
Science,4,4,4,4,5,5,-1,5,4,-1,-1,-1,-1,-1,-1,-1,-1,-1,-1,-1,-1,-1,293,"healthcare, treatment",Medicine and Surgery
Science,6,6,5,3,5,5,-1,4,5,-1,-1,-1,-1,-1,-1,-1,-1,-1,-1,-1,-1,-1,220,"health diet, food",Nutrition and Dietetics
Science,6,4,5,6,5,6,-1,6,5,-1,-1,-1,-1,-1,-1,-1,-1,-1,-1,-1,-1,-1,226,"probability, data analysis",Statistics
Science,4,6,4,4,5,6,-1,6,-1,-1,5,-1,-1,-1,-1,-1,-1,-1,-1,-1,-1,-1,284,"weather, climate",Meteorology
Science,4,4,4,5,6,4,-1,2,-1,6,-1,-1,-1,-1,-1,-1,-1,-1,-1,-1,-1,-1,269,"fruit production, gardening",Horticulture
Art,5,5,5,-1,-1,-1,-1,-1,-1,-1,-1,5,5,6,5,5,-1,4,-1,-1,-1,-1,212,"society, social behavior",Sociology
Art,2,5,6,-1,-1,-1,-1,-1,-1,-1,-1,6,6,6,4,5,-1,-1,-1,4,-1,-1,182,"libraries, historical records",Archival Studies
Art,3,5,5,-1,-1,-1,-1,-1,-1,-1,-1,4,5,5,6,4,-1,-1,5,-1,-1,-1,149,"visual storytelling, animation",Motion Graphics
Art,1,6,6,-1,-1,-1,-1,-1,-1,-1,-1,4,4,6,6,4,6,-1,-1,-1,-1,-1,201,"animation, creative editing",Motion Graphics
Commercial,6,4,5,-1,-1,-1,-1,-1,-1,-1,-1,6,5,-1,4,-1,-1,-1,-1,-1,6,4,315,"projects, planning",Project Management
Science,5,4,6,6,4,2,-1,6,-1,-1,-1,-1,-1,-1,-1,-1,-1,-1,-1,-1,-1,-1,221,"apps, software systems",Software Engineering
Science,5,5,6,6,6,1,6,4,-1,-1,-1,-1,-1,-1,-1,-1,-1,-1,-1,-1,-1,-1,278,"systems, automation",Mechatronics Engineering
Science,5,5,5,5,6,3,6,6,-1,-1,-1,-1,-1,-1,-1,-1,-1,-1,-1,-1,-1,-1,237,"facility management, property management",Estate Management
Science,6,4,6,5,6,5,-1,4,5,-1,-1,-1,-1,-1,-1,-1,-1,-1,-1,-1,-1,-1,290,"cancer, treatment",Oncology
Science,4,5,6,1,6,4,-1,5,6,-1,-1,-1,-1,-1,-1,-1,-1,-1,-1,-1,-1,-1,286,"community health, disease prevention",Public Health
Science,6,4,5,6,6,5,-1,5,4,-1,-1,-1,-1,-1,-1,-1,-1,-1,-1,-1,-1,-1,267,"experiments, energy",Physics
Science,6,6,4,6,4,6,-1,4,-1,-1,4,-1,-1,-1,-1,-1,-1,-1,-1,-1,-1,-1,286,"earth structure, seismology",Geophysics
Science,6,5,5,4,4,5,-1,3,-1,4,-1,-1,-1,-1,-1,-1,-1,-1,-1,-1,-1,-1,302,"food production, farming",Agricultural Science
Art,5,5,5,-1,-1,-1,-1,-1,-1,-1,-1,4,6,4,5,4,-1,5,-1,-1,-1,-1,178,"law enforcement, criminal justice",Criminology
Art,1,6,5,-1,-1,-1,-1,-1,-1,-1,-1,5,6,6,6,5,-1,-1,-1,6,-1,-1,219,"research, problem solving",Research and Policy Analysis
Art,2,4,5,-1,-1,-1,-1,-1,-1,-1,-1,5,5,4,4,6,-1,-1,5,-1,-1,-1,147,"video effects, creative editing",Motion Graphics
Art,3,6,6,-1,-1,-1,-1,-1,-1,-1,-1,5,5,6,5,4,4,-1,-1,-1,-1,-1,154,"creative editing, visual storytelling",Motion Graphics
Commercial,6,5,6,-1,-1,-1,-1,-1,-1,-1,-1,4,5,-1,4,-1,-1,-1,-1,-1,4,5,292,"financial compliance, revenue management",Taxation
Science,5,4,4,5,6,2,-1,6,-1,-1,-1,-1,-1,-1,-1,-1,-1,-1,-1,-1,-1,-1,266,"statistics, data",Data Science
Science,5,4,6,6,5,1,6,6,-1,-1,-1,-1,-1,-1,-1,-1,-1,-1,-1,-1,-1,-1,275,"power systems, circuits",Electrical Engineering
Science,4,6,6,6,6,2,4,4,-1,-1,-1,-1,-1,-1,-1,-1,-1,-1,-1,-1,-1,-1,260,"AutoCad, drawing",Architecture
Science,5,4,6,5,4,5,-1,4,6,-1,-1,-1,-1,-1,-1,-1,-1,-1,-1,-1,-1,-1,273,"patients, hospital",Nursing
Science,4,5,6,3,6,4,-1,4,4,-1,-1,-1,-1,-1,-1,-1,-1,-1,-1,-1,-1,-1,235,"food, health diet",Nutrition and Dietetics
Science,4,5,5,5,6,6,-1,5,5,-1,-1,-1,-1,-1,-1,-1,-1,-1,-1,-1,-1,-1,264,"probability, data analysis",Statistics
Science,5,5,6,5,5,6,-1,4,-1,-1,4,-1,-1,-1,-1,-1,-1,-1,-1,-1,-1,-1,291,"climate, weather",Meteorology
Science,5,6,6,4,6,6,-1,1,-1,4,-1,-1,-1,-1,-1,-1,-1,-1,-1,-1,-1,-1,245,"crop cultivation, farming",Agricultural Science
Art,4,5,4,-1,-1,-1,-1,-1,-1,-1,-1,6,6,4,5,4,-1,5,-1,-1,-1,-1,225,"emotional wellbeing, counselling",Psychology
Art,1,4,4,-1,-1,-1,-1,-1,-1,-1,-1,5,4,6,6,6,-1,-1,-1,5,-1,-1,229,"research, problem solving",Research and Policy Analysis
Art,3,4,4,-1,-1,-1,-1,-1,-1,-1,-1,4,4,6,4,4,-1,-1,5,-1,-1,-1,156,"motion graphics, 3d animation",Animation
Art,2,4,4,-1,-1,-1,-1,-1,-1,-1,-1,5,4,6,5,6,6,-1,-1,-1,-1,-1,175,"motion graphics, storytelling",Animation
Commercial,4,4,4,-1,-1,-1,-1,-1,-1,-1,-1,5,5,-1,6,-1,-1,-1,-1,-1,6,4,328,"innovation, business startup",Entrepreneurship
Science,4,5,5,6,5,2,-1,5,-1,-1,-1,-1,-1,-1,-1,-1,-1,-1,-1,-1,-1,-1,220,"software systems, apps",Software Engineering
Science,5,4,6,4,4,2,6,4,-1,-1,-1,-1,-1,-1,-1,-1,-1,-1,-1,-1,-1,-1,282,"robotics, mechanics",Mechanical Engineering
Science,4,4,5,6,6,3,4,5,-1,-1,-1,-1,-1,-1,-1,-1,-1,-1,-1,-1,-1,-1,257,"transport systems, city development",Urban and Regional Planning
Science,5,5,5,5,5,6,-1,6,4,-1,-1,-1,-1,-1,-1,-1,-1,-1,-1,-1,-1,-1,318,"vision, eyes",Optometry
Science,5,6,4,3,5,6,-1,6,6,-1,-1,-1,-1,-1,-1,-1,-1,-1,-1,-1,-1,-1,265,"health diet, food",Nutrition and Dietetics
Science,4,4,6,4,6,6,-1,4,6,-1,-1,-1,-1,-1,-1,-1,-1,-1,-1,-1,-1,-1,229,"probability, data analysis",Statistics
Science,4,6,5,4,4,6,-1,5,-1,-1,6,-1,-1,-1,-1,-1,-1,-1,-1,-1,-1,-1,290,"weather, climate",Meteorology
Science,5,6,4,4,4,6,-1,3,-1,4,-1,-1,-1,-1,-1,-1,-1,-1,-1,-1,-1,-1,289,"crop management, farming",Agronomy
Art,4,5,5,-1,-1,-1,-1,-1,-1,-1,-1,4,5,4,6,6,-1,4,-1,-1,-1,-1,211,"global affairs, foreign policy",International Relations
Art,2,4,6,-1,-1,-1,-1,-1,-1,-1,-1,4,4,5,6,5,-1,-1,-1,4,-1,-1,229,"heritage, culture",Museum and Heritage Studies
Art,3,6,6,-1,-1,-1,-1,-1,-1,-1,-1,5,6,5,5,5,-1,-1,6,-1,-1,-1,154,"cartoons, 3d animation",Animation
Art,1,4,6,-1,-1,-1,-1,-1,-1,-1,-1,5,4,6,6,6,6,-1,-1,-1,-1,-1,214,"3d animation, cartoons",Animation
Commercial,4,4,5,-1,-1,-1,-1,-1,-1,-1,-1,4,5,-1,6,-1,-1,-1,-1,-1,4,5,277,"policy analysis, financial protection",Insurance
Science,5,4,6,4,6,3,-1,5,-1,-1,-1,-1,-1,-1,-1,-1,-1,-1,-1,-1,-1,-1,217,"software systems, apps",Software Engineering
Science,5,6,6,6,6,3,6,4,-1,-1,-1,-1,-1,-1,-1,-1,-1,-1,-1,-1,-1,-1,281,"robots, systems",Mechatronics Engineering
Science,6,6,5,6,6,1,4,5,-1,-1,-1,-1,-1,-1,-1,-1,-1,-1,-1,-1,-1,-1,257,"building estimation, cost analysis",Quantity Surveying
Science,6,4,6,5,4,6,-1,6,4,-1,-1,-1,-1,-1,-1,-1,-1,-1,-1,-1,-1,-1,276,"body functions, health science",Physiology
Science,6,6,6,1,6,4,-1,5,5,-1,-1,-1,-1,-1,-1,-1,-1,-1,-1,-1,-1,-1,291,"community health, disease prevention",Public Health
Science,4,4,4,4,6,5,-1,5,4,-1,-1,-1,-1,-1,-1,-1,-1,-1,-1,-1,-1,-1,270,"research, microorganisms",Microbiology
Science,4,6,6,5,5,6,-1,6,-1,-1,5,-1,-1,-1,-1,-1,-1,-1,-1,-1,-1,-1,236,"environment, climate",Environmental Science
Science,5,5,4,4,6,6,-1,2,-1,4,-1,-1,-1,-1,-1,-1,-1,-1,-1,-1,-1,-1,251,"rural advisory services, farmer education",Agricultural Extension
Art,6,4,6,-1,-1,-1,-1,-1,-1,-1,-1,4,6,6,6,4,-1,5,-1,-1,-1,-1,205,"criminal justice, crime investigation",Criminology
Art,1,4,5,-1,-1,-1,-1,-1,-1,-1,-1,4,6,6,5,6,-1,-1,-1,5,-1,-1,219,"tour guiding, customer service",Tourism and Hospitality
Art,1,4,5,-1,-1,-1,-1,-1,-1,-1,-1,4,6,5,5,4,-1,-1,5,-1,-1,-1,203,"painting, crafts",Painting and Sculpture
Art,2,6,5,-1,-1,-1,-1,-1,-1,-1,-1,5,4,5,4,5,5,-1,-1,-1,-1,-1,142,"fine arts, crafts",Painting and Sculpture
Commercial,6,6,6,-1,-1,-1,-1,-1,-1,-1,-1,6,6,-1,4,-1,-1,-1,-1,-1,5,4,287,"innovation, business oppurtunities",Entrepreneurship
Science,5,4,4,5,5,2,-1,5,-1,-1,-1,-1,-1,-1,-1,-1,-1,-1,-1,-1,-1,-1,217,"networks, communication systems",Network Engineering
Science,4,5,4,6,4,1,4,5,-1,-1,-1,-1,-1,-1,-1,-1,-1,-1,-1,-1,-1,-1,235,"construction, buildings",Civil Engineering
Science,6,4,4,4,5,2,5,4,-1,-1,-1,-1,-1,-1,-1,-1,-1,-1,-1,-1,-1,-1,240,"mapping, spatial data",Surveying and Geoinformatics
Science,4,6,4,6,6,6,-1,6,5,-1,-1,-1,-1,-1,-1,-1,-1,-1,-1,-1,-1,-1,254,"health science, body functions",Physiology
Science,6,5,5,2,6,5,-1,4,6,-1,-1,-1,-1,-1,-1,-1,-1,-1,-1,-1,-1,-1,246,"health diet, food",Nutrition and Dietetics
Science,4,4,4,5,6,4,-1,6,5,-1,-1,-1,-1,-1,-1,-1,-1,-1,-1,-1,-1,-1,268,"laboratory, reactions",Chemistry
Science,4,6,4,4,5,6,-1,4,-1,-1,5,-1,-1,-1,-1,-1,-1,-1,-1,-1,-1,-1,222,"earth structure, seismology",Geophysics
Science,4,6,5,4,5,5,-1,2,-1,4,-1,-1,-1,-1,-1,-1,-1,-1,-1,-1,-1,-1,295,"rural development, farm management",Agricultural Economics
Art,5,6,4,-1,-1,-1,-1,-1,-1,-1,-1,4,4,6,6,6,-1,5,-1,-1,-1,-1,207,"emotional wellbeing, human behaviour",Psychology
Art,1,4,5,-1,-1,-1,-1,-1,-1,-1,-1,6,6,4,6,4,-1,-1,-1,4,-1,-1,225,"tour guiding, travel",Tourism and Hospitality
Art,3,5,5,-1,-1,-1,-1,-1,-1,-1,-1,5,5,4,5,6,-1,-1,5,-1,-1,-1,168,"storytelling, motion graphics",Animation
Art,2,4,5,-1,-1,-1,-1,-1,-1,-1,-1,5,4,6,6,5,4,-1,-1,-1,-1,-1,146,"3d animation, cartoons",Animation
Commercial,6,6,5,-1,-1,-1,-1,-1,-1,-1,-1,6,6,-1,6,-1,-1,-1,-1,-1,6,6,315,"organizational planning, business management",Business Administration
Science,6,6,4,6,6,3,-1,4,-1,-1,-1,-1,-1,-1,-1,-1,-1,-1,-1,-1,-1,-1,269,"computers, support",Information Technology
Science,6,5,4,4,4,2,6,4,-1,-1,-1,-1,-1,-1,-1,-1,-1,-1,-1,-1,-1,-1,231,"production, optimization",Industrial Engineering
Science,5,6,5,4,5,3,5,5,-1,-1,-1,-1,-1,-1,-1,-1,-1,-1,-1,-1,-1,-1,270,"AutoCad, drawing",Architecture
Science,5,4,5,5,5,6,-1,6,5,-1,-1,-1,-1,-1,-1,-1,-1,-1,-1,-1,-1,-1,273,"imaging, diagnosis",Radiology
Science,6,4,6,1,5,6,-1,4,6,-1,-1,-1,-1,-1,-1,-1,-1,-1,-1,-1,-1,-1,269,"health diet, food",Nutrition and Dietetics
Science,5,5,6,4,6,4,-1,5,5,-1,-1,-1,-1,-1,-1,-1,-1,-1,-1,-1,-1,-1,285,"computation, modeling",Applied Mathematics
Science,5,6,6,6,6,6,-1,6,-1,-1,6,-1,-1,-1,-1,-1,-1,-1,-1,-1,-1,-1,293,"rocks, earth science",Geology
Science,4,5,6,6,4,4,-1,1,-1,4,-1,-1,-1,-1,-1,-1,-1,-1,-1,-1,-1,-1,225,"agribusiness, market analysis",Agricultural Economics
Art,4,4,4,-1,-1,-1,-1,-1,-1,-1,-1,5,5,5,6,6,-1,6,-1,-1,-1,-1,174,"population studies, birth rates",Demography
Art,1,4,4,-1,-1,-1,-1,-1,-1,-1,-1,4,5,6,4,5,-1,-1,-1,6,-1,-1,236,"research, analysis",Research and Policy Analysis
Art,2,4,4,-1,-1,-1,-1,-1,-1,-1,-1,5,6,5,4,6,-1,-1,6,-1,-1,-1,191,"textiles, fashion trends",Fashion Design
Art,2,4,5,-1,-1,-1,-1,-1,-1,-1,-1,4,4,5,5,6,5,-1,-1,-1,-1,-1,204,"fashion trends, clothing",Fashion Design
Commercial,6,4,4,-1,-1,-1,-1,-1,-1,-1,-1,5,4,-1,5,-1,-1,-1,-1,-1,6,4,337,"bookkeeping, auditing",Accounting
Science,5,4,6,6,6,1,-1,5,-1,-1,-1,-1,-1,-1,-1,-1,-1,-1,-1,-1,-1,-1,267,"software integration, hardware",Computer Engineering
Science,5,5,5,6,5,1,4,4,-1,-1,-1,-1,-1,-1,-1,-1,-1,-1,-1,-1,-1,-1,228,"hardware, devices",Electronic Engineering
Science,6,5,5,6,5,3,4,5,-1,-1,-1,-1,-1,-1,-1,-1,-1,-1,-1,-1,-1,-1,268,"drawing, AutoCad",Architecture
Science,5,5,6,4,4,6,-1,5,4,-1,-1,-1,-1,-1,-1,-1,-1,-1,-1,-1,-1,-1,298,"eyes, vision",Optometry
Science,6,6,5,3,6,5,-1,6,6,-1,-1,-1,-1,-1,-1,-1,-1,-1,-1,-1,-1,-1,289,"community health, disease prevention",Public Health
Science,4,4,5,4,4,5,-1,5,6,-1,-1,-1,-1,-1,-1,-1,-1,-1,-1,-1,-1,-1,243,"chemical production, industry",Industrial Chemistry
Science,5,4,4,4,6,4,-1,4,-1,-1,4,-1,-1,-1,-1,-1,-1,-1,-1,-1,-1,-1,287,"oceans, marine life",Marine Science
Science,5,4,6,5,6,5,-1,3,-1,5,-1,-1,-1,-1,-1,-1,-1,-1,-1,-1,-1,-1,248,"gardening, flower cultivation",Horticulture
Art,5,5,6,-1,-1,-1,-1,-1,-1,-1,-1,6,4,5,5,6,-1,5,-1,-1,-1,-1,194,"community service, human rights",Human Rights and Advocacy
Art,2,5,6,-1,-1,-1,-1,-1,-1,-1,-1,6,6,4,4,5,-1,-1,-1,6,-1,-1,232,"tourism, history preservation",Museum and Heritage Studies
Art,3,4,4,-1,-1,-1,-1,-1,-1,-1,-1,4,5,5,6,4,-1,-1,6,-1,-1,-1,150,"motion graphics, storytelling",Animation
Art,2,6,6,-1,-1,-1,-1,-1,-1,-1,-1,5,5,4,6,5,4,-1,-1,-1,-1,-1,183,"cartoons, storytelling",Animation
Commercial,4,6,4,-1,-1,-1,-1,-1,-1,-1,-1,6,4,-1,6,-1,-1,-1,-1,-1,6,6,253,"innovation, business startup",Entrepreneurship
Science,6,4,5,6,6,3,-1,6,-1,-1,-1,-1,-1,-1,-1,-1,-1,-1,-1,-1,-1,-1,211,"data, statistics",Data Science
Science,4,4,5,4,4,2,4,6,-1,-1,-1,-1,-1,-1,-1,-1,-1,-1,-1,-1,-1,-1,258,"buildings, construction",Civil Engineering
Science,4,5,4,5,6,2,5,5,-1,-1,-1,-1,-1,-1,-1,-1,-1,-1,-1,-1,-1,-1,223,"drawing, design",Architecture
Science,5,4,4,5,4,5,-1,6,4,-1,-1,-1,-1,-1,-1,-1,-1,-1,-1,-1,-1,-1,315,"animals, veterinary care",Veterinary Medicine
Science,5,6,4,2,6,6,-1,5,5,-1,-1,-1,-1,-1,-1,-1,-1,-1,-1,-1,-1,-1,273,"community health, disease prevention",Public Health
Science,5,5,6,6,4,5,-1,5,6,-1,-1,-1,-1,-1,-1,-1,-1,-1,-1,-1,-1,-1,229,"industry, chemical production",Industrial Chemistry
Science,4,4,4,6,4,4,-1,4,-1,-1,5,-1,-1,-1,-1,-1,-1,-1,-1,-1,-1,-1,227,"oceans, marine life",Marine Science
Science,6,5,4,6,4,6,-1,2,-1,4,-1,-1,-1,-1,-1,-1,-1,-1,-1,-1,-1,-1,318,"food production, farming",Agricultural Science
Art,4,5,6,-1,-1,-1,-1,-1,-1,-1,-1,4,6,5,6,4,-1,5,-1,-1,-1,-1,188,"human rights, advocacy",Law
Art,2,4,5,-1,-1,-1,-1,-1,-1,-1,-1,6,5,5,6,5,-1,-1,-1,4,-1,-1,185,"culture, customer service",Tourism and Hospitality
Art,3,4,6,-1,-1,-1,-1,-1,-1,-1,-1,5,5,4,4,6,-1,-1,4,-1,-1,-1,156,"editing photos, creative visuals",Photography
Art,2,4,5,-1,-1,-1,-1,-1,-1,-1,-1,6,4,6,4,5,5,-1,-1,-1,-1,-1,181,"creative visuals, taking pictures",Photography
Commercial,6,4,4,-1,-1,-1,-1,-1,-1,-1,-1,4,5,-1,5,-1,-1,-1,-1,-1,5,4,274,"organizational planning, business management",Business Administration
Science,6,4,6,5,5,3,-1,5,-1,-1,-1,-1,-1,-1,-1,-1,-1,-1,-1,-1,-1,-1,245,"data, analysis",Data Science
Science,5,5,4,4,4,2,5,5,-1,-1,-1,-1,-1,-1,-1,-1,-1,-1,-1,-1,-1,-1,251,"materials, metals",Materials Engineering
Science,5,6,5,5,5,1,5,4,-1,-1,-1,-1,-1,-1,-1,-1,-1,-1,-1,-1,-1,-1,262,"buildings, design",Architecture
Science,4,4,6,6,6,4,-1,5,4,-1,-1,-1,-1,-1,-1,-1,-1,-1,-1,-1,-1,-1,297,"vision, eyes",Optometry
Science,4,6,4,1,5,4,-1,5,5,-1,-1,-1,-1,-1,-1,-1,-1,-1,-1,-1,-1,-1,220,"health diet, food",Nutrition and Dietetics
Science,5,4,6,4,5,6,-1,5,4,-1,-1,-1,-1,-1,-1,-1,-1,-1,-1,-1,-1,-1,221,"computation, modeling",Applied Mathematics
Science,4,6,6,4,5,4,-1,4,-1,-1,4,-1,-1,-1,-1,-1,-1,-1,-1,-1,-1,-1,319,"oceans, marine life",Marine Science
Science,6,4,5,6,6,4,-1,3,-1,4,-1,-1,-1,-1,-1,-1,-1,-1,-1,-1,-1,-1,261,"farming, food production",Agricultural Science
Art,4,6,5,-1,-1,-1,-1,-1,-1,-1,-1,6,4,6,5,6,-1,4,-1,-1,-1,-1,216,"media, communication",Journalism and Media Studies
Art,1,6,6,-1,-1,-1,-1,-1,-1,-1,-1,5,6,5,5,6,-1,-1,-1,6,-1,-1,212,"analysis, problem solving",Research and Policy Analysis
Art,2,6,4,-1,-1,-1,-1,-1,-1,-1,-1,5,5,5,4,6,-1,-1,6,-1,-1,-1,219,"digital products, user experience",UI/UX Design
Art,3,4,6,-1,-1,-1,-1,-1,-1,-1,-1,6,4,4,5,6,6,-1,-1,-1,-1,-1,209,"user experience, mobile apps",UI/UX Design
Commercial,6,5,5,-1,-1,-1,-1,-1,-1,-1,-1,6,6,-1,6,-1,-1,-1,-1,-1,5,6,277,"financial analysis, financial records",Accounting
Science,5,6,4,6,6,1,-1,5,-1,-1,-1,-1,-1,-1,-1,-1,-1,-1,-1,-1,-1,-1,257,"security, network protection",Cyber Security
Science,4,6,6,5,6,3,6,6,-1,-1,-1,-1,-1,-1,-1,-1,-1,-1,-1,-1,-1,-1,240,"materials, structures",Materials Engineering
Science,4,5,4,4,4,3,4,4,-1,-1,-1,-1,-1,-1,-1,-1,-1,-1,-1,-1,-1,-1,251,"city development, environmental planning",Urban and Regional Planning
Science,6,6,5,4,6,6,-1,5,5,-1,-1,-1,-1,-1,-1,-1,-1,-1,-1,-1,-1,-1,275,"laboratory, drugs",Pharmacy
Science,5,5,5,3,4,4,-1,6,6,-1,-1,-1,-1,-1,-1,-1,-1,-1,-1,-1,-1,-1,280,"disease prevention, community health",Public Health
Science,5,5,4,6,4,5,-1,4,4,-1,-1,-1,-1,-1,-1,-1,-1,-1,-1,-1,-1,-1,300,"life science, nature",Biology
Science,4,5,6,5,4,5,-1,4,-1,-1,6,-1,-1,-1,-1,-1,-1,-1,-1,-1,-1,-1,301,"earth structure, seismology",Geophysics
Science,6,6,5,6,6,6,-1,2,-1,4,-1,-1,-1,-1,-1,-1,-1,-1,-1,-1,-1,-1,269,"wildlife management, environmental protection",Forestry
Art,4,4,6,-1,-1,-1,-1,-1,-1,-1,-1,6,4,5,4,6,-1,6,-1,-1,-1,-1,205,"criminal justice, law enforcement",Criminology
Art,2,4,4,-1,-1,-1,-1,-1,-1,-1,-1,5,4,4,4,6,-1,-1,-1,4,-1,-1,218,"historical artifacts, excavation",Archaeology
Art,1,4,5,-1,-1,-1,-1,-1,-1,-1,-1,5,4,6,4,5,-1,-1,5,-1,-1,-1,197,"user experience, user interface",UI/UX Design
Art,1,6,4,-1,-1,-1,-1,-1,-1,-1,-1,5,4,6,6,6,4,-1,-1,-1,-1,-1,206,"mobile apps, user interface",UI/UX Design
Commercial,4,4,5,-1,-1,-1,-1,-1,-1,-1,-1,5,6,-1,6,-1,-1,-1,-1,-1,4,6,310,"consumer behavior, branding",Marketing
Science,6,6,4,5,4,3,-1,6,-1,-1,-1,-1,-1,-1,-1,-1,-1,-1,-1,-1,-1,-1,237,"automation, AI",Artificial Intelligence
Science,5,4,5,5,4,3,5,6,-1,-1,-1,-1,-1,-1,-1,-1,-1,-1,-1,-1,-1,-1,282,"production, chemicals",Chemical Engineering
Science,5,6,6,4,5,1,5,4,-1,-1,-1,-1,-1,-1,-1,-1,-1,-1,-1,-1,-1,-1,240,"building estimation, construction costs",Quantity Surveying
Science,5,4,4,6,6,5,-1,6,6,-1,-1,-1,-1,-1,-1,-1,-1,-1,-1,-1,-1,-1,255,"rehabilitation, movement",Physiotherapy
Science,4,6,5,1,5,4,-1,5,4,-1,-1,-1,-1,-1,-1,-1,-1,-1,-1,-1,-1,-1,274,"community health, disease prevention",Public Health
Science,5,4,4,6,5,6,-1,6,4,-1,-1,-1,-1,-1,-1,-1,-1,-1,-1,-1,-1,-1,313,"research, microorganisms",Microbiology
Science,4,4,6,4,6,4,-1,4,-1,-1,6,-1,-1,-1,-1,-1,-1,-1,-1,-1,-1,-1,299,"environment, climate",Environmental Science
Science,4,6,6,5,5,6,-1,1,-1,5,-1,-1,-1,-1,-1,-1,-1,-1,-1,-1,-1,-1,275,"gardening, landscaping",Horticulture
Art,5,4,4,-1,-1,-1,-1,-1,-1,-1,-1,4,6,5,6,4,-1,5,-1,-1,-1,-1,186,"politics, government",Political Science
Art,2,4,4,-1,-1,-1,-1,-1,-1,-1,-1,6,6,4,4,4,-1,-1,-1,4,-1,-1,179,"history preservation, tourism",Museum and Heritage Studies
Art,1,5,5,-1,-1,-1,-1,-1,-1,-1,-1,5,6,5,5,5,-1,-1,6,-1,-1,-1,154,"sculpting, fine arts",Painting and Sculpture
Art,1,6,6,-1,-1,-1,-1,-1,-1,-1,-1,6,4,6,4,6,6,-1,-1,-1,-1,-1,219,"painting, crafts",Painting and Sculpture
Commercial,6,4,5,-1,-1,-1,-1,-1,-1,-1,-1,5,4,-1,6,-1,-1,-1,-1,-1,6,4,309,"policy analysis, claims processing",Insurance
Science,6,6,5,4,6,2,-1,4,-1,-1,-1,-1,-1,-1,-1,-1,-1,-1,-1,-1,-1,-1,212,"data, analysis",Data Science
Science,5,4,5,4,4,3,5,5,-1,-1,-1,-1,-1,-1,-1,-1,-1,-1,-1,-1,-1,-1,284,"mechanics, machines",Mechanical Engineering
Science,4,5,4,5,6,1,4,5,-1,-1,-1,-1,-1,-1,-1,-1,-1,-1,-1,-1,-1,-1,237,"environmental planning, city development",Urban and Regional Planning
Science,5,6,5,6,5,6,-1,5,6,-1,-1,-1,-1,-1,-1,-1,-1,-1,-1,-1,-1,-1,302,"animals, veterinary care",Veterinary Medicine
Science,6,6,4,3,6,5,-1,6,5,-1,-1,-1,-1,-1,-1,-1,-1,-1,-1,-1,-1,-1,280,"food, health diet",Nutrition and Dietetics
Science,5,4,6,6,5,6,-1,6,5,-1,-1,-1,-1,-1,-1,-1,-1,-1,-1,-1,-1,-1,295,"nature, life science",Biology
Science,4,6,5,4,6,4,-1,5,-1,-1,6,-1,-1,-1,-1,-1,-1,-1,-1,-1,-1,-1,290,"weather, climate",Meteorology
Science,6,4,4,5,4,5,-1,1,-1,5,-1,-1,-1,-1,-1,-1,-1,-1,-1,-1,-1,-1,220,"community outreach, farmer education",Agricultural Extension
Art,4,5,4,-1,-1,-1,-1,-1,-1,-1,-1,5,4,4,4,4,-1,4,-1,-1,-1,-1,191,"public serving, administration",Public Administration
Art,2,5,5,-1,-1,-1,-1,-1,-1,-1,-1,6,5,5,4,5,-1,-1,-1,5,-1,-1,195,"research, problem solving",Research and Policy Analysis
Art,3,5,4,-1,-1,-1,-1,-1,-1,-1,-1,6,4,6,5,5,-1,-1,6,-1,-1,-1,203,"character design, Sketching",Illustration
Art,3,6,6,-1,-1,-1,-1,-1,-1,-1,-1,4,5,4,5,4,5,-1,-1,-1,-1,-1,158,"character design, digital art",Illustration
Commercial,4,5,4,-1,-1,-1,-1,-1,-1,-1,-1,6,5,-1,6,-1,-1,-1,-1,-1,5,5,243,"investment, money management",Banking and Finance
Science,5,6,4,4,5,3,-1,6,-1,-1,-1,-1,-1,-1,-1,-1,-1,-1,-1,-1,-1,-1,217,"software integration, hardware",Computer Engineering
Science,5,6,6,4,5,3,6,4,-1,-1,-1,-1,-1,-1,-1,-1,-1,-1,-1,-1,-1,-1,263,"construction, buildings",Civil Engineering
Science,5,5,4,5,6,1,6,5,-1,-1,-1,-1,-1,-1,-1,-1,-1,-1,-1,-1,-1,-1,269,"drawing, design",Architecture
Science,6,4,4,6,4,5,-1,5,5,-1,-1,-1,-1,-1,-1,-1,-1,-1,-1,-1,-1,-1,281,"drugs, laboratory",Pharmacy
Science,6,5,6,2,5,6,-1,5,6,-1,-1,-1,-1,-1,-1,-1,-1,-1,-1,-1,-1,-1,282,"food, health diet",Nutrition and Dietetics
Science,6,4,5,5,6,6,-1,5,5,-1,-1,-1,-1,-1,-1,-1,-1,-1,-1,-1,-1,-1,314,"industry, chemical production",Industrial Chemistry
Science,5,6,5,4,4,5,-1,6,-1,-1,6,-1,-1,-1,-1,-1,-1,-1,-1,-1,-1,-1,242,"earth structure, seismology",Geophysics
Science,4,6,4,5,5,5,-1,2,-1,5,-1,-1,-1,-1,-1,-1,-1,-1,-1,-1,-1,-1,253,"gardening, fruit production",Horticulture
Art,6,4,6,-1,-1,-1,-1,-1,-1,-1,-1,5,4,4,5,5,-1,5,-1,-1,-1,-1,207,"counselling, mental health",Psychology
Art,3,5,6,-1,-1,-1,-1,-1,-1,-1,-1,4,6,4,4,4,-1,-1,-1,4,-1,-1,230,"research, excavation",Archaeology
Art,1,6,4,-1,-1,-1,-1,-1,-1,-1,-1,5,5,4,4,5,-1,-1,4,-1,-1,-1,160,"drawing, Sketching",Illustration
Art,1,4,4,-1,-1,-1,-1,-1,-1,-1,-1,6,4,6,6,6,4,-1,-1,-1,-1,-1,188,"digital art, Sketching",Illustration
Commercial,4,6,5,-1,-1,-1,-1,-1,-1,-1,-1,5,6,-1,6,-1,-1,-1,-1,-1,5,4,337,"data modelling, statistics",Actuarial Science
Science,5,4,5,4,5,3,-1,4,-1,-1,-1,-1,-1,-1,-1,-1,-1,-1,-1,-1,-1,-1,220,"statistics, data",Data Science
Science,4,6,6,4,4,1,6,5,-1,-1,-1,-1,-1,-1,-1,-1,-1,-1,-1,-1,-1,-1,280,"marine systems, ocean",Marine Engineering
Science,6,4,5,5,5,2,5,4,-1,-1,-1,-1,-1,-1,-1,-1,-1,-1,-1,-1,-1,-1,240,"spatial data, geographic information system",Surveying and Geoinformatics
Science,4,4,4,5,6,4,-1,6,6,-1,-1,-1,-1,-1,-1,-1,-1,-1,-1,-1,-1,-1,265,"imaging, diagnosis",Radiology
Science,4,6,5,1,6,4,-1,5,4,-1,-1,-1,-1,-1,-1,-1,-1,-1,-1,-1,-1,-1,256,"disease prevention, community health",Public Health
Science,6,6,5,4,4,5,-1,6,6,-1,-1,-1,-1,-1,-1,-1,-1,-1,-1,-1,-1,-1,280,"biological molecules, lab work",Biochemistry
Science,5,4,4,6,4,5,-1,4,-1,-1,5,-1,-1,-1,-1,-1,-1,-1,-1,-1,-1,-1,311,"oceans, marine life",Marine Science
Science,4,5,5,4,6,6,-1,2,-1,6,-1,-1,-1,-1,-1,-1,-1,-1,-1,-1,-1,-1,306,"farming, crops",Agronomy
Art,6,6,4,-1,-1,-1,-1,-1,-1,-1,-1,5,4,4,4,6,-1,4,-1,-1,-1,-1,189,"public policy, politics",Political Science
Art,3,5,5,-1,-1,-1,-1,-1,-1,-1,-1,4,5,4,4,4,-1,-1,-1,6,-1,-1,198,"travel, tour guiding",Tourism and Hospitality
Art,3,4,5,-1,-1,-1,-1,-1,-1,-1,-1,5,6,4,4,5,-1,-1,4,-1,-1,-1,205,"art technology, Creative software",Digital Art
Art,3,5,5,-1,-1,-1,-1,-1,-1,-1,-1,5,4,6,5,5,6,-1,-1,-1,-1,-1,181,"drawing tablets, Creative software",Digital Art
Commercial,4,4,4,-1,-1,-1,-1,-1,-1,-1,-1,5,4,-1,4,-1,-1,-1,-1,-1,4,4,326,"government finance, tax laws",Taxation
Science,4,6,6,4,6,1,-1,5,-1,-1,-1,-1,-1,-1,-1,-1,-1,-1,-1,-1,-1,-1,231,"coding, programming",Computer Science
Science,5,4,5,6,5,2,4,5,-1,-1,-1,-1,-1,-1,-1,-1,-1,-1,-1,-1,-1,-1,245,"production, optimization",Industrial Engineering
Science,6,4,6,6,6,3,4,6,-1,-1,-1,-1,-1,-1,-1,-1,-1,-1,-1,-1,-1,-1,259,"cost analysis, building estimation",Quantity Surveying
Science,4,4,5,4,4,4,-1,4,5,-1,-1,-1,-1,-1,-1,-1,-1,-1,-1,-1,-1,-1,318,"treatment, medicine",Medicine and Surgery
Science,5,4,4,3,5,4,-1,4,5,-1,-1,-1,-1,-1,-1,-1,-1,-1,-1,-1,-1,-1,255,"health diet, food",Nutrition and Dietetics
Science,5,6,4,6,4,6,-1,5,4,-1,-1,-1,-1,-1,-1,-1,-1,-1,-1,-1,-1,-1,271,"research, microorganisms",Microbiology
Science,6,4,5,5,5,5,-1,4,-1,-1,5,-1,-1,-1,-1,-1,-1,-1,-1,-1,-1,-1,266,"earth structure, seismology",Geophysics
Science,4,6,5,6,6,6,-1,2,-1,4,-1,-1,-1,-1,-1,-1,-1,-1,-1,-1,-1,-1,226,"soil testing, land management",Soil Science
Art,4,5,4,-1,-1,-1,-1,-1,-1,-1,-1,6,6,5,5,4,-1,6,-1,-1,-1,-1,210,"public policy, leadership",Political Science
Art,1,6,5,-1,-1,-1,-1,-1,-1,-1,-1,6,4,6,4,4,-1,-1,-1,5,-1,-1,219,"historical records, libraries",Archival Studies
Art,1,6,6,-1,-1,-1,-1,-1,-1,-1,-1,6,6,4,5,4,-1,-1,4,-1,-1,-1,157,"website layouts, user experience",Web Design
Art,2,4,5,-1,-1,-1,-1,-1,-1,-1,-1,4,5,6,6,6,4,-1,-1,-1,-1,-1,170,"ui design, user experience",Web Design
Commercial,6,6,5,-1,-1,-1,-1,-1,-1,-1,-1,5,5,-1,6,-1,-1,-1,-1,-1,5,4,283,"task management, planning",Project Management
Science,5,6,5,4,5,1,-1,6,-1,-1,-1,-1,-1,-1,-1,-1,-1,-1,-1,-1,-1,-1,252,"hacking, network protection",Cyber Security
Science,5,5,6,5,4,2,4,6,-1,-1,-1,-1,-1,-1,-1,-1,-1,-1,-1,-1,-1,-1,273,"space, aircraft",Aerospace Engineering
Science,4,6,6,4,5,1,5,4,-1,-1,-1,-1,-1,-1,-1,-1,-1,-1,-1,-1,-1,-1,274,"geographic information system, mapping",Surveying and Geoinformatics
Science,5,5,4,4,6,6,-1,5,6,-1,-1,-1,-1,-1,-1,-1,-1,-1,-1,-1,-1,-1,252,"treatment, cancer",Oncology
Science,6,4,5,1,6,6,-1,4,5,-1,-1,-1,-1,-1,-1,-1,-1,-1,-1,-1,-1,-1,233,"disease prevention, community health",Public Health
Science,4,4,6,5,6,6,-1,5,4,-1,-1,-1,-1,-1,-1,-1,-1,-1,-1,-1,-1,-1,304,"probability, data analysis",Statistics
Science,4,4,6,5,6,5,-1,4,-1,-1,6,-1,-1,-1,-1,-1,-1,-1,-1,-1,-1,-1,226,"earth science, rocks",Geology
Science,5,6,6,4,4,6,-1,1,-1,6,-1,-1,-1,-1,-1,-1,-1,-1,-1,-1,-1,-1,309,"farm management, rural development",Agricultural Economics
Art,6,4,6,-1,-1,-1,-1,-1,-1,-1,-1,5,6,5,5,5,-1,4,-1,-1,-1,-1,162,"diplomacy, foreign policy",International Relations
Art,3,6,5,-1,-1,-1,-1,-1,-1,-1,-1,4,4,4,6,4,-1,-1,-1,5,-1,-1,185,"history preservation, heritage",Museum and Heritage Studies
Art,1,4,4,-1,-1,-1,-1,-1,-1,-1,-1,4,4,5,5,5,-1,-1,5,-1,-1,-1,191,"fine arts, sculpting",Painting and Sculpture
Art,1,4,5,-1,-1,-1,-1,-1,-1,-1,-1,4,5,6,5,6,6,-1,-1,-1,-1,-1,204,"crafts, painting",Painting and Sculpture
Commercial,5,5,6,-1,-1,-1,-1,-1,-1,-1,-1,6,5,-1,4,-1,-1,-1,-1,-1,6,6,243,"investment, financial markets",Banking and Finance
Science,6,4,5,6,5,1,-1,6,-1,-1,-1,-1,-1,-1,-1,-1,-1,-1,-1,-1,-1,-1,239,"software integration, hardware",Computer Engineering
Science,4,6,5,4,5,2,5,6,-1,-1,-1,-1,-1,-1,-1,-1,-1,-1,-1,-1,-1,-1,289,"structures, construction",Civil Engineering
Science,4,4,4,5,5,3,5,4,-1,-1,-1,-1,-1,-1,-1,-1,-1,-1,-1,-1,-1,-1,242,"mapping, land measurement",Surveying and Geoinformatics
Science,4,6,6,5,6,6,-1,6,6,-1,-1,-1,-1,-1,-1,-1,-1,-1,-1,-1,-1,-1,263,"healthcare, treatment",Medicine and Surgery
Science,6,5,5,2,6,6,-1,4,4,-1,-1,-1,-1,-1,-1,-1,-1,-1,-1,-1,-1,-1,252,"community health, disease prevention",Public Health
Science,4,4,6,6,4,4,-1,6,6,-1,-1,-1,-1,-1,-1,-1,-1,-1,-1,-1,-1,-1,261,"modeling, computation",Applied Mathematics
Science,5,5,6,4,5,6,-1,6,-1,-1,6,-1,-1,-1,-1,-1,-1,-1,-1,-1,-1,-1,288,"seismology, earth structure",Geophysics
Science,5,5,6,5,4,4,-1,2,-1,6,-1,-1,-1,-1,-1,-1,-1,-1,-1,-1,-1,-1,282,"agricultural training, farmer education",Agricultural Extension
Art,4,5,4,-1,-1,-1,-1,-1,-1,-1,-1,6,6,5,5,4,-1,4,-1,-1,-1,-1,201,"forensic studies, crime investigation",Criminology
Art,1,5,6,-1,-1,-1,-1,-1,-1,-1,-1,4,6,5,5,4,-1,-1,-1,6,-1,-1,195,"ancient civilization, historical artifacts",Archaeology
Art,1,6,5,-1,-1,-1,-1,-1,-1,-1,-1,6,6,4,4,6,-1,-1,6,-1,-1,-1,160,"space planning, home aesthetics",Interior Design
Art,2,6,6,-1,-1,-1,-1,-1,-1,-1,-1,5,4,5,5,4,6,-1,-1,-1,-1,-1,149,"space planning, room decoration",Interior Design
Commercial,5,6,6,-1,-1,-1,-1,-1,-1,-1,-1,5,5,-1,4,-1,-1,-1,-1,-1,6,4,323,"investment, banking",Banking and Finance
Science,6,5,5,5,4,1,-1,6,-1,-1,-1,-1,-1,-1,-1,-1,-1,-1,-1,-1,-1,-1,245,"software integration, hardware",Computer Engineering
Science,6,6,4,6,6,2,4,5,-1,-1,-1,-1,-1,-1,-1,-1,-1,-1,-1,-1,-1,-1,269,"electronics, electricity",Electrical Engineering
Science,4,6,6,6,6,2,6,5,-1,-1,-1,-1,-1,-1,-1,-1,-1,-1,-1,-1,-1,-1,230,"land valuation, real estate",Estate Management
Science,5,6,6,6,6,5,-1,5,4,-1,-1,-1,-1,-1,-1,-1,-1,-1,-1,-1,-1,-1,256,"care, patients",Nursing
Science,6,4,4,3,6,6,-1,4,4,-1,-1,-1,-1,-1,-1,-1,-1,-1,-1,-1,-1,-1,228,"community health, disease prevention",Public Health
Science,6,6,4,4,4,6,-1,6,6,-1,-1,-1,-1,-1,-1,-1,-1,-1,-1,-1,-1,-1,249,"theory, problem solving",Mathematics
Science,4,6,4,6,6,6,-1,4,-1,-1,4,-1,-1,-1,-1,-1,-1,-1,-1,-1,-1,-1,290,"rocks, earth science",Geology
Science,6,5,5,5,5,5,-1,1,-1,4,-1,-1,-1,-1,-1,-1,-1,-1,-1,-1,-1,-1,264,"environmental protection, wildlife management",Forestry
Art,6,4,5,-1,-1,-1,-1,-1,-1,-1,-1,4,4,5,5,5,-1,4,-1,-1,-1,-1,202,"birth rates, migration patterns",Demography
Art,1,6,6,-1,-1,-1,-1,-1,-1,-1,-1,4,5,4,6,5,-1,-1,-1,6,-1,-1,204,"problem solving, research",Research and Policy Analysis
Art,2,5,6,-1,-1,-1,-1,-1,-1,-1,-1,6,5,5,4,5,-1,-1,6,-1,-1,-1,185,"animation, creative editing",Motion Graphics
Art,3,6,6,-1,-1,-1,-1,-1,-1,-1,-1,4,6,6,6,6,5,-1,-1,-1,-1,-1,201,"visual storytelling, video effects",Motion Graphics
Commercial,4,5,4,-1,-1,-1,-1,-1,-1,-1,-1,5,4,-1,6,-1,-1,-1,-1,-1,4,6,326,"auditing, financial records",Accounting
Science,4,5,5,4,4,1,-1,5,-1,-1,-1,-1,-1,-1,-1,-1,-1,-1,-1,-1,-1,-1,254,"software integration, hardware",Computer Engineering
Science,6,6,5,6,6,2,6,6,-1,-1,-1,-1,-1,-1,-1,-1,-1,-1,-1,-1,-1,-1,234,"circuits, electronics",Electrical Engineering
Science,5,5,5,5,5,1,4,5,-1,-1,-1,-1,-1,-1,-1,-1,-1,-1,-1,-1,-1,-1,249,"building estimation, project budgeting",Quantity Surveying
Science,4,4,5,5,6,6,-1,4,4,-1,-1,-1,-1,-1,-1,-1,-1,-1,-1,-1,-1,-1,270,"treatment, medicine",Medicine and Surgery
Science,6,4,6,1,5,4,-1,4,5,-1,-1,-1,-1,-1,-1,-1,-1,-1,-1,-1,-1,-1,256,"disease prevention, community health",Public Health
Science,5,4,5,6,6,6,-1,5,6,-1,-1,-1,-1,-1,-1,-1,-1,-1,-1,-1,-1,-1,285,"nature, life science",Biology
Science,6,5,6,5,5,6,-1,4,-1,-1,6,-1,-1,-1,-1,-1,-1,-1,-1,-1,-1,-1,223,"rocks, earth science",Geology
Science,5,4,5,4,5,5,-1,2,-1,4,-1,-1,-1,-1,-1,-1,-1,-1,-1,-1,-1,-1,274,"environmental conservation, land management",Soil Science
Art,6,5,4,-1,-1,-1,-1,-1,-1,-1,-1,5,6,6,5,5,-1,5,-1,-1,-1,-1,225,"leadership, policy making",Public Administration
Art,3,4,5,-1,-1,-1,-1,-1,-1,-1,-1,5,6,5,4,6,-1,-1,-1,4,-1,-1,172,"heritage, history preservation",Museum and Heritage Studies
Art,2,4,5,-1,-1,-1,-1,-1,-1,-1,-1,6,5,4,5,4,-1,-1,5,-1,-1,-1,190,"creative editing, animation",Motion Graphics
Art,2,4,6,-1,-1,-1,-1,-1,-1,-1,-1,6,5,5,4,5,5,-1,-1,-1,-1,-1,146,"visual storytelling, creative editing",Motion Graphics
Commercial,6,5,6,-1,-1,-1,-1,-1,-1,-1,-1,6,6,-1,5,-1,-1,-1,-1,-1,5,5,310,"banking, investment",Banking and Finance
Science,5,5,4,5,4,2,-1,5,-1,-1,-1,-1,-1,-1,-1,-1,-1,-1,-1,-1,-1,-1,219,"network protection, security",Cyber Security
Science,4,5,5,4,4,1,6,5,-1,-1,-1,-1,-1,-1,-1,-1,-1,-1,-1,-1,-1,-1,232,"production, optimization",Industrial Engineering
Science,6,4,5,4,5,2,5,4,-1,-1,-1,-1,-1,-1,-1,-1,-1,-1,-1,-1,-1,-1,279,"transport systems, environmental planning",Urban and Regional Planning
Science,6,4,4,4,5,6,-1,6,5,-1,-1,-1,-1,-1,-1,-1,-1,-1,-1,-1,-1,-1,319,"eyes, vision",Optometry
Science,6,6,6,1,4,4,-1,5,5,-1,-1,-1,-1,-1,-1,-1,-1,-1,-1,-1,-1,-1,286,"disease prevention, community health",Public Health
Science,6,4,4,5,4,6,-1,4,5,-1,-1,-1,-1,-1,-1,-1,-1,-1,-1,-1,-1,-1,288,"technology, research",Applied Physics
Science,6,6,4,6,5,5,-1,6,-1,-1,5,-1,-1,-1,-1,-1,-1,-1,-1,-1,-1,-1,259,"oceans, marine life",Marine Science
Science,4,5,4,4,4,4,-1,3,-1,4,-1,-1,-1,-1,-1,-1,-1,-1,-1,-1,-1,-1,287,"agricultural training, farmer education",Agricultural Extension
Art,4,6,4,-1,-1,-1,-1,-1,-1,-1,-1,5,6,4,5,4,-1,4,-1,-1,-1,-1,220,"cultural studies, community development",Sociology
Art,2,6,6,-1,-1,-1,-1,-1,-1,-1,-1,5,6,4,5,4,-1,-1,-1,5,-1,-1,215,"research, ancient civilization",Archaeology
Art,3,4,5,-1,-1,-1,-1,-1,-1,-1,-1,6,4,5,5,4,-1,-1,5,-1,-1,-1,149,"art technology, Creative software",Digital Art
Art,2,6,6,-1,-1,-1,-1,-1,-1,-1,-1,4,5,4,4,4,5,-1,-1,-1,-1,-1,214,"Creative software, digital painting",Digital Art
Commercial,6,5,4,-1,-1,-1,-1,-1,-1,-1,-1,4,6,-1,4,-1,-1,-1,-1,-1,6,5,325,"distribution, procurement",Supply Chain Management
Science,5,6,4,4,4,2,-1,6,-1,-1,-1,-1,-1,-1,-1,-1,-1,-1,-1,-1,-1,-1,211,"networks, internet",Network Engineering
Science,6,6,4,6,4,2,4,6,-1,-1,-1,-1,-1,-1,-1,-1,-1,-1,-1,-1,-1,-1,266,"space, flight",Aerospace Engineering
Science,4,4,4,6,5,2,6,5,-1,-1,-1,-1,-1,-1,-1,-1,-1,-1,-1,-1,-1,-1,238,"land valuation, property management",Estate Management
Science,4,5,6,4,6,5,-1,4,5,-1,-1,-1,-1,-1,-1,-1,-1,-1,-1,-1,-1,-1,314,"imaging, diagnosis",Radiology
Science,6,4,6,3,6,6,-1,5,5,-1,-1,-1,-1,-1,-1,-1,-1,-1,-1,-1,-1,-1,239,"health diet, food",Nutrition and Dietetics
Science,4,5,5,4,4,5,-1,5,5,-1,-1,-1,-1,-1,-1,-1,-1,-1,-1,-1,-1,-1,237,"chemical production, industry",Industrial Chemistry
Science,6,4,6,6,5,5,-1,6,-1,-1,4,-1,-1,-1,-1,-1,-1,-1,-1,-1,-1,-1,285,"earth structure, seismology",Geophysics
Science,5,5,6,4,4,6,-1,2,-1,5,-1,-1,-1,-1,-1,-1,-1,-1,-1,-1,-1,-1,264,"farmer education, rural advisory services",Agricultural Extension
Art,5,5,4,-1,-1,-1,-1,-1,-1,-1,-1,4,4,5,6,6,-1,4,-1,-1,-1,-1,230,"mental health, emotional wellbeing",Psychology
Art,1,5,5,-1,-1,-1,-1,-1,-1,-1,-1,4,4,4,5,5,-1,-1,-1,6,-1,-1,239,"customer service, travel",Tourism and Hospitality
Art,2,6,6,-1,-1,-1,-1,-1,-1,-1,-1,5,6,4,4,4,-1,-1,4,-1,-1,-1,150,"fashion trends, drawing outfits",Fashion Design
Art,1,4,5,-1,-1,-1,-1,-1,-1,-1,-1,4,4,4,5,4,5,-1,-1,-1,-1,-1,186,"fashion trends, textiles",Fashion Design
Commercial,6,5,6,-1,-1,-1,-1,-1,-1,-1,-1,6,4,-1,6,-1,-1,-1,-1,-1,6,5,266,"business oppurtunities, innovation",Entrepreneurship
Science,6,6,4,4,6,1,-1,4,-1,-1,-1,-1,-1,-1,-1,-1,-1,-1,-1,-1,-1,-1,266,"business IT, systems",Information Systems
Science,5,4,4,5,4,3,5,4,-1,-1,-1,-1,-1,-1,-1,-1,-1,-1,-1,-1,-1,-1,260,"production, chemicals",Chemical Engineering
Science,4,4,4,6,5,2,4,4,-1,-1,-1,-1,-1,-1,-1,-1,-1,-1,-1,-1,-1,-1,282,"facility management, real estate",Estate Management
Science,4,5,5,6,5,5,-1,6,5,-1,-1,-1,-1,-1,-1,-1,-1,-1,-1,-1,-1,-1,296,"hospital, patients",Nursing
Science,5,6,5,3,5,5,-1,4,4,-1,-1,-1,-1,-1,-1,-1,-1,-1,-1,-1,-1,-1,240,"health diet, food",Nutrition and Dietetics
Science,6,5,6,5,4,6,-1,5,6,-1,-1,-1,-1,-1,-1,-1,-1,-1,-1,-1,-1,-1,270,"modeling, computation",Applied Mathematics
Science,6,4,6,4,6,5,-1,4,-1,-1,5,-1,-1,-1,-1,-1,-1,-1,-1,-1,-1,-1,276,"weather, climate",Meteorology
Science,6,6,5,5,4,4,-1,2,-1,4,-1,-1,-1,-1,-1,-1,-1,-1,-1,-1,-1,-1,296,"forest conservation, environmental protection",Forestry
Art,4,4,5,-1,-1,-1,-1,-1,-1,-1,-1,4,6,6,5,5,-1,5,-1,-1,-1,-1,209,"advocacy, community service",Human Rights and Advocacy
Art,2,5,4,-1,-1,-1,-1,-1,-1,-1,-1,4,6,5,4,4,-1,-1,-1,5,-1,-1,230,"analysis, data gathering",Research and Policy Analysis
Art,1,5,5,-1,-1,-1,-1,-1,-1,-1,-1,4,4,5,5,4,-1,-1,6,-1,-1,-1,202,"animation, creative editing",Motion Graphics
Art,1,6,5,-1,-1,-1,-1,-1,-1,-1,-1,5,6,6,4,6,4,-1,-1,-1,-1,-1,162,"creative editing, visual storytelling",Motion Graphics
Commercial,4,6,4,-1,-1,-1,-1,-1,-1,-1,-1,4,6,-1,5,-1,-1,-1,-1,-1,4,5,257,"financial compliance, government finance",Taxation
Science,4,4,6,5,6,1,-1,5,-1,-1,-1,-1,-1,-1,-1,-1,-1,-1,-1,-1,-1,-1,252,"systems, business IT",Information Systems
Science,6,6,4,6,4,3,6,4,-1,-1,-1,-1,-1,-1,-1,-1,-1,-1,-1,-1,-1,-1,237,"machines, mechanics",Mechanical Engineering
Science,4,5,5,6,4,2,6,6,-1,-1,-1,-1,-1,-1,-1,-1,-1,-1,-1,-1,-1,-1,265,"building estimation, construction costs",Quantity Surveying
Science,4,4,6,4,5,5,-1,6,4,-1,-1,-1,-1,-1,-1,-1,-1,-1,-1,-1,-1,-1,305,"eyes, vision",Optometry
Science,6,5,5,1,5,5,-1,4,5,-1,-1,-1,-1,-1,-1,-1,-1,-1,-1,-1,-1,-1,225,"health diet, food",Nutrition and Dietetics
Science,4,6,4,4,4,4,-1,5,5,-1,-1,-1,-1,-1,-1,-1,-1,-1,-1,-1,-1,-1,294,"biological molecules, lab work",Biochemistry
Science,4,6,6,6,4,5,-1,6,-1,-1,6,-1,-1,-1,-1,-1,-1,-1,-1,-1,-1,-1,238,"seismology, earth structure",Geophysics
Science,5,4,4,5,5,6,-1,3,-1,5,-1,-1,-1,-1,-1,-1,-1,-1,-1,-1,-1,-1,310,"fish farming, pond management",Fisheries and Aquaculture
Art,6,5,6,-1,-1,-1,-1,-1,-1,-1,-1,4,6,4,6,6,-1,4,-1,-1,-1,-1,196,"society, social behavior",Sociology
Art,1,5,4,-1,-1,-1,-1,-1,-1,-1,-1,5,6,6,4,5,-1,-1,-1,6,-1,-1,234,"travel, tour guiding",Tourism and Hospitality
Art,2,4,5,-1,-1,-1,-1,-1,-1,-1,-1,6,6,4,6,5,-1,-1,4,-1,-1,-1,212,"user experience, mobile apps",UI/UX Design
Art,1,6,4,-1,-1,-1,-1,-1,-1,-1,-1,5,5,4,5,6,5,-1,-1,-1,-1,-1,206,"mobile apps, user experience",UI/UX Design
Commercial,4,6,4,-1,-1,-1,-1,-1,-1,-1,-1,5,6,-1,6,-1,-1,-1,-1,-1,5,4,270,"organizational planning, office administration",Business Administration
Science,4,6,5,5,6,3,-1,4,-1,-1,-1,-1,-1,-1,-1,-1,-1,-1,-1,-1,-1,-1,232,"security, network protection",Cyber Security
Science,6,4,4,6,5,3,4,4,-1,-1,-1,-1,-1,-1,-1,-1,-1,-1,-1,-1,-1,-1,236,"space, aircraft",Aerospace Engineering
Science,5,6,4,5,4,1,4,5,-1,-1,-1,-1,-1,-1,-1,-1,-1,-1,-1,-1,-1,-1,255,"facility management, land valuation",Estate Management
Science,6,4,4,4,6,4,-1,5,6,-1,-1,-1,-1,-1,-1,-1,-1,-1,-1,-1,-1,-1,304,"imaging, diagnosis",Radiology
Science,5,6,4,1,6,5,-1,6,4,-1,-1,-1,-1,-1,-1,-1,-1,-1,-1,-1,-1,-1,225,"community health, disease prevention",Public Health
Science,5,4,5,5,4,5,-1,4,5,-1,-1,-1,-1,-1,-1,-1,-1,-1,-1,-1,-1,-1,266,"life science, nature",Biology
Science,5,6,5,4,4,4,-1,5,-1,-1,6,-1,-1,-1,-1,-1,-1,-1,-1,-1,-1,-1,276,"oceans, marine life",Marine Science
Science,6,4,5,4,5,6,-1,2,-1,6,-1,-1,-1,-1,-1,-1,-1,-1,-1,-1,-1,-1,286,"environmental conservation, land management",Soil Science
Art,5,5,6,-1,-1,-1,-1,-1,-1,-1,-1,5,6,4,5,6,-1,6,-1,-1,-1,-1,218,"society, social behavior",Sociology
Art,3,6,5,-1,-1,-1,-1,-1,-1,-1,-1,4,5,4,5,4,-1,-1,-1,5,-1,-1,202,"documentation, historical records",Archival Studies
Art,3,5,6,-1,-1,-1,-1,-1,-1,-1,-1,5,4,5,4,5,-1,-1,6,-1,-1,-1,176,"visual storytelling, video effects",Motion Graphics
Art,3,5,5,-1,-1,-1,-1,-1,-1,-1,-1,4,5,6,6,6,6,-1,-1,-1,-1,-1,192,"video effects, creative editing",Motion Graphics
Commercial,5,4,4,-1,-1,-1,-1,-1,-1,-1,-1,6,5,-1,4,-1,-1,-1,-1,-1,4,4,254,"procurement, logistics",Supply Chain Management
Science,5,5,4,5,4,3,-1,5,-1,-1,-1,-1,-1,-1,-1,-1,-1,-1,-1,-1,-1,-1,254,"networks, communication systems",Network Engineering
Science,4,4,6,4,4,2,4,4,-1,-1,-1,-1,-1,-1,-1,-1,-1,-1,-1,-1,-1,-1,280,"production, chemicals",Chemical Engineering
Science,5,4,4,6,4,2,5,5,-1,-1,-1,-1,-1,-1,-1,-1,-1,-1,-1,-1,-1,-1,282,"AutoCad, drawing",Architecture
Science,4,6,4,5,4,6,-1,4,4,-1,-1,-1,-1,-1,-1,-1,-1,-1,-1,-1,-1,-1,310,"therapy, movement",Physiotherapy
Science,5,6,5,3,4,4,-1,6,6,-1,-1,-1,-1,-1,-1,-1,-1,-1,-1,-1,-1,-1,298,"food, health diet",Nutrition and Dietetics
Science,4,6,6,5,6,4,-1,5,4,-1,-1,-1,-1,-1,-1,-1,-1,-1,-1,-1,-1,-1,319,"life science, nature",Biology
Science,4,6,5,4,5,5,-1,4,-1,-1,5,-1,-1,-1,-1,-1,-1,-1,-1,-1,-1,-1,262,"marine life, oceans",Marine Science
Science,4,4,6,6,4,4,-1,3,-1,6,-1,-1,-1,-1,-1,-1,-1,-1,-1,-1,-1,-1,242,"agribusiness, market analysis",Agricultural Economics
Art,4,5,6,-1,-1,-1,-1,-1,-1,-1,-1,4,5,4,5,4,-1,4,-1,-1,-1,-1,208,"crime investigation, law enforcement",Criminology
Art,2,6,6,-1,-1,-1,-1,-1,-1,-1,-1,6,5,5,6,6,-1,-1,-1,4,-1,-1,214,"ancient civilization, excavation",Archaeology
Art,3,6,4,-1,-1,-1,-1,-1,-1,-1,-1,6,6,4,5,6,-1,-1,4,-1,-1,-1,170,"design, creativity",Graphics Design
Art,1,4,6,-1,-1,-1,-1,-1,-1,-1,-1,6,6,4,5,6,4,-1,-1,-1,-1,-1,189,"creativity, posters",Graphics Design
Commercial,6,6,6,-1,-1,-1,-1,-1,-1,-1,-1,6,6,-1,5,-1,-1,-1,-1,-1,4,5,254,"leadership, office administration",Business Administration
Science,5,4,6,5,4,3,-1,4,-1,-1,-1,-1,-1,-1,-1,-1,-1,-1,-1,-1,-1,-1,248,"IT systems, computers",Information Technology
Science,4,5,4,6,5,1,6,5,-1,-1,-1,-1,-1,-1,-1,-1,-1,-1,-1,-1,-1,-1,250,"construction, structures",Civil Engineering
Science,5,6,4,4,6,2,4,5,-1,-1,-1,-1,-1,-1,-1,-1,-1,-1,-1,-1,-1,-1,230,"spatial data, mapping",Surveying and Geoinformatics
Science,6,5,6,6,6,4,-1,5,6,-1,-1,-1,-1,-1,-1,-1,-1,-1,-1,-1,-1,-1,296,"treatment, cancer",Oncology
Science,4,5,4,3,5,6,-1,6,5,-1,-1,-1,-1,-1,-1,-1,-1,-1,-1,-1,-1,-1,223,"health diet, food",Nutrition and Dietetics
Science,4,5,4,5,4,5,-1,5,6,-1,-1,-1,-1,-1,-1,-1,-1,-1,-1,-1,-1,-1,256,"reactions, laboratory",Chemistry
Science,6,4,4,6,4,6,-1,6,-1,-1,5,-1,-1,-1,-1,-1,-1,-1,-1,-1,-1,-1,308,"seismology, earth structure",Geophysics
Science,4,5,4,6,4,4,-1,3,-1,6,-1,-1,-1,-1,-1,-1,-1,-1,-1,-1,-1,-1,227,"environmental conservation, land management",Soil Science
Art,6,4,6,-1,-1,-1,-1,-1,-1,-1,-1,6,5,5,4,6,-1,4,-1,-1,-1,-1,177,"criminal justice, crime investigation",Criminology
Art,1,6,5,-1,-1,-1,-1,-1,-1,-1,-1,6,4,6,5,5,-1,-1,-1,4,-1,-1,177,"research, data gathering",Research and Policy Analysis
Art,3,5,6,-1,-1,-1,-1,-1,-1,-1,-1,5,4,5,4,5,-1,-1,6,-1,-1,-1,205,"visual storytelling, creative editing",Motion Graphics
Art,2,4,5,-1,-1,-1,-1,-1,-1,-1,-1,4,6,5,6,4,4,-1,-1,-1,-1,-1,197,"creative editing, video effects",Motion Graphics
Commercial,4,6,6,-1,-1,-1,-1,-1,-1,-1,-1,4,6,-1,5,-1,-1,-1,-1,-1,4,4,285,"distribution, procurement",Supply Chain Management
Science,4,4,4,4,4,2,-1,4,-1,-1,-1,-1,-1,-1,-1,-1,-1,-1,-1,-1,-1,-1,233,"software integration, hardware",Computer Engineering
Science,5,6,6,5,6,1,5,6,-1,-1,-1,-1,-1,-1,-1,-1,-1,-1,-1,-1,-1,-1,249,"electronics, power systems",Electrical Engineering
Science,5,5,4,6,5,3,5,5,-1,-1,-1,-1,-1,-1,-1,-1,-1,-1,-1,-1,-1,-1,273,"cost analysis, project budgeting",Quantity Surveying
Science,5,4,6,4,4,4,-1,5,6,-1,-1,-1,-1,-1,-1,-1,-1,-1,-1,-1,-1,-1,313,"medical imaging, x_ray",Radiography
Science,5,6,6,1,5,5,-1,4,4,-1,-1,-1,-1,-1,-1,-1,-1,-1,-1,-1,-1,-1,242,"disease prevention, community health",Public Health
Science,4,6,4,5,4,5,-1,5,5,-1,-1,-1,-1,-1,-1,-1,-1,-1,-1,-1,-1,-1,317,"life science, nature",Biology
Science,6,4,4,5,4,5,-1,4,-1,-1,6,-1,-1,-1,-1,-1,-1,-1,-1,-1,-1,-1,225,"seismology, earth structure",Geophysics
Science,5,5,4,5,5,4,-1,1,-1,4,-1,-1,-1,-1,-1,-1,-1,-1,-1,-1,-1,-1,246,"animal breeding, vertinary care",Animal Science
Art,5,5,6,-1,-1,-1,-1,-1,-1,-1,-1,4,4,4,4,6,-1,4,-1,-1,-1,-1,161,"human behaviour, emotional wellbeing",Psychology
Art,1,5,5,-1,-1,-1,-1,-1,-1,-1,-1,4,4,6,5,6,-1,-1,-1,5,-1,-1,174,"record keeping, documentation",Archival Studies
Art,1,6,6,-1,-1,-1,-1,-1,-1,-1,-1,6,4,6,5,4,-1,-1,5,-1,-1,-1,178,"creative editing, visual storytelling",Motion Graphics
Art,1,4,4,-1,-1,-1,-1,-1,-1,-1,-1,5,4,4,4,6,6,-1,-1,-1,-1,-1,219,"creative editing, animation",Motion Graphics
Commercial,6,6,5,-1,-1,-1,-1,-1,-1,-1,-1,4,6,-1,4,-1,-1,-1,-1,-1,6,6,285,"inventory management, procurement",Supply Chain Management
Science,4,5,6,4,6,1,-1,6,-1,-1,-1,-1,-1,-1,-1,-1,-1,-1,-1,-1,-1,-1,240,"computers, support",Information Technology
Science,4,6,6,5,6,1,6,4,-1,-1,-1,-1,-1,-1,-1,-1,-1,-1,-1,-1,-1,-1,250,"automobiles, cars",Automotive Engineering
Science,4,5,4,6,4,2,4,4,-1,-1,-1,-1,-1,-1,-1,-1,-1,-1,-1,-1,-1,-1,233,"geographic information system, spatial data",Surveying and Geoinformatics
Science,4,6,5,4,4,6,-1,6,6,-1,-1,-1,-1,-1,-1,-1,-1,-1,-1,-1,-1,-1,273,"teeth, dental care",Dentistry
Science,6,5,5,2,4,6,-1,4,5,-1,-1,-1,-1,-1,-1,-1,-1,-1,-1,-1,-1,-1,286,"disease prevention, community health",Public Health
Science,6,5,5,4,6,6,-1,5,5,-1,-1,-1,-1,-1,-1,-1,-1,-1,-1,-1,-1,-1,265,"industry, chemical production",Industrial Chemistry
Science,5,4,4,5,5,5,-1,4,-1,-1,4,-1,-1,-1,-1,-1,-1,-1,-1,-1,-1,-1,230,"oceans, marine life",Marine Science
Science,5,6,5,6,6,6,-1,2,-1,5,-1,-1,-1,-1,-1,-1,-1,-1,-1,-1,-1,-1,250,"rural development, market analysis",Agricultural Economics
Art,6,5,4,-1,-1,-1,-1,-1,-1,-1,-1,4,5,4,5,6,-1,6,-1,-1,-1,-1,210,"advocacy, human rights",Human Rights and Advocacy
Art,1,4,5,-1,-1,-1,-1,-1,-1,-1,-1,6,5,4,4,4,-1,-1,-1,4,-1,-1,230,"record keeping, documentation",Archival Studies
Art,2,6,6,-1,-1,-1,-1,-1,-1,-1,-1,4,4,6,5,5,-1,-1,6,-1,-1,-1,204,"user experience, user interface",UI/UX Design
Art,3,5,6,-1,-1,-1,-1,-1,-1,-1,-1,6,4,4,6,5,6,-1,-1,-1,-1,-1,168,"user interface, user experience",UI/UX Design
Commercial,5,4,4,-1,-1,-1,-1,-1,-1,-1,-1,6,5,-1,4,-1,-1,-1,-1,-1,4,5,265,"bookkeeping, financial records",Accounting
Science,6,5,6,6,6,2,-1,4,-1,-1,-1,-1,-1,-1,-1,-1,-1,-1,-1,-1,-1,-1,263,"network protection, hacking",Cyber Security
Science,4,4,4,5,6,3,6,4,-1,-1,-1,-1,-1,-1,-1,-1,-1,-1,-1,-1,-1,-1,221,"cars, automobiles",Automotive Engineering
Science,6,6,4,6,6,2,4,5,-1,-1,-1,-1,-1,-1,-1,-1,-1,-1,-1,-1,-1,-1,247,"community planning, transport systems",Urban and Regional Planning
Science,6,5,5,6,5,6,-1,5,4,-1,-1,-1,-1,-1,-1,-1,-1,-1,-1,-1,-1,-1,262,"diagnosis, imaging",Radiology
Science,6,5,5,1,6,5,-1,4,6,-1,-1,-1,-1,-1,-1,-1,-1,-1,-1,-1,-1,-1,274,"health diet, food",Nutrition and Dietetics
Science,4,5,6,5,6,4,-1,6,5,-1,-1,-1,-1,-1,-1,-1,-1,-1,-1,-1,-1,-1,295,"experiments, energy",Physics
Science,5,5,6,6,6,4,-1,6,-1,-1,4,-1,-1,-1,-1,-1,-1,-1,-1,-1,-1,-1,283,"earth science, rocks",Geology
Science,6,5,6,6,4,5,-1,1,-1,4,-1,-1,-1,-1,-1,-1,-1,-1,-1,-1,-1,-1,311,"fruit production, landscaping",Horticulture
Art,4,6,4,-1,-1,-1,-1,-1,-1,-1,-1,6,6,6,6,5,-1,4,-1,-1,-1,-1,190,"social justice, advocacy",Human Rights and Advocacy
Art,1,6,4,-1,-1,-1,-1,-1,-1,-1,-1,5,6,6,5,4,-1,-1,-1,6,-1,-1,227,"customer service, travel",Tourism and Hospitality
Art,1,4,4,-1,-1,-1,-1,-1,-1,-1,-1,5,5,5,6,4,-1,-1,6,-1,-1,-1,210,"user experience, digital products",UI/UX Design
Art,2,4,6,-1,-1,-1,-1,-1,-1,-1,-1,5,6,5,6,4,5,-1,-1,-1,-1,-1,169,"digital products, mobile apps",UI/UX Design
Commercial,5,5,4,-1,-1,-1,-1,-1,-1,-1,-1,6,4,-1,6,-1,-1,-1,-1,-1,6,6,235,"recruitment, staff management",Human Resource Management
Science,6,6,6,5,4,2,-1,6,-1,-1,-1,-1,-1,-1,-1,-1,-1,-1,-1,-1,-1,-1,247,"computers, support",Information Technology
Science,6,6,5,5,4,1,6,4,-1,-1,-1,-1,-1,-1,-1,-1,-1,-1,-1,-1,-1,-1,261,"oil, drilling",Petroleum Engineering
Science,5,6,6,4,4,2,5,4,-1,-1,-1,-1,-1,-1,-1,-1,-1,-1,-1,-1,-1,-1,257,"buildings, AutoCad",Architecture
Science,4,4,6,4,6,4,-1,6,6,-1,-1,-1,-1,-1,-1,-1,-1,-1,-1,-1,-1,-1,261,"veterinary care, animals",Veterinary Medicine
Science,4,6,4,3,4,5,-1,6,5,-1,-1,-1,-1,-1,-1,-1,-1,-1,-1,-1,-1,-1,233,"community health, disease prevention",Public Health
Science,4,5,6,4,6,4,-1,4,5,-1,-1,-1,-1,-1,-1,-1,-1,-1,-1,-1,-1,-1,308,"computation, modeling",Applied Mathematics
Science,6,5,6,5,4,5,-1,6,-1,-1,5,-1,-1,-1,-1,-1,-1,-1,-1,-1,-1,-1,284,"marine life, oceans",Marine Science
Science,6,6,6,5,4,4,-1,3,-1,6,-1,-1,-1,-1,-1,-1,-1,-1,-1,-1,-1,-1,282,"animal breeding, vertinary care",Animal Science
Art,4,4,6,-1,-1,-1,-1,-1,-1,-1,-1,4,5,5,5,5,-1,6,-1,-1,-1,-1,215,"writing, news reporting",Journalism and Media Studies
Art,3,5,5,-1,-1,-1,-1,-1,-1,-1,-1,6,5,6,5,4,-1,-1,-1,4,-1,-1,171,"record keeping, historical records",Archival Studies
Art,1,6,5,-1,-1,-1,-1,-1,-1,-1,-1,5,5,4,5,4,-1,-1,6,-1,-1,-1,192,"storytelling, motion graphics",Animation
Art,1,6,4,-1,-1,-1,-1,-1,-1,-1,-1,6,4,4,4,4,4,-1,-1,-1,-1,-1,180,"3d animation, storytelling",Animation
Commercial,5,5,4,-1,-1,-1,-1,-1,-1,-1,-1,6,5,-1,5,-1,-1,-1,-1,-1,4,4,239,"distribution, inventory management",Supply Chain Management
Science,5,6,5,6,5,3,-1,6,-1,-1,-1,-1,-1,-1,-1,-1,-1,-1,-1,-1,-1,-1,218,"programming, coding",Computer Science
Science,6,5,6,6,5,3,4,6,-1,-1,-1,-1,-1,-1,-1,-1,-1,-1,-1,-1,-1,-1,287,"structures, buildings",Civil Engineering
Science,4,6,5,6,4,1,4,5,-1,-1,-1,-1,-1,-1,-1,-1,-1,-1,-1,-1,-1,-1,246,"cost analysis, project budgeting",Quantity Surveying
Science,5,4,6,5,5,5,-1,6,4,-1,-1,-1,-1,-1,-1,-1,-1,-1,-1,-1,-1,-1,262,"medicine, treatment",Medicine and Surgery
Science,6,5,4,3,4,4,-1,5,4,-1,-1,-1,-1,-1,-1,-1,-1,-1,-1,-1,-1,-1,295,"food, health diet",Nutrition and Dietetics
Science,6,4,6,5,6,4,-1,4,4,-1,-1,-1,-1,-1,-1,-1,-1,-1,-1,-1,-1,-1,298,"genetics, bioengineering",Biotechnology
Science,4,5,4,5,5,6,-1,5,-1,-1,4,-1,-1,-1,-1,-1,-1,-1,-1,-1,-1,-1,276,"earth science, rocks",Geology
Science,5,6,6,4,5,6,-1,2,-1,4,-1,-1,-1,-1,-1,-1,-1,-1,-1,-1,-1,-1,261,"land management, environmental conservation",Soil Science
Art,6,5,5,-1,-1,-1,-1,-1,-1,-1,-1,5,6,6,5,6,-1,4,-1,-1,-1,-1,216,"counselling, human behaviour",Psychology
Art,3,5,4,-1,-1,-1,-1,-1,-1,-1,-1,5,6,6,4,4,-1,-1,-1,6,-1,-1,225,"history preservation, tourism",Museum and Heritage Studies
Art,1,4,5,-1,-1,-1,-1,-1,-1,-1,-1,5,4,5,5,6,-1,-1,6,-1,-1,-1,200,"furniture, room decoration",Interior Design
Art,2,5,5,-1,-1,-1,-1,-1,-1,-1,-1,6,6,5,4,5,6,-1,-1,-1,-1,-1,174,"home aesthetics, furniture",Interior Design
Commercial,5,6,6,-1,-1,-1,-1,-1,-1,-1,-1,5,4,-1,5,-1,-1,-1,-1,-1,6,4,265,"government finance, revenue management",Taxation
Science,6,4,4,6,6,3,-1,4,-1,-1,-1,-1,-1,-1,-1,-1,-1,-1,-1,-1,-1,-1,238,"business IT, systems",Information Systems
Science,5,4,6,5,4,2,4,5,-1,-1,-1,-1,-1,-1,-1,-1,-1,-1,-1,-1,-1,-1,269,"production, processes",Chemical Engineering
Science,4,5,5,4,6,1,5,4,-1,-1,-1,-1,-1,-1,-1,-1,-1,-1,-1,-1,-1,-1,274,"project budgeting, cost analysis",Quantity Surveying
Science,4,4,4,6,6,5,-1,5,5,-1,-1,-1,-1,-1,-1,-1,-1,-1,-1,-1,-1,-1,295,"medical science, human body",Anatomy
Science,6,4,6,3,4,4,-1,5,5,-1,-1,-1,-1,-1,-1,-1,-1,-1,-1,-1,-1,-1,287,"health diet, food",Nutrition and Dietetics
Science,4,6,4,5,5,6,-1,4,4,-1,-1,-1,-1,-1,-1,-1,-1,-1,-1,-1,-1,-1,228,"modeling, computation",Applied Mathematics
Science,5,5,6,4,4,4,-1,6,-1,-1,6,-1,-1,-1,-1,-1,-1,-1,-1,-1,-1,-1,268,"seismology, earth structure",Geophysics
Science,4,5,4,4,4,6,-1,1,-1,5,-1,-1,-1,-1,-1,-1,-1,-1,-1,-1,-1,-1,231,"soil testing, land management",Soil Science
Art,6,4,5,-1,-1,-1,-1,-1,-1,-1,-1,6,5,6,5,5,-1,5,-1,-1,-1,-1,224,"politics, diplomacy",International Relations
Art,2,6,5,-1,-1,-1,-1,-1,-1,-1,-1,5,4,6,6,6,-1,-1,-1,4,-1,-1,236,"documentation, record keeping",Archival Studies
Art,3,4,4,-1,-1,-1,-1,-1,-1,-1,-1,5,4,5,4,4,-1,-1,4,-1,-1,-1,143,"creative visuals, portraits",Photography
Art,3,6,4,-1,-1,-1,-1,-1,-1,-1,-1,6,5,5,4,5,6,-1,-1,-1,-1,-1,169,"portraits, editing photos",Photography
Commercial,5,6,5,-1,-1,-1,-1,-1,-1,-1,-1,4,6,-1,5,-1,-1,-1,-1,-1,4,6,267,"procurement, logistics",Supply Chain Management
Science,4,6,6,4,6,2,-1,5,-1,-1,-1,-1,-1,-1,-1,-1,-1,-1,-1,-1,-1,-1,217,"networks, communication systems",Network Engineering
Science,6,4,6,5,4,1,5,5,-1,-1,-1,-1,-1,-1,-1,-1,-1,-1,-1,-1,-1,-1,231,"automobiles, cars",Automotive Engineering
Science,6,4,4,4,5,3,5,6,-1,-1,-1,-1,-1,-1,-1,-1,-1,-1,-1,-1,-1,-1,221,"drawing, design",Architecture
Science,4,5,6,4,4,5,-1,5,6,-1,-1,-1,-1,-1,-1,-1,-1,-1,-1,-1,-1,-1,272,"cancer, treatment",Oncology
Science,6,4,5,2,6,4,-1,4,5,-1,-1,-1,-1,-1,-1,-1,-1,-1,-1,-1,-1,-1,293,"food, health diet",Nutrition and Dietetics
Science,6,5,6,5,6,6,-1,4,5,-1,-1,-1,-1,-1,-1,-1,-1,-1,-1,-1,-1,-1,299,"bioengineering, genetics",Biotechnology
Science,4,4,4,4,4,4,-1,5,-1,-1,5,-1,-1,-1,-1,-1,-1,-1,-1,-1,-1,-1,244,"rocks, earth science",Geology
Science,5,4,6,6,5,6,-1,1,-1,6,-1,-1,-1,-1,-1,-1,-1,-1,-1,-1,-1,-1,299,"land management, soil testing",Soil Science
Art,6,6,6,-1,-1,-1,-1,-1,-1,-1,-1,4,6,5,5,6,-1,6,-1,-1,-1,-1,175,"cultural studies, society",Sociology
Art,2,5,4,-1,-1,-1,-1,-1,-1,-1,-1,6,6,5,5,5,-1,-1,-1,4,-1,-1,218,"documentation, record keeping",Archival Studies
Art,1,5,5,-1,-1,-1,-1,-1,-1,-1,-1,5,5,4,5,5,-1,-1,6,-1,-1,-1,163,"creative coding, user experience",Web Design
Art,3,5,4,-1,-1,-1,-1,-1,-1,-1,-1,4,5,5,6,6,5,-1,-1,-1,-1,-1,220,"website layouts, ui design",Web Design
Commercial,5,4,6,-1,-1,-1,-1,-1,-1,-1,-1,4,5,-1,4,-1,-1,-1,-1,-1,5,4,333,"office administration, organizational planning",Business Administration
Science,4,4,5,4,5,2,-1,6,-1,-1,-1,-1,-1,-1,-1,-1,-1,-1,-1,-1,-1,-1,260,"analysis, statistics",Data Science
Science,4,4,4,6,5,3,5,5,-1,-1,-1,-1,-1,-1,-1,-1,-1,-1,-1,-1,-1,-1,258,"systems, optimization",Industrial Engineering
Science,4,5,4,4,4,2,4,5,-1,-1,-1,-1,-1,-1,-1,-1,-1,-1,-1,-1,-1,-1,261,"land measurement, mapping",Surveying and Geoinformatics
Science,4,4,5,5,4,4,-1,5,5,-1,-1,-1,-1,-1,-1,-1,-1,-1,-1,-1,-1,-1,290,"healthcare, medicine",Medicine and Surgery
Science,5,5,4,2,4,4,-1,5,6,-1,-1,-1,-1,-1,-1,-1,-1,-1,-1,-1,-1,-1,292,"disease prevention, community health",Public Health
Science,4,6,6,5,5,6,-1,6,4,-1,-1,-1,-1,-1,-1,-1,-1,-1,-1,-1,-1,-1,291,"research, microorganisms",Microbiology
Science,6,5,4,5,6,4,-1,6,-1,-1,6,-1,-1,-1,-1,-1,-1,-1,-1,-1,-1,-1,293,"rocks, earth science",Geology
Science,6,5,6,6,6,5,-1,3,-1,4,-1,-1,-1,-1,-1,-1,-1,-1,-1,-1,-1,-1,226,"land management, soil testing",Soil Science
Art,6,5,5,-1,-1,-1,-1,-1,-1,-1,-1,6,6,5,4,5,-1,6,-1,-1,-1,-1,228,"human rights, advocacy",Human Rights and Advocacy
Art,2,5,5,-1,-1,-1,-1,-1,-1,-1,-1,5,6,6,6,4,-1,-1,-1,4,-1,-1,230,"problem solving, analysis",Research and Policy Analysis
Art,3,5,6,-1,-1,-1,-1,-1,-1,-1,-1,5,5,4,4,5,-1,-1,6,-1,-1,-1,220,"creative coding, website layouts",Web Design
Art,3,4,6,-1,-1,-1,-1,-1,-1,-1,-1,5,5,4,6,6,6,-1,-1,-1,-1,-1,210,"user experience, website layouts",Web Design
Commercial,4,6,5,-1,-1,-1,-1,-1,-1,-1,-1,6,5,-1,5,-1,-1,-1,-1,-1,4,5,258,"consumer behavior, advertising",Marketing
Science,4,4,5,5,5,2,-1,5,-1,-1,-1,-1,-1,-1,-1,-1,-1,-1,-1,-1,-1,-1,243,"systems, business IT",Information Systems
Science,5,6,6,5,4,3,5,5,-1,-1,-1,-1,-1,-1,-1,-1,-1,-1,-1,-1,-1,-1,267,"electricity, circuits",Electrical Engineering
Science,5,6,4,4,5,3,5,6,-1,-1,-1,-1,-1,-1,-1,-1,-1,-1,-1,-1,-1,-1,226,"AutoCad, design",Architecture
Science,5,4,4,5,5,4,-1,6,6,-1,-1,-1,-1,-1,-1,-1,-1,-1,-1,-1,-1,-1,298,"medical imaging, x_ray",Radiography
Science,5,5,6,3,4,6,-1,6,5,-1,-1,-1,-1,-1,-1,-1,-1,-1,-1,-1,-1,-1,221,"food, health diet",Nutrition and Dietetics
Science,4,6,6,5,6,5,-1,4,4,-1,-1,-1,-1,-1,-1,-1,-1,-1,-1,-1,-1,-1,315,"genetics, bioengineering",Biotechnology
Science,4,6,5,6,5,5,-1,5,-1,-1,4,-1,-1,-1,-1,-1,-1,-1,-1,-1,-1,-1,292,"marine life, oceans",Marine Science
Science,6,5,6,6,5,5,-1,1,-1,6,-1,-1,-1,-1,-1,-1,-1,-1,-1,-1,-1,-1,248,"agribusiness, rural development",Agricultural Economics
Art,5,5,4,-1,-1,-1,-1,-1,-1,-1,-1,6,4,6,6,6,-1,5,-1,-1,-1,-1,174,"writing, media",Journalism and Media Studies
Art,1,6,5,-1,-1,-1,-1,-1,-1,-1,-1,5,6,5,4,5,-1,-1,-1,5,-1,-1,194,"travel, customer service",Tourism and Hospitality
Art,2,4,4,-1,-1,-1,-1,-1,-1,-1,-1,5,6,6,5,4,-1,-1,4,-1,-1,-1,185,"mobile apps, user interface",UI/UX Design
Art,2,4,5,-1,-1,-1,-1,-1,-1,-1,-1,5,6,4,5,6,6,-1,-1,-1,-1,-1,168,"user experience, digital products",UI/UX Design
Commercial,6,5,4,-1,-1,-1,-1,-1,-1,-1,-1,5,6,-1,6,-1,-1,-1,-1,-1,4,6,278,"branding, sales strategies",Marketing
Science,5,5,4,6,6,3,-1,4,-1,-1,-1,-1,-1,-1,-1,-1,-1,-1,-1,-1,-1,-1,212,"development, apps",Software Engineering
Science,5,6,5,4,5,2,5,6,-1,-1,-1,-1,-1,-1,-1,-1,-1,-1,-1,-1,-1,-1,221,"production, systems",Industrial Engineering
Science,4,6,4,4,4,2,6,6,-1,-1,-1,-1,-1,-1,-1,-1,-1,-1,-1,-1,-1,-1,220,"city development, environmental planning",Urban and Regional Planning
Science,5,6,4,6,6,5,-1,4,6,-1,-1,-1,-1,-1,-1,-1,-1,-1,-1,-1,-1,-1,296,"medical science, human body",Anatomy
Science,6,6,5,2,5,4,-1,6,4,-1,-1,-1,-1,-1,-1,-1,-1,-1,-1,-1,-1,-1,282,"disease prevention, community health",Public Health
Science,4,4,4,4,6,5,-1,5,5,-1,-1,-1,-1,-1,-1,-1,-1,-1,-1,-1,-1,-1,311,"computation, modeling",Applied Mathematics
Science,4,6,5,5,6,6,-1,6,-1,-1,4,-1,-1,-1,-1,-1,-1,-1,-1,-1,-1,-1,280,"seismology, earth structure",Geophysics
Science,4,5,4,5,6,4,-1,3,-1,5,-1,-1,-1,-1,-1,-1,-1,-1,-1,-1,-1,-1,251,"farmer education, community outreach",Agricultural Extension
Art,5,6,5,-1,-1,-1,-1,-1,-1,-1,-1,6,5,5,4,4,-1,4,-1,-1,-1,-1,176,"media, communication",Journalism and Media Studies
Art,2,5,5,-1,-1,-1,-1,-1,-1,-1,-1,6,5,4,5,4,-1,-1,-1,5,-1,-1,188,"record keeping, libraries",Archival Studies
Art,1,6,6,-1,-1,-1,-1,-1,-1,-1,-1,4,6,5,4,5,-1,-1,4,-1,-1,-1,200,"drawing outfits, fashion trends",Fashion Design
Art,2,5,5,-1,-1,-1,-1,-1,-1,-1,-1,5,5,6,4,5,5,-1,-1,-1,-1,-1,220,"clothing, fashion trends",Fashion Design
Commercial,4,6,6,-1,-1,-1,-1,-1,-1,-1,-1,5,6,-1,4,-1,-1,-1,-1,-1,5,6,291,"workplace development, employee relations",Human Resource Management
Science,4,5,5,6,4,1,-1,4,-1,-1,-1,-1,-1,-1,-1,-1,-1,-1,-1,-1,-1,-1,256,"IT systems, computers",Information Technology
Science,6,4,6,4,4,3,5,4,-1,-1,-1,-1,-1,-1,-1,-1,-1,-1,-1,-1,-1,-1,263,"cars, vehicles",Automotive Engineering
Science,5,4,4,5,5,2,4,4,-1,-1,-1,-1,-1,-1,-1,-1,-1,-1,-1,-1,-1,-1,231,"AutoCad, design",Architecture
Science,5,5,5,4,5,5,-1,4,6,-1,-1,-1,-1,-1,-1,-1,-1,-1,-1,-1,-1,-1,318,"treatment, cancer",Oncology
Science,4,6,6,1,4,4,-1,6,4,-1,-1,-1,-1,-1,-1,-1,-1,-1,-1,-1,-1,-1,291,"community health, disease prevention",Public Health
Science,6,4,5,6,5,6,-1,4,5,-1,-1,-1,-1,-1,-1,-1,-1,-1,-1,-1,-1,-1,230,"experiments, energy",Physics
Science,6,5,5,4,5,5,-1,6,-1,-1,6,-1,-1,-1,-1,-1,-1,-1,-1,-1,-1,-1,262,"oceans, marine life",Marine Science
Science,5,6,6,4,6,6,-1,1,-1,4,-1,-1,-1,-1,-1,-1,-1,-1,-1,-1,-1,-1,288,"forest conservation, wildlife management",Forestry
Art,5,5,6,-1,-1,-1,-1,-1,-1,-1,-1,5,6,5,5,6,-1,4,-1,-1,-1,-1,177,"society, cultural studies",Sociology
Art,3,4,6,-1,-1,-1,-1,-1,-1,-1,-1,6,6,4,4,4,-1,-1,-1,4,-1,-1,228,"excavation, ancient civilization",Archaeology
Art,1,4,4,-1,-1,-1,-1,-1,-1,-1,-1,5,4,6,5,5,-1,-1,6,-1,-1,-1,205,"digital art, character design",Illustration
Art,3,5,5,-1,-1,-1,-1,-1,-1,-1,-1,5,6,5,5,4,6,-1,-1,-1,-1,-1,176,"digital art, drawing",Illustration
Commercial,6,5,5,-1,-1,-1,-1,-1,-1,-1,-1,6,6,-1,6,-1,-1,-1,-1,-1,5,4,298,"claims processing, policy analysis",Insurance
Science,4,6,6,6,6,2,-1,6,-1,-1,-1,-1,-1,-1,-1,-1,-1,-1,-1,-1,-1,-1,259,"data, statistics",Data Science
Science,5,4,4,4,4,2,5,5,-1,-1,-1,-1,-1,-1,-1,-1,-1,-1,-1,-1,-1,-1,287,"electricity, circuits",Electrical Engineering
Science,4,6,5,5,5,3,6,4,-1,-1,-1,-1,-1,-1,-1,-1,-1,-1,-1,-1,-1,-1,282,"spatial data, land measurement",Surveying and Geoinformatics
Science,5,4,6,4,6,5,-1,4,4,-1,-1,-1,-1,-1,-1,-1,-1,-1,-1,-1,-1,-1,316,"healthcare, medicine",Medicine and Surgery
Science,6,4,5,3,4,6,-1,5,6,-1,-1,-1,-1,-1,-1,-1,-1,-1,-1,-1,-1,-1,279,"community health, disease prevention",Public Health
Science,6,5,5,6,4,5,-1,5,6,-1,-1,-1,-1,-1,-1,-1,-1,-1,-1,-1,-1,-1,230,"genetics, bioengineering",Biotechnology
Science,6,5,6,5,4,6,-1,5,-1,-1,4,-1,-1,-1,-1,-1,-1,-1,-1,-1,-1,-1,283,"climate, environment",Environmental Science
Science,5,5,5,6,6,4,-1,3,-1,5,-1,-1,-1,-1,-1,-1,-1,-1,-1,-1,-1,-1,298,"crop management, crops",Agronomy
Art,5,6,5,-1,-1,-1,-1,-1,-1,-1,-1,4,4,6,5,5,-1,5,-1,-1,-1,-1,164,"policy making, administration",Public Administration
Art,2,6,6,-1,-1,-1,-1,-1,-1,-1,-1,4,4,6,6,5,-1,-1,-1,4,-1,-1,175,"ancient civilization, research",Archaeology
Art,1,5,4,-1,-1,-1,-1,-1,-1,-1,-1,6,5,5,4,6,-1,-1,6,-1,-1,-1,154,"drawing tablets, art technology",Digital Art
Art,2,5,6,-1,-1,-1,-1,-1,-1,-1,-1,4,6,4,6,6,4,-1,-1,-1,-1,-1,170,"art technology, Creative software",Digital Art
Commercial,5,6,4,-1,-1,-1,-1,-1,-1,-1,-1,6,5,-1,5,-1,-1,-1,-1,-1,4,4,261,"advertising, sales strategies",Marketing
Science,5,6,5,6,4,3,-1,4,-1,-1,-1,-1,-1,-1,-1,-1,-1,-1,-1,-1,-1,-1,272,"internet, communication systems",Network Engineering
Science,5,4,4,5,5,2,5,6,-1,-1,-1,-1,-1,-1,-1,-1,-1,-1,-1,-1,-1,-1,284,"flight, aircraft",Aerospace Engineering
Science,6,5,5,5,6,1,6,5,-1,-1,-1,-1,-1,-1,-1,-1,-1,-1,-1,-1,-1,-1,290,"design, drawing",Architecture
Science,6,5,5,4,6,6,-1,4,5,-1,-1,-1,-1,-1,-1,-1,-1,-1,-1,-1,-1,-1,278,"diagnosis, testing",Medical Laboratory Science
Science,6,6,5,3,4,6,-1,4,5,-1,-1,-1,-1,-1,-1,-1,-1,-1,-1,-1,-1,-1,252,"community health, disease prevention",Public Health
Science,5,4,4,5,4,5,-1,4,6,-1,-1,-1,-1,-1,-1,-1,-1,-1,-1,-1,-1,-1,293,"problem solving, theory",Mathematics
Science,4,5,4,4,4,5,-1,5,-1,-1,4,-1,-1,-1,-1,-1,-1,-1,-1,-1,-1,-1,260,"earth structure, seismology",Geophysics
Science,4,4,6,6,6,4,-1,3,-1,5,-1,-1,-1,-1,-1,-1,-1,-1,-1,-1,-1,-1,278,"soil, crop management",Agronomy
Art,6,5,4,-1,-1,-1,-1,-1,-1,-1,-1,6,5,6,4,4,-1,4,-1,-1,-1,-1,212,"mental health, emotional wellbeing",Psychology
Art,2,4,4,-1,-1,-1,-1,-1,-1,-1,-1,6,5,4,4,6,-1,-1,-1,6,-1,-1,227,"documentation, historical records",Archival Studies
Art,2,5,6,-1,-1,-1,-1,-1,-1,-1,-1,6,6,5,5,6,-1,-1,5,-1,-1,-1,173,"mobile apps, digital products",UI/UX Design
Art,1,5,4,-1,-1,-1,-1,-1,-1,-1,-1,5,4,5,4,6,4,-1,-1,-1,-1,-1,143,"mobile apps, user experience",UI/UX Design
Commercial,5,6,4,-1,-1,-1,-1,-1,-1,-1,-1,4,6,-1,6,-1,-1,-1,-1,-1,4,5,306,"inventory management, logistics",Supply Chain Management
Science,6,4,5,5,4,2,-1,5,-1,-1,-1,-1,-1,-1,-1,-1,-1,-1,-1,-1,-1,-1,236,"programming, coding",Computer Science
Science,5,6,5,5,6,2,6,6,-1,-1,-1,-1,-1,-1,-1,-1,-1,-1,-1,-1,-1,-1,234,"materials, metals",Materials Engineering
Science,5,4,5,6,6,2,6,6,-1,-1,-1,-1,-1,-1,-1,-1,-1,-1,-1,-1,-1,-1,286,"spatial data, land measurement",Surveying and Geoinformatics
Science,5,4,6,5,4,5,-1,4,6,-1,-1,-1,-1,-1,-1,-1,-1,-1,-1,-1,-1,-1,270,"treatment, cancer",Oncology
Science,6,4,5,2,6,6,-1,5,6,-1,-1,-1,-1,-1,-1,-1,-1,-1,-1,-1,-1,-1,300,"health diet, food",Nutrition and Dietetics
Science,5,6,6,6,4,5,-1,4,5,-1,-1,-1,-1,-1,-1,-1,-1,-1,-1,-1,-1,-1,239,"research, microorganisms",Microbiology
Science,6,6,6,5,5,5,-1,4,-1,-1,5,-1,-1,-1,-1,-1,-1,-1,-1,-1,-1,-1,232,"weather, climate",Meteorology
Science,5,4,4,5,4,5,-1,2,-1,5,-1,-1,-1,-1,-1,-1,-1,-1,-1,-1,-1,-1,229,"crop management, crops",Agronomy
Art,4,5,6,-1,-1,-1,-1,-1,-1,-1,-1,5,5,5,5,6,-1,4,-1,-1,-1,-1,209,"global affairs, foreign policy",International Relations
Art,3,6,5,-1,-1,-1,-1,-1,-1,-1,-1,6,5,6,4,5,-1,-1,-1,5,-1,-1,213,"ancient civilization, research",Archaeology
Art,3,6,6,-1,-1,-1,-1,-1,-1,-1,-1,5,5,4,6,4,-1,-1,4,-1,-1,-1,213,"space planning, furniture",Interior Design
Art,2,4,4,-1,-1,-1,-1,-1,-1,-1,-1,5,5,5,6,5,5,-1,-1,-1,-1,-1,210,"room decoration, furniture",Interior Design
Commercial,5,4,4,-1,-1,-1,-1,-1,-1,-1,-1,6,4,-1,6,-1,-1,-1,-1,-1,5,5,326,"insurance mathematics, risk analysis",Actuarial Science
Science,6,4,4,5,5,1,-1,6,-1,-1,-1,-1,-1,-1,-1,-1,-1,-1,-1,-1,-1,-1,217,"communication systems, internet",Network Engineering
Science,6,5,5,4,6,3,6,6,-1,-1,-1,-1,-1,-1,-1,-1,-1,-1,-1,-1,-1,-1,276,"structures, buildings",Civil Engineering
Science,5,6,6,5,6,1,4,5,-1,-1,-1,-1,-1,-1,-1,-1,-1,-1,-1,-1,-1,-1,222,"AutoCad, drawing",Architecture
Science,5,6,6,4,5,5,-1,5,6,-1,-1,-1,-1,-1,-1,-1,-1,-1,-1,-1,-1,-1,320,"medicine, treatment",Medicine and Surgery
Science,4,4,6,3,5,6,-1,4,5,-1,-1,-1,-1,-1,-1,-1,-1,-1,-1,-1,-1,-1,259,"food, health diet",Nutrition and Dietetics
Science,5,5,5,6,5,5,-1,5,6,-1,-1,-1,-1,-1,-1,-1,-1,-1,-1,-1,-1,-1,294,"modeling, computation",Applied Mathematics
Science,4,5,4,6,4,6,-1,4,-1,-1,5,-1,-1,-1,-1,-1,-1,-1,-1,-1,-1,-1,293,"marine life, oceans",Marine Science
Science,4,5,6,4,5,4,-1,2,-1,5,-1,-1,-1,-1,-1,-1,-1,-1,-1,-1,-1,-1,290,"agricultural training, farmer education",Agricultural Extension
Art,4,6,4,-1,-1,-1,-1,-1,-1,-1,-1,4,4,4,5,6,-1,6,-1,-1,-1,-1,223,"public policy, leadership",Political Science
Art,3,5,4,-1,-1,-1,-1,-1,-1,-1,-1,4,4,5,4,5,-1,-1,-1,4,-1,-1,223,"culture, travel",Tourism and Hospitality
Art,3,5,6,-1,-1,-1,-1,-1,-1,-1,-1,5,5,6,5,4,-1,-1,6,-1,-1,-1,176,"creative editing, video effects",Motion Graphics
Art,2,5,5,-1,-1,-1,-1,-1,-1,-1,-1,4,4,5,4,6,6,-1,-1,-1,-1,-1,156,"animation, video effects",Motion Graphics
Commercial,5,4,6,-1,-1,-1,-1,-1,-1,-1,-1,5,5,-1,6,-1,-1,-1,-1,-1,5,5,276,"statistics, risk analysis",Actuarial Science
Science,4,6,6,6,4,3,-1,4,-1,-1,-1,-1,-1,-1,-1,-1,-1,-1,-1,-1,-1,-1,257,"communication systems, internet",Network Engineering
Science,4,5,6,6,6,3,6,5,-1,-1,-1,-1,-1,-1,-1,-1,-1,-1,-1,-1,-1,-1,252,"production, optimization",Industrial Engineering
Science,6,5,4,5,6,3,6,5,-1,-1,-1,-1,-1,-1,-1,-1,-1,-1,-1,-1,-1,-1,283,"design, drawing",Architecture
Science,6,4,6,4,6,6,-1,5,4,-1,-1,-1,-1,-1,-1,-1,-1,-1,-1,-1,-1,-1,281,"vision, eyes",Optometry
Science,6,6,5,1,4,5,-1,5,4,-1,-1,-1,-1,-1,-1,-1,-1,-1,-1,-1,-1,-1,291,"community health, disease prevention",Public Health
Science,6,4,5,6,4,6,-1,6,6,-1,-1,-1,-1,-1,-1,-1,-1,-1,-1,-1,-1,-1,248,"motion, experiments",Physics
Science,4,6,5,6,6,6,-1,6,-1,-1,5,-1,-1,-1,-1,-1,-1,-1,-1,-1,-1,-1,274,"climate, environment",Environmental Science
Science,5,6,6,4,5,5,-1,2,-1,5,-1,-1,-1,-1,-1,-1,-1,-1,-1,-1,-1,-1,255,"crop cultivation, agricultural technology",Agricultural Science
Art,4,5,6,-1,-1,-1,-1,-1,-1,-1,-1,6,4,6,5,5,-1,5,-1,-1,-1,-1,191,"foreign policy, politics",International Relations
Art,3,4,5,-1,-1,-1,-1,-1,-1,-1,-1,6,6,5,6,4,-1,-1,-1,4,-1,-1,191,"travel, culture",Tourism and Hospitality
Art,1,5,5,-1,-1,-1,-1,-1,-1,-1,-1,5,5,6,5,6,-1,-1,5,-1,-1,-1,188,"Sketching, character design",Illustration
Art,3,6,4,-1,-1,-1,-1,-1,-1,-1,-1,4,4,5,6,6,5,-1,-1,-1,-1,-1,187,"digital art, drawing",Illustration
Commercial,4,6,5,-1,-1,-1,-1,-1,-1,-1,-1,5,6,-1,6,-1,-1,-1,-1,-1,5,6,240,"business management, organizational planning",Business Administration
Science,4,6,6,4,6,1,-1,6,-1,-1,-1,-1,-1,-1,-1,-1,-1,-1,-1,-1,-1,-1,273,"communication systems, networks",Network Engineering
Science,4,6,5,4,6,3,5,4,-1,-1,-1,-1,-1,-1,-1,-1,-1,-1,-1,-1,-1,-1,240,"structures, materials",Materials Engineering
Science,4,4,4,4,6,2,5,5,-1,-1,-1,-1,-1,-1,-1,-1,-1,-1,-1,-1,-1,-1,289,"land valuation, real estate",Estate Management
Science,5,6,5,6,4,6,-1,4,6,-1,-1,-1,-1,-1,-1,-1,-1,-1,-1,-1,-1,-1,258,"vision, eyes",Optometry
Science,5,6,6,1,5,6,-1,6,6,-1,-1,-1,-1,-1,-1,-1,-1,-1,-1,-1,-1,-1,276,"food, health diet",Nutrition and Dietetics
Science,6,6,6,4,6,4,-1,5,4,-1,-1,-1,-1,-1,-1,-1,-1,-1,-1,-1,-1,-1,313,"experiments, motion",Physics
Science,6,5,5,4,5,4,-1,5,-1,-1,4,-1,-1,-1,-1,-1,-1,-1,-1,-1,-1,-1,301,"seismology, earth structure",Geophysics
Science,5,5,5,4,4,6,-1,3,-1,6,-1,-1,-1,-1,-1,-1,-1,-1,-1,-1,-1,-1,307,"agribusiness, farm management",Agricultural Economics
Art,6,5,6,-1,-1,-1,-1,-1,-1,-1,-1,6,5,6,4,5,-1,5,-1,-1,-1,-1,166,"debate, human rights",Law
Art,1,5,6,-1,-1,-1,-1,-1,-1,-1,-1,6,4,5,4,6,-1,-1,-1,6,-1,-1,198,"culture, history preservation",Museum and Heritage Studies
Art,1,6,4,-1,-1,-1,-1,-1,-1,-1,-1,6,5,6,6,5,-1,-1,5,-1,-1,-1,176,"space planning, furniture",Interior Design
Art,3,4,4,-1,-1,-1,-1,-1,-1,-1,-1,4,5,6,5,6,4,-1,-1,-1,-1,-1,171,"room decoration, furniture",Interior Design
Commercial,6,6,4,-1,-1,-1,-1,-1,-1,-1,-1,4,6,-1,6,-1,-1,-1,-1,-1,4,4,318,"investment, financial markets",Banking and Finance
Science,4,6,6,4,5,3,-1,5,-1,-1,-1,-1,-1,-1,-1,-1,-1,-1,-1,-1,-1,-1,246,"internet, communication systems",Network Engineering
Science,4,4,4,4,6,1,4,5,-1,-1,-1,-1,-1,-1,-1,-1,-1,-1,-1,-1,-1,-1,277,"medical devices, health technology",Biomedical Engineering
Science,4,5,5,6,4,2,6,4,-1,-1,-1,-1,-1,-1,-1,-1,-1,-1,-1,-1,-1,-1,247,"buildings, AutoCad",Architecture
Science,5,4,4,6,6,4,-1,5,6,-1,-1,-1,-1,-1,-1,-1,-1,-1,-1,-1,-1,-1,296,"medical imaging, x_ray",Radiography
Science,4,4,6,2,6,6,-1,5,4,-1,-1,-1,-1,-1,-1,-1,-1,-1,-1,-1,-1,-1,300,"community health, disease prevention",Public Health
Science,5,5,6,5,4,5,-1,4,5,-1,-1,-1,-1,-1,-1,-1,-1,-1,-1,-1,-1,-1,278,"biological molecules, lab work",Biochemistry
Science,5,4,5,5,6,6,-1,4,-1,-1,5,-1,-1,-1,-1,-1,-1,-1,-1,-1,-1,-1,310,"oceans, marine life",Marine Science
Science,5,5,4,4,6,4,-1,2,-1,6,-1,-1,-1,-1,-1,-1,-1,-1,-1,-1,-1,-1,248,"plant breeding, plants",Crop Science
Art,4,6,6,-1,-1,-1,-1,-1,-1,-1,-1,4,4,6,6,4,-1,4,-1,-1,-1,-1,201,"leadership, public serving",Public Administration
Art,2,6,4,-1,-1,-1,-1,-1,-1,-1,-1,4,6,5,5,6,-1,-1,-1,4,-1,-1,221,"travel, tour guiding",Tourism and Hospitality
Art,3,5,6,-1,-1,-1,-1,-1,-1,-1,-1,6,6,4,4,6,-1,-1,6,-1,-1,-1,181,"Sketching, character design",Illustration
Art,3,5,6,-1,-1,-1,-1,-1,-1,-1,-1,6,5,5,4,6,5,-1,-1,-1,-1,-1,163,"drawing, Sketching",Illustration
Commercial,6,4,5,-1,-1,-1,-1,-1,-1,-1,-1,6,4,-1,6,-1,-1,-1,-1,-1,6,6,308,"task management, planning",Project Management
Science,4,4,4,4,5,2,-1,6,-1,-1,-1,-1,-1,-1,-1,-1,-1,-1,-1,-1,-1,-1,280,"business IT, systems",Information Systems
Science,6,5,4,5,6,3,5,4,-1,-1,-1,-1,-1,-1,-1,-1,-1,-1,-1,-1,-1,-1,273,"circuits, power systems",Electrical Engineering
Science,6,5,5,4,5,1,6,6,-1,-1,-1,-1,-1,-1,-1,-1,-1,-1,-1,-1,-1,-1,233,"cost analysis, building estimation",Quantity Surveying
Science,5,4,4,6,4,5,-1,6,6,-1,-1,-1,-1,-1,-1,-1,-1,-1,-1,-1,-1,-1,291,"rehabilitation, therapy",Physiotherapy
Science,6,4,6,2,5,4,-1,5,4,-1,-1,-1,-1,-1,-1,-1,-1,-1,-1,-1,-1,-1,231,"health diet, food",Nutrition and Dietetics
Science,6,4,5,5,4,6,-1,6,6,-1,-1,-1,-1,-1,-1,-1,-1,-1,-1,-1,-1,-1,309,"probability, data analysis",Statistics
Science,6,4,5,5,5,4,-1,5,-1,-1,5,-1,-1,-1,-1,-1,-1,-1,-1,-1,-1,-1,295,"climate, weather",Meteorology
Science,5,5,6,5,5,5,-1,3,-1,4,-1,-1,-1,-1,-1,-1,-1,-1,-1,-1,-1,-1,233,"vertinary care, livestock farming",Animal Science
Art,6,6,6,-1,-1,-1,-1,-1,-1,-1,-1,4,6,5,6,4,-1,4,-1,-1,-1,-1,209,"crime investigation, criminal justice",Criminology
Art,3,5,4,-1,-1,-1,-1,-1,-1,-1,-1,6,5,5,4,5,-1,-1,-1,4,-1,-1,175,"tourism, history preservation",Museum and Heritage Studies
Art,1,5,5,-1,-1,-1,-1,-1,-1,-1,-1,5,6,5,4,6,-1,-1,4,-1,-1,-1,169,"design, posters",Graphics Design
Art,2,4,4,-1,-1,-1,-1,-1,-1,-1,-1,6,5,6,6,5,6,-1,-1,-1,-1,-1,190,"posters, creativity",Graphics Design
Commercial,4,6,5,-1,-1,-1,-1,-1,-1,-1,-1,4,4,-1,5,-1,-1,-1,-1,-1,5,4,233,"money management, investment",Banking and Finance
Science,6,5,5,6,5,1,-1,6,-1,-1,-1,-1,-1,-1,-1,-1,-1,-1,-1,-1,-1,-1,268,"network protection, security",Cyber Security
Science,5,4,4,5,5,3,5,4,-1,-1,-1,-1,-1,-1,-1,-1,-1,-1,-1,-1,-1,-1,281,"circuits, electronics",Electrical Engineering
Science,5,4,4,5,6,1,4,5,-1,-1,-1,-1,-1,-1,-1,-1,-1,-1,-1,-1,-1,-1,251,"building estimation, construction costs",Quantity Surveying
Science,4,5,6,4,4,6,-1,5,6,-1,-1,-1,-1,-1,-1,-1,-1,-1,-1,-1,-1,-1,299,"diagnosis, imaging",Radiology
Science,6,4,4,1,6,6,-1,5,5,-1,-1,-1,-1,-1,-1,-1,-1,-1,-1,-1,-1,-1,259,"community health, disease prevention",Public Health
Science,5,6,6,6,4,6,-1,5,6,-1,-1,-1,-1,-1,-1,-1,-1,-1,-1,-1,-1,-1,314,"biological molecules, lab work",Biochemistry
Science,5,6,4,4,5,6,-1,6,-1,-1,4,-1,-1,-1,-1,-1,-1,-1,-1,-1,-1,-1,276,"oceans, marine life",Marine Science
Science,4,5,5,6,6,5,-1,3,-1,5,-1,-1,-1,-1,-1,-1,-1,-1,-1,-1,-1,-1,241,"land management, soil testing",Soil Science
Art,4,5,5,-1,-1,-1,-1,-1,-1,-1,-1,5,5,4,6,4,-1,5,-1,-1,-1,-1,167,"crime investigation, criminal justice",Criminology
Art,3,5,4,-1,-1,-1,-1,-1,-1,-1,-1,6,6,5,6,5,-1,-1,-1,4,-1,-1,218,"travel, culture",Tourism and Hospitality
Art,3,6,5,-1,-1,-1,-1,-1,-1,-1,-1,5,4,4,6,4,-1,-1,6,-1,-1,-1,163,"space planning, home aesthetics",Interior Design
Art,1,6,4,-1,-1,-1,-1,-1,-1,-1,-1,5,5,4,4,4,5,-1,-1,-1,-1,-1,197,"furniture, room decoration",Interior Design
Commercial,5,4,5,-1,-1,-1,-1,-1,-1,-1,-1,6,5,-1,6,-1,-1,-1,-1,-1,6,5,294,"claims processing, risk management",Insurance
Science,4,6,4,6,4,1,-1,6,-1,-1,-1,-1,-1,-1,-1,-1,-1,-1,-1,-1,-1,-1,254,"data, analysis",Data Science
Science,4,4,5,4,6,3,5,6,-1,-1,-1,-1,-1,-1,-1,-1,-1,-1,-1,-1,-1,-1,282,"circuits, electronics",Electrical Engineering
Science,4,6,5,6,4,3,5,6,-1,-1,-1,-1,-1,-1,-1,-1,-1,-1,-1,-1,-1,-1,256,"land valuation, property management",Estate Management
Science,5,4,5,6,5,5,-1,5,5,-1,-1,-1,-1,-1,-1,-1,-1,-1,-1,-1,-1,-1,315,"drugs, laboratory",Pharmacy
Science,4,4,4,2,4,5,-1,6,5,-1,-1,-1,-1,-1,-1,-1,-1,-1,-1,-1,-1,-1,237,"community health, disease prevention",Public Health
Science,4,6,5,6,4,6,-1,4,6,-1,-1,-1,-1,-1,-1,-1,-1,-1,-1,-1,-1,-1,285,"life science, nature",Biology
Science,4,6,5,6,6,4,-1,6,-1,-1,5,-1,-1,-1,-1,-1,-1,-1,-1,-1,-1,-1,282,"climate, weather",Meteorology
Science,6,5,5,5,6,4,-1,2,-1,5,-1,-1,-1,-1,-1,-1,-1,-1,-1,-1,-1,-1,244,"farmer education, community outreach",Agricultural Extension
Art,6,4,4,-1,-1,-1,-1,-1,-1,-1,-1,5,5,4,6,4,-1,4,-1,-1,-1,-1,214,"society, social behavior",Sociology
Art,2,4,5,-1,-1,-1,-1,-1,-1,-1,-1,4,6,4,6,5,-1,-1,-1,6,-1,-1,175,"heritage, history preservation",Museum and Heritage Studies
Art,2,4,4,-1,-1,-1,-1,-1,-1,-1,-1,5,5,5,6,5,-1,-1,6,-1,-1,-1,144,"clothing, fashion trends",Fashion Design
Art,1,5,6,-1,-1,-1,-1,-1,-1,-1,-1,5,5,4,5,4,5,-1,-1,-1,-1,-1,211,"fashion trends, textiles",Fashion Design
Commercial,4,5,5,-1,-1,-1,-1,-1,-1,-1,-1,5,6,-1,4,-1,-1,-1,-1,-1,5,4,240,"government finance, tax laws",Taxation
Science,6,6,6,5,5,1,-1,4,-1,-1,-1,-1,-1,-1,-1,-1,-1,-1,-1,-1,-1,-1,213,"hardware, software integration",Computer Engineering
Science,6,6,4,5,4,1,5,4,-1,-1,-1,-1,-1,-1,-1,-1,-1,-1,-1,-1,-1,-1,237,"gas, oil",Petroleum Engineering
Science,5,4,5,5,4,3,4,5,-1,-1,-1,-1,-1,-1,-1,-1,-1,-1,-1,-1,-1,-1,258,"construction costs, project budgeting",Quantity Surveying
Science,6,4,6,6,4,5,-1,4,5,-1,-1,-1,-1,-1,-1,-1,-1,-1,-1,-1,-1,-1,259,"teeth, dental care",Dentistry
Science,4,6,5,2,6,6,-1,6,4,-1,-1,-1,-1,-1,-1,-1,-1,-1,-1,-1,-1,-1,294,"health diet, food",Nutrition and Dietetics
Science,6,6,4,5,6,6,-1,6,5,-1,-1,-1,-1,-1,-1,-1,-1,-1,-1,-1,-1,-1,228,"laboratory, reactions",Chemistry
Science,5,6,5,5,4,4,-1,4,-1,-1,6,-1,-1,-1,-1,-1,-1,-1,-1,-1,-1,-1,238,"seismology, earth structure",Geophysics
Science,5,5,6,6,4,4,-1,3,-1,4,-1,-1,-1,-1,-1,-1,-1,-1,-1,-1,-1,-1,255,"animal breeding, livestock farming",Animal Science
Art,4,5,5,-1,-1,-1,-1,-1,-1,-1,-1,6,5,4,4,4,-1,6,-1,-1,-1,-1,173,"policy making, administration",Public Administration
Art,2,5,6,-1,-1,-1,-1,-1,-1,-1,-1,4,5,5,5,6,-1,-1,-1,5,-1,-1,227,"record keeping, libraries",Archival Studies
Art,1,5,4,-1,-1,-1,-1,-1,-1,-1,-1,4,5,6,5,5,-1,-1,5,-1,-1,-1,161,"website layouts, user experience",Web Design
Art,1,5,5,-1,-1,-1,-1,-1,-1,-1,-1,5,6,4,6,6,6,-1,-1,-1,-1,-1,213,"ui design, user experience",Web Design
Commercial,4,6,5,-1,-1,-1,-1,-1,-1,-1,-1,4,6,-1,6,-1,-1,-1,-1,-1,4,4,329,"leadership, organizational planning",Business Administration
Science,4,4,5,4,5,1,-1,6,-1,-1,-1,-1,-1,-1,-1,-1,-1,-1,-1,-1,-1,-1,211,"AI, machine learning",Artificial Intelligence
Science,4,5,4,5,5,3,4,5,-1,-1,-1,-1,-1,-1,-1,-1,-1,-1,-1,-1,-1,-1,262,"automation, systems",Mechatronics Engineering
Science,5,6,5,6,6,1,6,4,-1,-1,-1,-1,-1,-1,-1,-1,-1,-1,-1,-1,-1,-1,268,"design, drawing",Architecture
Science,6,5,6,6,6,4,-1,4,6,-1,-1,-1,-1,-1,-1,-1,-1,-1,-1,-1,-1,-1,313,"body functions, health science",Physiology
Science,4,6,5,1,6,4,-1,4,6,-1,-1,-1,-1,-1,-1,-1,-1,-1,-1,-1,-1,-1,282,"food, health diet",Nutrition and Dietetics
Science,6,6,5,4,4,6,-1,6,4,-1,-1,-1,-1,-1,-1,-1,-1,-1,-1,-1,-1,-1,223,"experiments, motion",Physics
Science,4,6,6,6,6,6,-1,4,-1,-1,5,-1,-1,-1,-1,-1,-1,-1,-1,-1,-1,-1,240,"seismology, earth structure",Geophysics
Science,6,5,6,4,4,6,-1,1,-1,5,-1,-1,-1,-1,-1,-1,-1,-1,-1,-1,-1,-1,229,"crop management, soil",Agronomy
Art,5,5,6,-1,-1,-1,-1,-1,-1,-1,-1,4,6,5,6,5,-1,6,-1,-1,-1,-1,225,"social justice, community service",Human Rights and Advocacy
Art,1,6,6,-1,-1,-1,-1,-1,-1,-1,-1,4,6,4,5,6,-1,-1,-1,5,-1,-1,195,"tour guiding, customer service",Tourism and Hospitality
Art,3,4,5,-1,-1,-1,-1,-1,-1,-1,-1,6,6,6,4,6,-1,-1,6,-1,-1,-1,164,"painting, crafts",Painting and Sculpture
Art,3,5,4,-1,-1,-1,-1,-1,-1,-1,-1,6,6,4,4,5,4,-1,-1,-1,-1,-1,154,"crafts, sculpting",Painting and Sculpture
Commercial,5,4,5,-1,-1,-1,-1,-1,-1,-1,-1,5,5,-1,4,-1,-1,-1,-1,-1,6,5,242,"staff management, employee relations",Human Resource Management
Science,5,5,6,6,6,3,-1,4,-1,-1,-1,-1,-1,-1,-1,-1,-1,-1,-1,-1,-1,-1,216,"statistics, analysis",Data Science
Science,5,6,5,5,4,1,6,6,-1,-1,-1,-1,-1,-1,-1,-1,-1,-1,-1,-1,-1,-1,223,"space, aircraft",Aerospace Engineering
Science,5,6,4,5,6,2,4,5,-1,-1,-1,-1,-1,-1,-1,-1,-1,-1,-1,-1,-1,-1,288,"facility management, real estate",Estate Management
Science,4,5,6,4,5,4,-1,6,5,-1,-1,-1,-1,-1,-1,-1,-1,-1,-1,-1,-1,-1,261,"medication, laboratory",Pharmacy
Science,4,5,4,3,6,4,-1,5,4,-1,-1,-1,-1,-1,-1,-1,-1,-1,-1,-1,-1,-1,266,"disease prevention, community health",Public Health
Science,6,4,6,4,4,4,-1,6,6,-1,-1,-1,-1,-1,-1,-1,-1,-1,-1,-1,-1,-1,266,"probability, data analysis",Statistics
Science,4,6,5,5,6,4,-1,5,-1,-1,5,-1,-1,-1,-1,-1,-1,-1,-1,-1,-1,-1,267,"marine life, oceans",Marine Science
Science,5,4,5,5,5,4,-1,1,-1,4,-1,-1,-1,-1,-1,-1,-1,-1,-1,-1,-1,-1,257,"land management, soil testing",Soil Science
Art,6,6,6,-1,-1,-1,-1,-1,-1,-1,-1,4,6,5,6,4,-1,6,-1,-1,-1,-1,164,"social behavior, society",Sociology
Art,2,5,6,-1,-1,-1,-1,-1,-1,-1,-1,4,6,5,5,6,-1,-1,-1,5,-1,-1,215,"research, analysis",Research and Policy Analysis
Art,1,6,4,-1,-1,-1,-1,-1,-1,-1,-1,6,6,6,4,5,-1,-1,5,-1,-1,-1,206,"website layouts, ui design",Web Design
Art,1,4,4,-1,-1,-1,-1,-1,-1,-1,-1,5,5,6,6,4,6,-1,-1,-1,-1,-1,198,"creative coding, ui design",Web Design
Commercial,5,6,6,-1,-1,-1,-1,-1,-1,-1,-1,6,5,-1,4,-1,-1,-1,-1,-1,4,6,276,"financial markets, money management",Banking and Finance
Science,5,6,6,4,6,1,-1,5,-1,-1,-1,-1,-1,-1,-1,-1,-1,-1,-1,-1,-1,-1,220,"computers, support",Information Technology
Science,5,5,6,4,6,1,5,5,-1,-1,-1,-1,-1,-1,-1,-1,-1,-1,-1,-1,-1,-1,273,"machines, engines",Mechanical Engineering
Science,4,4,5,6,5,2,6,6,-1,-1,-1,-1,-1,-1,-1,-1,-1,-1,-1,-1,-1,-1,271,"design, drawing",Architecture
Science,6,5,4,5,5,4,-1,5,6,-1,-1,-1,-1,-1,-1,-1,-1,-1,-1,-1,-1,-1,255,"healthcare, treatment",Medicine and Surgery
Science,6,4,5,2,6,6,-1,6,6,-1,-1,-1,-1,-1,-1,-1,-1,-1,-1,-1,-1,-1,239,"health diet, food",Nutrition and Dietetics
Science,4,4,5,5,6,6,-1,4,5,-1,-1,-1,-1,-1,-1,-1,-1,-1,-1,-1,-1,-1,228,"genetics, bioengineering",Biotechnology
Science,6,5,6,4,5,5,-1,4,-1,-1,5,-1,-1,-1,-1,-1,-1,-1,-1,-1,-1,-1,315,"weather, climate",Meteorology
Science,4,6,6,6,6,4,-1,3,-1,6,-1,-1,-1,-1,-1,-1,-1,-1,-1,-1,-1,-1,221,"soil, crops",Agronomy
Art,4,4,5,-1,-1,-1,-1,-1,-1,-1,-1,5,4,6,4,4,-1,5,-1,-1,-1,-1,167,"cultural studies, social behavior",Sociology
Art,3,6,5,-1,-1,-1,-1,-1,-1,-1,-1,4,4,6,6,5,-1,-1,-1,4,-1,-1,203,"tour guiding, customer service",Tourism and Hospitality
Art,2,5,5,-1,-1,-1,-1,-1,-1,-1,-1,5,5,6,5,4,-1,-1,6,-1,-1,-1,205,"editing photos, taking pictures",Photography
Art,3,6,6,-1,-1,-1,-1,-1,-1,-1,-1,6,6,6,4,5,5,-1,-1,-1,-1,-1,178,"taking pictures, creative visuals",Photography
Commercial,5,4,6,-1,-1,-1,-1,-1,-1,-1,-1,4,4,-1,5,-1,-1,-1,-1,-1,5,6,258,"planning, projects",Project Management
Science,5,6,6,5,5,3,-1,5,-1,-1,-1,-1,-1,-1,-1,-1,-1,-1,-1,-1,-1,-1,271,"communication systems, internet",Network Engineering
Science,6,5,5,6,5,3,6,6,-1,-1,-1,-1,-1,-1,-1,-1,-1,-1,-1,-1,-1,-1,249,"space, flight",Aerospace Engineering
Science,5,4,4,6,5,3,6,6,-1,-1,-1,-1,-1,-1,-1,-1,-1,-1,-1,-1,-1,-1,260,"building estimation, project budgeting",Quantity Surveying
Science,5,5,4,6,4,6,-1,4,6,-1,-1,-1,-1,-1,-1,-1,-1,-1,-1,-1,-1,-1,319,"laboratory, medication",Pharmacy
Science,6,5,5,2,5,4,-1,4,4,-1,-1,-1,-1,-1,-1,-1,-1,-1,-1,-1,-1,-1,286,"disease prevention, community health",Public Health
Science,5,4,6,5,6,4,-1,5,4,-1,-1,-1,-1,-1,-1,-1,-1,-1,-1,-1,-1,-1,279,"life science, nature",Biology
Science,4,5,4,4,6,4,-1,4,-1,-1,6,-1,-1,-1,-1,-1,-1,-1,-1,-1,-1,-1,229,"earth structure, seismology",Geophysics
Science,6,6,4,6,6,5,-1,3,-1,5,-1,-1,-1,-1,-1,-1,-1,-1,-1,-1,-1,-1,266,"market analysis, rural development",Agricultural Economics
Art,4,5,6,-1,-1,-1,-1,-1,-1,-1,-1,4,4,5,4,5,-1,5,-1,-1,-1,-1,215,"leadership, public policy",Political Science
Art,3,4,4,-1,-1,-1,-1,-1,-1,-1,-1,4,4,6,4,6,-1,-1,-1,6,-1,-1,240,"ancient civilization, excavation",Archaeology
Art,1,6,4,-1,-1,-1,-1,-1,-1,-1,-1,4,6,4,6,4,-1,-1,5,-1,-1,-1,193,"crafts, fine arts",Painting and Sculpture
Art,3,5,5,-1,-1,-1,-1,-1,-1,-1,-1,6,5,4,4,6,6,-1,-1,-1,-1,-1,150,"painting, sculpting",Painting and Sculpture
Commercial,5,6,5,-1,-1,-1,-1,-1,-1,-1,-1,5,4,-1,6,-1,-1,-1,-1,-1,5,4,335,"planning, task management",Project Management
Science,6,6,4,4,5,1,-1,5,-1,-1,-1,-1,-1,-1,-1,-1,-1,-1,-1,-1,-1,-1,234,"software, coding",Computer Science
Science,4,4,6,5,6,2,4,5,-1,-1,-1,-1,-1,-1,-1,-1,-1,-1,-1,-1,-1,-1,222,"vehicles, engines",Automotive Engineering
Science,4,6,4,6,5,2,5,6,-1,-1,-1,-1,-1,-1,-1,-1,-1,-1,-1,-1,-1,-1,220,"land measurement, geographic information system",Surveying and Geoinformatics
Science,6,5,4,4,5,4,-1,5,4,-1,-1,-1,-1,-1,-1,-1,-1,-1,-1,-1,-1,-1,304,"teeth, dental care",Dentistry
Science,6,6,4,2,5,6,-1,5,5,-1,-1,-1,-1,-1,-1,-1,-1,-1,-1,-1,-1,-1,227,"disease prevention, community health",Public Health
Science,5,5,6,4,6,6,-1,5,4,-1,-1,-1,-1,-1,-1,-1,-1,-1,-1,-1,-1,-1,245,"modeling, computation",Applied Mathematics
Science,4,6,6,6,4,6,-1,4,-1,-1,4,-1,-1,-1,-1,-1,-1,-1,-1,-1,-1,-1,233,"seismology, earth structure",Geophysics
Science,5,6,6,4,4,5,-1,2,-1,5,-1,-1,-1,-1,-1,-1,-1,-1,-1,-1,-1,-1,226,"farming, crop cultivation",Agricultural Science
Art,5,6,6,-1,-1,-1,-1,-1,-1,-1,-1,4,4,4,6,5,-1,5,-1,-1,-1,-1,198,"global affairs, foreign policy",International Relations
Art,2,4,4,-1,-1,-1,-1,-1,-1,-1,-1,5,4,6,6,5,-1,-1,-1,6,-1,-1,215,"history preservation, tourism",Museum and Heritage Studies
Art,2,6,4,-1,-1,-1,-1,-1,-1,-1,-1,4,6,4,4,5,-1,-1,4,-1,-1,-1,205,"motion graphics, 3d animation",Animation
Art,1,6,6,-1,-1,-1,-1,-1,-1,-1,-1,5,4,4,6,4,4,-1,-1,-1,-1,-1,175,"storytelling, cartoons",Animation
Commercial,5,6,6,-1,-1,-1,-1,-1,-1,-1,-1,6,6,-1,5,-1,-1,-1,-1,-1,6,5,335,"branding, sales strategies",Marketing
Science,5,5,5,5,6,1,-1,6,-1,-1,-1,-1,-1,-1,-1,-1,-1,-1,-1,-1,-1,-1,253,"networks, communication systems",Network Engineering
Science,4,6,6,5,4,2,4,6,-1,-1,-1,-1,-1,-1,-1,-1,-1,-1,-1,-1,-1,-1,265,"gas, oil",Petroleum Engineering
Science,5,4,4,4,4,1,4,6,-1,-1,-1,-1,-1,-1,-1,-1,-1,-1,-1,-1,-1,-1,243,"cost analysis, building estimation",Quantity Surveying
Science,5,6,4,4,5,4,-1,5,4,-1,-1,-1,-1,-1,-1,-1,-1,-1,-1,-1,-1,-1,299,"health science, body functions",Physiology
Science,6,6,4,3,6,6,-1,4,6,-1,-1,-1,-1,-1,-1,-1,-1,-1,-1,-1,-1,-1,287,"food, health diet",Nutrition and Dietetics
Science,5,4,4,6,4,5,-1,5,6,-1,-1,-1,-1,-1,-1,-1,-1,-1,-1,-1,-1,-1,288,"modeling, computation",Applied Mathematics
Science,5,4,5,6,5,6,-1,4,-1,-1,5,-1,-1,-1,-1,-1,-1,-1,-1,-1,-1,-1,307,"marine life, oceans",Marine Science
Science,6,5,4,6,6,6,-1,1,-1,5,-1,-1,-1,-1,-1,-1,-1,-1,-1,-1,-1,-1,228,"forest conservation, environmental protection",Forestry
Art,6,4,4,-1,-1,-1,-1,-1,-1,-1,-1,5,6,4,4,4,-1,6,-1,-1,-1,-1,225,"media, news reporting",Journalism and Media Studies
Art,1,4,5,-1,-1,-1,-1,-1,-1,-1,-1,4,4,6,6,5,-1,-1,-1,5,-1,-1,233,"research, data gathering",Research and Policy Analysis
Art,3,4,5,-1,-1,-1,-1,-1,-1,-1,-1,5,6,4,4,5,-1,-1,6,-1,-1,-1,174,"drawing tablets, Creative software",Digital Art
Art,2,5,5,-1,-1,-1,-1,-1,-1,-1,-1,4,6,5,4,4,5,-1,-1,-1,-1,-1,167,"art technology, Creative software",Digital Art
Commercial,6,6,4,-1,-1,-1,-1,-1,-1,-1,-1,6,6,-1,5,-1,-1,-1,-1,-1,6,4,269,"projects, task management",Project Management
Science,4,6,4,4,4,1,-1,5,-1,-1,-1,-1,-1,-1,-1,-1,-1,-1,-1,-1,-1,-1,262,"programming, coding",Computer Science
Science,6,4,5,4,5,1,6,5,-1,-1,-1,-1,-1,-1,-1,-1,-1,-1,-1,-1,-1,-1,240,"systems, automation",Mechatronics Engineering
Science,6,6,5,6,6,1,4,5,-1,-1,-1,-1,-1,-1,-1,-1,-1,-1,-1,-1,-1,-1,226,"facility management, land valuation",Estate Management
Science,5,5,5,5,6,6,-1,6,6,-1,-1,-1,-1,-1,-1,-1,-1,-1,-1,-1,-1,-1,266,"body functions, health science",Physiology
Science,4,4,4,3,4,6,-1,4,5,-1,-1,-1,-1,-1,-1,-1,-1,-1,-1,-1,-1,-1,286,"disease prevention, community health",Public Health
Science,5,4,5,5,5,5,-1,4,6,-1,-1,-1,-1,-1,-1,-1,-1,-1,-1,-1,-1,-1,276,"technology, research",Applied Physics
Science,6,5,4,4,4,6,-1,4,-1,-1,4,-1,-1,-1,-1,-1,-1,-1,-1,-1,-1,-1,230,"oceans, marine life",Marine Science
Science,6,5,6,5,4,6,-1,3,-1,5,-1,-1,-1,-1,-1,-1,-1,-1,-1,-1,-1,-1,288,"farmer education, agricultural training",Agricultural Extension
Art,6,5,4,-1,-1,-1,-1,-1,-1,-1,-1,4,5,5,5,5,-1,4,-1,-1,-1,-1,228,"administration, public serving",Public Administration
Art,2,4,6,-1,-1,-1,-1,-1,-1,-1,-1,4,5,5,6,6,-1,-1,-1,5,-1,-1,178,"research, analysis",Research and Policy Analysis
Art,3,6,5,-1,-1,-1,-1,-1,-1,-1,-1,6,5,4,6,4,-1,-1,5,-1,-1,-1,167,"visual storytelling, creative editing",Motion Graphics
Art,2,4,6,-1,-1,-1,-1,-1,-1,-1,-1,5,4,6,6,6,5,-1,-1,-1,-1,-1,210,"video effects, creative editing",Motion Graphics
Commercial,5,6,6,-1,-1,-1,-1,-1,-1,-1,-1,4,4,-1,5,-1,-1,-1,-1,-1,5,5,275,"projects, task management",Project Management
Science,6,6,6,6,5,3,-1,4,-1,-1,-1,-1,-1,-1,-1,-1,-1,-1,-1,-1,-1,-1,215,"hardware, software integration",Computer Engineering
Science,6,4,5,5,4,2,5,5,-1,-1,-1,-1,-1,-1,-1,-1,-1,-1,-1,-1,-1,-1,242,"materials, structures",Materials Engineering
Science,5,4,5,4,4,1,4,6,-1,-1,-1,-1,-1,-1,-1,-1,-1,-1,-1,-1,-1,-1,246,"geographic information system, spatial data",Surveying and Geoinformatics
Science,4,4,4,6,4,5,-1,4,4,-1,-1,-1,-1,-1,-1,-1,-1,-1,-1,-1,-1,-1,285,"treatment, cancer",Oncology
Science,4,4,4,3,6,5,-1,6,6,-1,-1,-1,-1,-1,-1,-1,-1,-1,-1,-1,-1,-1,229,"disease prevention, community health",Public Health
Science,4,6,5,6,6,5,-1,4,6,-1,-1,-1,-1,-1,-1,-1,-1,-1,-1,-1,-1,-1,277,"data analysis, probability",Statistics
Science,6,5,4,5,5,6,-1,5,-1,-1,4,-1,-1,-1,-1,-1,-1,-1,-1,-1,-1,-1,292,"environment, climate",Environmental Science
Science,5,6,6,5,5,6,-1,1,-1,5,-1,-1,-1,-1,-1,-1,-1,-1,-1,-1,-1,-1,317,"farming, agricultural technology",Agricultural Science
Art,5,6,6,-1,-1,-1,-1,-1,-1,-1,-1,4,4,5,5,6,-1,4,-1,-1,-1,-1,183,"advocacy, human rights",Human Rights and Advocacy
Art,1,6,6,-1,-1,-1,-1,-1,-1,-1,-1,4,6,5,5,5,-1,-1,-1,6,-1,-1,195,"historical artifacts, ancient civilization",Archaeology
Art,2,6,4,-1,-1,-1,-1,-1,-1,-1,-1,6,5,5,4,4,-1,-1,4,-1,-1,-1,191,"painting, crafts",Painting and Sculpture
Art,2,6,6,-1,-1,-1,-1,-1,-1,-1,-1,4,5,4,4,5,5,-1,-1,-1,-1,-1,177,"sculpting, fine arts",Painting and Sculpture
Commercial,5,5,5,-1,-1,-1,-1,-1,-1,-1,-1,6,4,-1,6,-1,-1,-1,-1,-1,6,6,284,"problem solving, business startup",Entrepreneurship
Science,5,4,5,5,4,2,-1,5,-1,-1,-1,-1,-1,-1,-1,-1,-1,-1,-1,-1,-1,-1,264,"computers, support",Information Technology
Science,6,4,5,5,5,3,6,6,-1,-1,-1,-1,-1,-1,-1,-1,-1,-1,-1,-1,-1,-1,277,"devices, electronics",Electronic Engineering
Science,4,6,4,5,4,1,4,5,-1,-1,-1,-1,-1,-1,-1,-1,-1,-1,-1,-1,-1,-1,238,"building estimation, project budgeting",Quantity Surveying
Science,5,4,5,4,5,5,-1,5,6,-1,-1,-1,-1,-1,-1,-1,-1,-1,-1,-1,-1,-1,253,"movement, rehabilitation",Physiotherapy
Science,5,5,6,1,4,6,-1,4,6,-1,-1,-1,-1,-1,-1,-1,-1,-1,-1,-1,-1,-1,244,"food, health diet",Nutrition and Dietetics
Science,4,4,4,5,4,5,-1,5,6,-1,-1,-1,-1,-1,-1,-1,-1,-1,-1,-1,-1,-1,225,"research, microorganisms",Microbiology
Science,4,6,5,4,4,5,-1,6,-1,-1,6,-1,-1,-1,-1,-1,-1,-1,-1,-1,-1,-1,223,"earth science, rocks",Geology
Science,4,6,6,6,4,6,-1,3,-1,5,-1,-1,-1,-1,-1,-1,-1,-1,-1,-1,-1,-1,232,"vertinary care, livestock farming",Animal Science
Art,5,5,5,-1,-1,-1,-1,-1,-1,-1,-1,4,6,4,4,5,-1,4,-1,-1,-1,-1,175,"news reporting, media",Journalism and Media Studies
Art,2,6,5,-1,-1,-1,-1,-1,-1,-1,-1,6,5,6,5,6,-1,-1,-1,5,-1,-1,225,"ancient civilization, excavation",Archaeology
Art,3,4,4,-1,-1,-1,-1,-1,-1,-1,-1,4,4,4,6,5,-1,-1,4,-1,-1,-1,202,"ui design, user experience",Web Design
Art,1,6,6,-1,-1,-1,-1,-1,-1,-1,-1,4,5,5,6,5,4,-1,-1,-1,-1,-1,158,"ui design, user experience",Web Design
Commercial,5,5,5,-1,-1,-1,-1,-1,-1,-1,-1,6,4,-1,4,-1,-1,-1,-1,-1,4,4,301,"inventory management, distribution",Supply Chain Management
Science,6,6,4,4,4,1,-1,5,-1,-1,-1,-1,-1,-1,-1,-1,-1,-1,-1,-1,-1,-1,274,"machine learning, automation",Artificial Intelligence
Science,6,4,5,6,5,1,4,4,-1,-1,-1,-1,-1,-1,-1,-1,-1,-1,-1,-1,-1,-1,243,"vehicles, automobiles",Automotive Engineering
Science,6,6,6,4,6,2,6,4,-1,-1,-1,-1,-1,-1,-1,-1,-1,-1,-1,-1,-1,-1,234,"spatial data, mapping",Surveying and Geoinformatics
Science,6,4,5,5,6,6,-1,6,6,-1,-1,-1,-1,-1,-1,-1,-1,-1,-1,-1,-1,-1,318,"health science, body functions",Physiology
Science,6,5,5,3,6,4,-1,6,5,-1,-1,-1,-1,-1,-1,-1,-1,-1,-1,-1,-1,-1,293,"disease prevention, community health",Public Health
Science,5,5,6,5,5,6,-1,5,6,-1,-1,-1,-1,-1,-1,-1,-1,-1,-1,-1,-1,-1,289,"biological molecules, lab work",Biochemistry
Science,6,5,6,6,4,4,-1,5,-1,-1,6,-1,-1,-1,-1,-1,-1,-1,-1,-1,-1,-1,295,"climate, weather",Meteorology
Science,6,4,4,5,4,6,-1,1,-1,5,-1,-1,-1,-1,-1,-1,-1,-1,-1,-1,-1,-1,239,"farm management, agribusiness",Agricultural Economics
Art,6,4,4,-1,-1,-1,-1,-1,-1,-1,-1,4,4,4,5,6,-1,5,-1,-1,-1,-1,220,"law enforcement, criminal justice",Criminology
Art,2,4,6,-1,-1,-1,-1,-1,-1,-1,-1,6,6,4,6,4,-1,-1,-1,4,-1,-1,207,"documentation, record keeping",Archival Studies
Art,3,4,4,-1,-1,-1,-1,-1,-1,-1,-1,6,5,4,4,6,-1,-1,5,-1,-1,-1,194,"user experience, mobile apps",UI/UX Design
Art,1,4,4,-1,-1,-1,-1,-1,-1,-1,-1,4,6,6,5,4,5,-1,-1,-1,-1,-1,172,"user interface, mobile apps",UI/UX Design
Commercial,6,5,6,-1,-1,-1,-1,-1,-1,-1,-1,4,4,-1,6,-1,-1,-1,-1,-1,5,5,333,"staff management, recruitment",Human Resource Management
Science,5,6,6,5,6,2,-1,4,-1,-1,-1,-1,-1,-1,-1,-1,-1,-1,-1,-1,-1,-1,257,"systems, business IT",Information Systems
Science,6,4,4,6,4,3,6,5,-1,-1,-1,-1,-1,-1,-1,-1,-1,-1,-1,-1,-1,-1,242,"production, chemicals",Chemical Engineering
Science,6,4,4,5,6,3,4,5,-1,-1,-1,-1,-1,-1,-1,-1,-1,-1,-1,-1,-1,-1,275,"building estimation, cost analysis",Quantity Surveying
Science,5,4,5,4,6,5,-1,5,4,-1,-1,-1,-1,-1,-1,-1,-1,-1,-1,-1,-1,-1,320,"patients, hospital",Nursing
Science,4,5,5,3,4,4,-1,6,6,-1,-1,-1,-1,-1,-1,-1,-1,-1,-1,-1,-1,-1,224,"disease prevention, community health",Public Health
Science,6,4,5,6,4,4,-1,6,4,-1,-1,-1,-1,-1,-1,-1,-1,-1,-1,-1,-1,-1,280,"nature, life science",Biology
Science,6,5,6,4,6,4,-1,4,-1,-1,4,-1,-1,-1,-1,-1,-1,-1,-1,-1,-1,-1,262,"climate, environment",Environmental Science
Science,6,5,5,4,4,6,-1,3,-1,4,-1,-1,-1,-1,-1,-1,-1,-1,-1,-1,-1,-1,314,"fish farming, pond management",Fisheries and Aquaculture
Art,6,6,4,-1,-1,-1,-1,-1,-1,-1,-1,4,4,4,4,5,-1,6,-1,-1,-1,-1,176,"mental health, human behaviour",Psychology
Art,1,4,5,-1,-1,-1,-1,-1,-1,-1,-1,6,6,6,4,4,-1,-1,-1,4,-1,-1,180,"documentation, historical records",Archival Studies
Art,3,4,6,-1,-1,-1,-1,-1,-1,-1,-1,5,4,5,6,5,-1,-1,6,-1,-1,-1,173,"drawing, Sketching",Illustration
Art,2,6,5,-1,-1,-1,-1,-1,-1,-1,-1,4,5,6,4,6,4,-1,-1,-1,-1,-1,177,"digital art, character design",Illustration
Commercial,4,6,5,-1,-1,-1,-1,-1,-1,-1,-1,5,6,-1,6,-1,-1,-1,-1,-1,4,4,273,"distribution, inventory management",Supply Chain Management
Science,6,5,5,4,5,2,-1,6,-1,-1,-1,-1,-1,-1,-1,-1,-1,-1,-1,-1,-1,-1,256,"data, statistics",Data Science
Science,4,5,5,4,4,2,4,5,-1,-1,-1,-1,-1,-1,-1,-1,-1,-1,-1,-1,-1,-1,272,"vehicles, automobiles",Automotive Engineering
Science,5,6,6,5,4,3,6,4,-1,-1,-1,-1,-1,-1,-1,-1,-1,-1,-1,-1,-1,-1,237,"facility management, land valuation",Estate Management
Science,6,5,5,4,6,5,-1,6,6,-1,-1,-1,-1,-1,-1,-1,-1,-1,-1,-1,-1,-1,266,"laboratory, drugs",Pharmacy
Science,6,5,5,3,6,6,-1,4,5,-1,-1,-1,-1,-1,-1,-1,-1,-1,-1,-1,-1,-1,256,"health diet, food",Nutrition and Dietetics
Science,4,4,6,6,6,5,-1,4,4,-1,-1,-1,-1,-1,-1,-1,-1,-1,-1,-1,-1,-1,256,"research, microorganisms",Microbiology
Science,5,5,5,5,4,4,-1,4,-1,-1,4,-1,-1,-1,-1,-1,-1,-1,-1,-1,-1,-1,292,"oceans, marine life",Marine Science
Science,5,6,5,5,4,5,-1,2,-1,5,-1,-1,-1,-1,-1,-1,-1,-1,-1,-1,-1,-1,220,"crops, crop management",Agronomy
Art,6,5,5,-1,-1,-1,-1,-1,-1,-1,-1,4,5,6,4,5,-1,6,-1,-1,-1,-1,207,"social behavior, cultural studies",Sociology
Art,3,5,6,-1,-1,-1,-1,-1,-1,-1,-1,5,4,5,6,5,-1,-1,-1,5,-1,-1,183,"research, excavation",Archaeology
Art,2,5,4,-1,-1,-1,-1,-1,-1,-1,-1,4,6,5,5,4,-1,-1,4,-1,-1,-1,210,"sculpting, painting",Painting and Sculpture
Art,3,6,4,-1,-1,-1,-1,-1,-1,-1,-1,5,5,6,5,5,4,-1,-1,-1,-1,-1,202,"sculpting, painting",Painting and Sculpture
Commercial,5,5,6,-1,-1,-1,-1,-1,-1,-1,-1,4,6,-1,4,-1,-1,-1,-1,-1,5,5,294,"data modelling, risk analysis",Actuarial Science
Science,4,6,4,4,5,3,-1,6,-1,-1,-1,-1,-1,-1,-1,-1,-1,-1,-1,-1,-1,-1,263,"apps, software systems",Software Engineering
Science,6,4,5,5,4,2,6,4,-1,-1,-1,-1,-1,-1,-1,-1,-1,-1,-1,-1,-1,-1,238,"ships, ocean",Marine Engineering
Science,4,6,6,5,5,2,5,4,-1,-1,-1,-1,-1,-1,-1,-1,-1,-1,-1,-1,-1,-1,247,"geographic information system, spatial data",Surveying and Geoinformatics
Science,6,6,6,6,5,5,-1,4,6,-1,-1,-1,-1,-1,-1,-1,-1,-1,-1,-1,-1,-1,255,"dental care, teeth",Dentistry
Science,6,4,5,2,4,6,-1,5,4,-1,-1,-1,-1,-1,-1,-1,-1,-1,-1,-1,-1,-1,228,"disease prevention, community health",Public Health
Science,6,6,4,6,5,5,-1,4,5,-1,-1,-1,-1,-1,-1,-1,-1,-1,-1,-1,-1,-1,304,"biological molecules, lab work",Biochemistry
Science,6,4,5,4,4,4,-1,6,-1,-1,4,-1,-1,-1,-1,-1,-1,-1,-1,-1,-1,-1,250,"environment, climate",Environmental Science
Science,4,6,4,4,4,6,-1,3,-1,5,-1,-1,-1,-1,-1,-1,-1,-1,-1,-1,-1,-1,298,"environmental conservation, land management",Soil Science
Art,5,5,5,-1,-1,-1,-1,-1,-1,-1,-1,4,5,4,4,6,-1,5,-1,-1,-1,-1,207,"global affairs, diplomacy",International Relations
Art,3,6,5,-1,-1,-1,-1,-1,-1,-1,-1,5,4,6,5,4,-1,-1,-1,5,-1,-1,240,"libraries, historical records",Archival Studies
Art,1,4,4,-1,-1,-1,-1,-1,-1,-1,-1,5,4,4,6,6,-1,-1,5,-1,-1,-1,199,"animation, creative editing",Motion Graphics
Art,1,6,6,-1,-1,-1,-1,-1,-1,-1,-1,6,5,6,6,6,6,-1,-1,-1,-1,-1,191,"creative editing, visual storytelling",Motion Graphics
Commercial,6,4,4,-1,-1,-1,-1,-1,-1,-1,-1,4,6,-1,5,-1,-1,-1,-1,-1,5,5,313,"staff management, recruitment",Human Resource Management
Science,4,5,5,4,6,1,-1,5,-1,-1,-1,-1,-1,-1,-1,-1,-1,-1,-1,-1,-1,-1,253,"software integration, hardware",Computer Engineering
Science,6,5,4,5,5,1,6,4,-1,-1,-1,-1,-1,-1,-1,-1,-1,-1,-1,-1,-1,-1,233,"gas, drilling",Petroleum Engineering
Science,5,4,4,6,5,2,6,5,-1,-1,-1,-1,-1,-1,-1,-1,-1,-1,-1,-1,-1,-1,263,"land valuation, facility management",Estate Management
Science,5,6,5,6,6,5,-1,5,6,-1,-1,-1,-1,-1,-1,-1,-1,-1,-1,-1,-1,-1,279,"diagnosis, imaging",Radiology
Science,4,5,5,2,6,6,-1,4,5,-1,-1,-1,-1,-1,-1,-1,-1,-1,-1,-1,-1,-1,223,"disease prevention, community health",Public Health
Science,4,4,4,5,5,5,-1,5,6,-1,-1,-1,-1,-1,-1,-1,-1,-1,-1,-1,-1,-1,237,"energy, experiments",Physics
Science,5,6,6,5,4,5,-1,5,-1,-1,4,-1,-1,-1,-1,-1,-1,-1,-1,-1,-1,-1,262,"rocks, earth science",Geology
Science,5,6,6,5,5,6,-1,1,-1,6,-1,-1,-1,-1,-1,-1,-1,-1,-1,-1,-1,-1,310,"plant breeding, crop production",Crop Science
Art,6,6,6,-1,-1,-1,-1,-1,-1,-1,-1,5,4,6,6,5,-1,5,-1,-1,-1,-1,180,"counselling, emotional wellbeing",Psychology
Art,3,5,4,-1,-1,-1,-1,-1,-1,-1,-1,5,6,4,5,4,-1,-1,-1,6,-1,-1,222,"data gathering, problem solving",Research and Policy Analysis
Art,1,4,4,-1,-1,-1,-1,-1,-1,-1,-1,5,5,4,5,4,-1,-1,5,-1,-1,-1,144,"cartoons, storytelling",Animation
Art,2,6,4,-1,-1,-1,-1,-1,-1,-1,-1,6,6,6,6,6,6,-1,-1,-1,-1,-1,156,"motion graphics, 3d animation",Animation
Commercial,5,4,5,-1,-1,-1,-1,-1,-1,-1,-1,6,5,-1,5,-1,-1,-1,-1,-1,6,5,288,"policy analysis, risk management",Insurance
Science,6,5,6,5,4,1,-1,5,-1,-1,-1,-1,-1,-1,-1,-1,-1,-1,-1,-1,-1,-1,273,"computers, IT systems",Information Technology
Science,5,6,6,6,6,1,6,4,-1,-1,-1,-1,-1,-1,-1,-1,-1,-1,-1,-1,-1,-1,275,"medical devices, health technology",Biomedical Engineering
Science,5,4,5,4,6,1,6,4,-1,-1,-1,-1,-1,-1,-1,-1,-1,-1,-1,-1,-1,-1,264,"property management, facility management",Estate Management
Science,5,4,6,6,5,6,-1,5,6,-1,-1,-1,-1,-1,-1,-1,-1,-1,-1,-1,-1,-1,283,"healthcare, treatment",Medicine and Surgery
Science,5,6,6,3,5,4,-1,4,5,-1,-1,-1,-1,-1,-1,-1,-1,-1,-1,-1,-1,-1,270,"community health, disease prevention",Public Health
Science,5,5,4,4,4,5,-1,6,6,-1,-1,-1,-1,-1,-1,-1,-1,-1,-1,-1,-1,-1,317,"laboratory, reactions",Chemistry
Science,6,5,6,6,6,6,-1,6,-1,-1,5,-1,-1,-1,-1,-1,-1,-1,-1,-1,-1,-1,239,"earth science, rocks",Geology
Science,6,6,5,6,6,5,-1,3,-1,4,-1,-1,-1,-1,-1,-1,-1,-1,-1,-1,-1,-1,282,"community outreach, farmer education",Agricultural Extension
Art,6,5,6,-1,-1,-1,-1,-1,-1,-1,-1,4,6,6,5,5,-1,5,-1,-1,-1,-1,171,"community service, human rights",Human Rights and Advocacy
Art,2,5,5,-1,-1,-1,-1,-1,-1,-1,-1,4,6,4,4,4,-1,-1,-1,6,-1,-1,179,"culture, tourism",Museum and Heritage Studies
Art,3,5,5,-1,-1,-1,-1,-1,-1,-1,-1,5,5,6,4,6,-1,-1,6,-1,-1,-1,167,"animation, visual storytelling",Motion Graphics
Art,3,6,5,-1,-1,-1,-1,-1,-1,-1,-1,6,6,6,5,5,5,-1,-1,-1,-1,-1,150,"video effects, visual storytelling",Motion Graphics
Commercial,4,6,4,-1,-1,-1,-1,-1,-1,-1,-1,4,4,-1,6,-1,-1,-1,-1,-1,4,4,243,"workplace development, employee relations",Human Resource Management
Science,5,6,5,5,6,1,-1,6,-1,-1,-1,-1,-1,-1,-1,-1,-1,-1,-1,-1,-1,-1,234,"software integration, hardware",Computer Engineering
Science,5,4,4,4,4,1,6,5,-1,-1,-1,-1,-1,-1,-1,-1,-1,-1,-1,-1,-1,-1,275,"drilling, gas",Petroleum Engineering
Science,4,4,6,4,5,1,5,6,-1,-1,-1,-1,-1,-1,-1,-1,-1,-1,-1,-1,-1,-1,252,"community planning, transport systems",Urban and Regional Planning
Science,4,6,6,5,4,6,-1,5,5,-1,-1,-1,-1,-1,-1,-1,-1,-1,-1,-1,-1,-1,311,"teeth, dental care",Dentistry
Science,4,5,5,2,4,5,-1,6,4,-1,-1,-1,-1,-1,-1,-1,-1,-1,-1,-1,-1,-1,238,"disease prevention, community health",Public Health
Science,5,4,6,4,4,6,-1,6,6,-1,-1,-1,-1,-1,-1,-1,-1,-1,-1,-1,-1,-1,287,"laboratory, reactions",Chemistry
Science,5,5,4,5,6,6,-1,5,-1,-1,4,-1,-1,-1,-1,-1,-1,-1,-1,-1,-1,-1,270,"environment, climate",Environmental Science
Science,6,6,5,5,4,5,-1,1,-1,4,-1,-1,-1,-1,-1,-1,-1,-1,-1,-1,-1,-1,308,"community outreach, agricultural training",Agricultural Extension
Art,5,6,5,-1,-1,-1,-1,-1,-1,-1,-1,4,4,6,4,5,-1,6,-1,-1,-1,-1,202,"cultural studies, social behavior",Sociology
Art,1,6,5,-1,-1,-1,-1,-1,-1,-1,-1,6,5,6,6,5,-1,-1,-1,6,-1,-1,190,"historical records, documentation",Archival Studies
Art,1,6,6,-1,-1,-1,-1,-1,-1,-1,-1,5,6,6,6,6,-1,-1,5,-1,-1,-1,216,"editing photos, portraits",Photography
Art,1,6,4,-1,-1,-1,-1,-1,-1,-1,-1,5,6,4,6,4,4,-1,-1,-1,-1,-1,209,"taking pictures, editing photos",Photography
Commercial,6,4,4,-1,-1,-1,-1,-1,-1,-1,-1,4,5,-1,6,-1,-1,-1,-1,-1,5,4,303,"bookkeeping, financial records",Accounting
Science,4,6,5,5,4,1,-1,5,-1,-1,-1,-1,-1,-1,-1,-1,-1,-1,-1,-1,-1,-1,216,"internet, networks",Network Engineering
Science,5,4,6,6,5,3,5,6,-1,-1,-1,-1,-1,-1,-1,-1,-1,-1,-1,-1,-1,-1,266,"devices, hardware",Electronic Engineering
Science,4,6,5,6,5,3,5,4,-1,-1,-1,-1,-1,-1,-1,-1,-1,-1,-1,-1,-1,-1,280,"AutoCad, design",Architecture
Science,5,6,5,5,6,5,-1,6,6,-1,-1,-1,-1,-1,-1,-1,-1,-1,-1,-1,-1,-1,312,"teeth, dental care",Dentistry
Science,4,6,6,3,5,5,-1,5,5,-1,-1,-1,-1,-1,-1,-1,-1,-1,-1,-1,-1,-1,269,"community health, disease prevention",Public Health
Science,5,5,6,4,6,4,-1,6,4,-1,-1,-1,-1,-1,-1,-1,-1,-1,-1,-1,-1,-1,229,"theory, problem solving",Mathematics
Science,6,4,4,4,4,6,-1,6,-1,-1,5,-1,-1,-1,-1,-1,-1,-1,-1,-1,-1,-1,243,"climate, weather",Meteorology
Science,4,6,5,6,4,4,-1,2,-1,6,-1,-1,-1,-1,-1,-1,-1,-1,-1,-1,-1,-1,315,"harvesting, plants",Crop Science
Art,4,5,5,-1,-1,-1,-1,-1,-1,-1,-1,4,6,6,5,6,-1,4,-1,-1,-1,-1,172,"public policy, politics",Political Science
Art,3,5,5,-1,-1,-1,-1,-1,-1,-1,-1,6,6,6,4,5,-1,-1,-1,4,-1,-1,216,"research, excavation",Archaeology
Art,3,6,5,-1,-1,-1,-1,-1,-1,-1,-1,4,4,4,4,5,-1,-1,5,-1,-1,-1,158,"character design, digital art",Illustration
Art,1,4,6,-1,-1,-1,-1,-1,-1,-1,-1,6,4,5,5,5,6,-1,-1,-1,-1,-1,209,"Sketching, drawing",Illustration
Commercial,6,5,4,-1,-1,-1,-1,-1,-1,-1,-1,6,5,-1,6,-1,-1,-1,-1,-1,6,4,320,"auditing, financial records",Accounting
Science,4,5,5,6,4,2,-1,5,-1,-1,-1,-1,-1,-1,-1,-1,-1,-1,-1,-1,-1,-1,260,"software integration, hardware",Computer Engineering
Science,4,5,6,6,5,1,4,6,-1,-1,-1,-1,-1,-1,-1,-1,-1,-1,-1,-1,-1,-1,257,"buildings, structures",Civil Engineering
Science,5,4,6,6,5,1,4,5,-1,-1,-1,-1,-1,-1,-1,-1,-1,-1,-1,-1,-1,-1,254,"cost analysis, project budgeting",Quantity Surveying
Science,4,4,4,5,6,5,-1,4,5,-1,-1,-1,-1,-1,-1,-1,-1,-1,-1,-1,-1,-1,304,"healthcare, medicine",Medicine and Surgery
Science,6,5,4,3,4,5,-1,5,6,-1,-1,-1,-1,-1,-1,-1,-1,-1,-1,-1,-1,-1,288,"community health, disease prevention",Public Health
Science,5,5,5,6,6,5,-1,6,5,-1,-1,-1,-1,-1,-1,-1,-1,-1,-1,-1,-1,-1,222,"theory, logic",Mathematics
Science,6,6,4,6,4,6,-1,4,-1,-1,6,-1,-1,-1,-1,-1,-1,-1,-1,-1,-1,-1,256,"environment, climate",Environmental Science
Science,6,5,5,5,6,6,-1,1,-1,4,-1,-1,-1,-1,-1,-1,-1,-1,-1,-1,-1,-1,260,"landscaping, fruit production",Horticulture
Art,5,6,6,-1,-1,-1,-1,-1,-1,-1,-1,5,4,6,6,4,-1,4,-1,-1,-1,-1,191,"public serving, leadership",Public Administration
Art,1,4,6,-1,-1,-1,-1,-1,-1,-1,-1,6,4,4,6,5,-1,-1,-1,5,-1,-1,198,"problem solving, analysis",Research and Policy Analysis
Art,3,4,5,-1,-1,-1,-1,-1,-1,-1,-1,5,6,6,6,4,-1,-1,4,-1,-1,-1,202,"drawing tablets, Creative software",Digital Art
Art,3,4,4,-1,-1,-1,-1,-1,-1,-1,-1,4,5,6,5,6,4,-1,-1,-1,-1,-1,187,"art technology, drawing tablets",Digital Art
Commercial,6,5,4,-1,-1,-1,-1,-1,-1,-1,-1,4,4,-1,5,-1,-1,-1,-1,-1,5,6,252,"planning, projects",Project Management
Science,5,4,4,6,5,1,-1,4,-1,-1,-1,-1,-1,-1,-1,-1,-1,-1,-1,-1,-1,-1,265,"network protection, security",Cyber Security
Science,4,4,5,6,5,1,6,4,-1,-1,-1,-1,-1,-1,-1,-1,-1,-1,-1,-1,-1,-1,234,"machines, engines",Mechanical Engineering
Science,5,4,4,6,4,3,4,6,-1,-1,-1,-1,-1,-1,-1,-1,-1,-1,-1,-1,-1,-1,227,"community planning, transport systems",Urban and Regional Planning
Science,4,6,5,4,6,4,-1,5,5,-1,-1,-1,-1,-1,-1,-1,-1,-1,-1,-1,-1,-1,253,"health science, body functions",Physiology
Science,5,6,4,2,5,4,-1,5,5,-1,-1,-1,-1,-1,-1,-1,-1,-1,-1,-1,-1,-1,222,"health diet, food",Nutrition and Dietetics
Science,6,6,5,4,6,6,-1,4,4,-1,-1,-1,-1,-1,-1,-1,-1,-1,-1,-1,-1,-1,274,"reactions, laboratory",Chemistry
Science,4,5,5,5,4,5,-1,6,-1,-1,4,-1,-1,-1,-1,-1,-1,-1,-1,-1,-1,-1,246,"earth structure, seismology",Geophysics
Science,6,6,5,4,6,5,-1,1,-1,4,-1,-1,-1,-1,-1,-1,-1,-1,-1,-1,-1,-1,263,"plants, crop production",Crop Science
Art,5,4,6,-1,-1,-1,-1,-1,-1,-1,-1,5,4,4,6,4,-1,4,-1,-1,-1,-1,229,"law enforcement, criminal justice",Criminology
Art,1,4,6,-1,-1,-1,-1,-1,-1,-1,-1,4,5,6,5,5,-1,-1,-1,6,-1,-1,188,"culture, heritage",Museum and Heritage Studies
Art,1,5,5,-1,-1,-1,-1,-1,-1,-1,-1,4,6,4,4,5,-1,-1,4,-1,-1,-1,185,"video effects, animation",Motion Graphics
Art,2,6,6,-1,-1,-1,-1,-1,-1,-1,-1,6,6,6,6,4,5,-1,-1,-1,-1,-1,200,"animation, video effects",Motion Graphics
Commercial,5,6,5,-1,-1,-1,-1,-1,-1,-1,-1,6,4,-1,4,-1,-1,-1,-1,-1,4,5,235,"financial protection, claims processing",Insurance
Science,5,4,4,6,5,1,-1,6,-1,-1,-1,-1,-1,-1,-1,-1,-1,-1,-1,-1,-1,-1,254,"data, statistics",Data Science
Science,6,4,4,6,5,3,6,4,-1,-1,-1,-1,-1,-1,-1,-1,-1,-1,-1,-1,-1,-1,266,"structures, buildings",Civil Engineering
Science,5,5,6,4,6,1,6,5,-1,-1,-1,-1,-1,-1,-1,-1,-1,-1,-1,-1,-1,-1,240,"community planning, transport systems",Urban and Regional Planning
Science,6,5,6,4,5,6,-1,5,6,-1,-1,-1,-1,-1,-1,-1,-1,-1,-1,-1,-1,-1,291,"diagnosis, imaging",Radiology
Science,4,4,6,2,5,6,-1,6,6,-1,-1,-1,-1,-1,-1,-1,-1,-1,-1,-1,-1,-1,251,"health diet, food",Nutrition and Dietetics
Science,6,4,4,6,4,4,-1,6,5,-1,-1,-1,-1,-1,-1,-1,-1,-1,-1,-1,-1,-1,221,"logic, problem solving",Mathematics
Science,6,6,6,6,5,4,-1,5,-1,-1,6,-1,-1,-1,-1,-1,-1,-1,-1,-1,-1,-1,294,"climate, environment",Environmental Science
Science,6,5,6,4,6,5,-1,3,-1,6,-1,-1,-1,-1,-1,-1,-1,-1,-1,-1,-1,-1,231,"seafood production, aquatic life",Fisheries and Aquaculture
Art,5,6,4,-1,-1,-1,-1,-1,-1,-1,-1,6,6,6,5,6,-1,4,-1,-1,-1,-1,160,"statistical analysis, birth rates",Demography
Art,1,6,5,-1,-1,-1,-1,-1,-1,-1,-1,4,6,5,5,4,-1,-1,-1,6,-1,-1,217,"libraries, record keeping",Archival Studies
Art,3,6,6,-1,-1,-1,-1,-1,-1,-1,-1,4,4,6,6,5,-1,-1,4,-1,-1,-1,220,"painting, fine arts",Painting and Sculpture
Art,3,5,5,-1,-1,-1,-1,-1,-1,-1,-1,4,6,5,4,5,6,-1,-1,-1,-1,-1,195,"fine arts, sculpting",Painting and Sculpture
Commercial,6,5,4,-1,-1,-1,-1,-1,-1,-1,-1,5,4,-1,4,-1,-1,-1,-1,-1,4,6,310,"consumer behavior, branding",Marketing
Science,5,6,4,4,6,3,-1,4,-1,-1,-1,-1,-1,-1,-1,-1,-1,-1,-1,-1,-1,-1,248,"development, apps",Software Engineering
Science,6,6,6,4,4,3,6,5,-1,-1,-1,-1,-1,-1,-1,-1,-1,-1,-1,-1,-1,-1,232,"health technology, medical devices",Biomedical Engineering
Science,5,4,5,6,6,1,5,4,-1,-1,-1,-1,-1,-1,-1,-1,-1,-1,-1,-1,-1,-1,266,"mapping, land measurement",Surveying and Geoinformatics
Science,6,4,4,4,4,6,-1,4,5,-1,-1,-1,-1,-1,-1,-1,-1,-1,-1,-1,-1,-1,269,"animals, veterinary care",Veterinary Medicine
Science,5,5,5,2,5,6,-1,4,6,-1,-1,-1,-1,-1,-1,-1,-1,-1,-1,-1,-1,-1,253,"disease prevention, community health",Public Health
Science,6,6,5,4,6,4,-1,4,5,-1,-1,-1,-1,-1,-1,-1,-1,-1,-1,-1,-1,-1,301,"research, technology",Applied Physics
Science,5,4,4,6,6,5,-1,6,-1,-1,4,-1,-1,-1,-1,-1,-1,-1,-1,-1,-1,-1,298,"climate, environment",Environmental Science
Science,4,4,5,6,4,4,-1,3,-1,6,-1,-1,-1,-1,-1,-1,-1,-1,-1,-1,-1,-1,287,"animal breeding, vertinary care",Animal Science
Art,6,6,5,-1,-1,-1,-1,-1,-1,-1,-1,4,6,4,4,6,-1,6,-1,-1,-1,-1,185,"policy making, public serving",Public Administration
Art,2,6,4,-1,-1,-1,-1,-1,-1,-1,-1,5,5,6,5,6,-1,-1,-1,5,-1,-1,179,"heritage, history preservation",Museum and Heritage Studies
Art,1,5,6,-1,-1,-1,-1,-1,-1,-1,-1,6,5,5,4,4,-1,-1,5,-1,-1,-1,220,"cartoons, motion graphics",Animation
Art,3,4,5,-1,-1,-1,-1,-1,-1,-1,-1,5,5,6,5,4,6,-1,-1,-1,-1,-1,143,"motion graphics, 3d animation",Animation
Commercial,5,4,4,-1,-1,-1,-1,-1,-1,-1,-1,6,5,-1,5,-1,-1,-1,-1,-1,5,6,314,"financial protection, claims processing",Insurance
Science,5,5,5,4,4,1,-1,4,-1,-1,-1,-1,-1,-1,-1,-1,-1,-1,-1,-1,-1,-1,242,"business IT, systems",Information Systems
Science,4,6,4,5,6,3,4,4,-1,-1,-1,-1,-1,-1,-1,-1,-1,-1,-1,-1,-1,-1,260,"systems, optimization",Industrial Engineering
Science,6,6,5,6,4,3,5,5,-1,-1,-1,-1,-1,-1,-1,-1,-1,-1,-1,-1,-1,-1,281,"land measurement, spatial data",Surveying and Geoinformatics
Science,6,5,6,6,5,4,-1,5,4,-1,-1,-1,-1,-1,-1,-1,-1,-1,-1,-1,-1,-1,287,"teeth, dental care",Dentistry
Science,4,6,6,2,6,6,-1,4,6,-1,-1,-1,-1,-1,-1,-1,-1,-1,-1,-1,-1,-1,224,"disease prevention, community health",Public Health
Science,5,5,6,4,6,4,-1,4,5,-1,-1,-1,-1,-1,-1,-1,-1,-1,-1,-1,-1,-1,220,"biological molecules, lab work",Biochemistry
Science,6,6,6,4,6,4,-1,5,-1,-1,4,-1,-1,-1,-1,-1,-1,-1,-1,-1,-1,-1,319,"earth structure, seismology",Geophysics
Science,4,4,5,5,6,6,-1,3,-1,5,-1,-1,-1,-1,-1,-1,-1,-1,-1,-1,-1,-1,298,"agricultural technology, food production",Agricultural Science
Art,4,6,5,-1,-1,-1,-1,-1,-1,-1,-1,6,5,4,6,5,-1,4,-1,-1,-1,-1,176,"criminal justice, crime investigation",Criminology
Art,3,4,4,-1,-1,-1,-1,-1,-1,-1,-1,6,6,5,6,6,-1,-1,-1,6,-1,-1,187,"culture, customer service",Tourism and Hospitality
Art,1,6,4,-1,-1,-1,-1,-1,-1,-1,-1,5,6,4,6,5,-1,-1,5,-1,-1,-1,183,"art technology, drawing tablets",Digital Art
Art,3,6,4,-1,-1,-1,-1,-1,-1,-1,-1,4,4,6,4,4,6,-1,-1,-1,-1,-1,144,"drawing tablets, Creative software",Digital Art
Commercial,6,4,6,-1,-1,-1,-1,-1,-1,-1,-1,6,4,-1,6,-1,-1,-1,-1,-1,4,4,253,"advertising, branding",Marketing
Science,5,4,6,6,5,1,-1,4,-1,-1,-1,-1,-1,-1,-1,-1,-1,-1,-1,-1,-1,-1,250,"IT systems, support",Information Technology
Science,5,4,4,6,5,3,6,5,-1,-1,-1,-1,-1,-1,-1,-1,-1,-1,-1,-1,-1,-1,223,"engines, automobiles",Automotive Engineering
Science,5,4,5,6,6,1,4,6,-1,-1,-1,-1,-1,-1,-1,-1,-1,-1,-1,-1,-1,-1,244,"project budgeting, building estimation",Quantity Surveying
Science,6,6,5,6,5,5,-1,6,4,-1,-1,-1,-1,-1,-1,-1,-1,-1,-1,-1,-1,-1,258,"body functions, health science",Physiology
Science,6,4,5,3,4,4,-1,4,6,-1,-1,-1,-1,-1,-1,-1,-1,-1,-1,-1,-1,-1,263,"community health, disease prevention",Public Health
Science,5,5,5,5,6,4,-1,4,6,-1,-1,-1,-1,-1,-1,-1,-1,-1,-1,-1,-1,-1,230,"computation, modeling",Applied Mathematics
Science,6,6,5,5,6,5,-1,4,-1,-1,5,-1,-1,-1,-1,-1,-1,-1,-1,-1,-1,-1,281,"oceans, marine life",Marine Science
Science,6,6,6,5,4,4,-1,2,-1,6,-1,-1,-1,-1,-1,-1,-1,-1,-1,-1,-1,-1,309,"animal breeding, livestock farming",Animal Science
Art,5,4,6,-1,-1,-1,-1,-1,-1,-1,-1,4,4,4,6,6,-1,5,-1,-1,-1,-1,227,"human rights, justice",Law
Art,1,5,5,-1,-1,-1,-1,-1,-1,-1,-1,6,6,6,6,6,-1,-1,-1,5,-1,-1,195,"libraries, historical records",Archival Studies
Art,3,5,6,-1,-1,-1,-1,-1,-1,-1,-1,6,5,6,5,6,-1,-1,6,-1,-1,-1,208,"digital art, Sketching",Illustration
Art,3,6,5,-1,-1,-1,-1,-1,-1,-1,-1,4,5,6,4,5,6,-1,-1,-1,-1,-1,166,"drawing, character design",Illustration
Commercial,6,4,4,-1,-1,-1,-1,-1,-1,-1,-1,4,6,-1,5,-1,-1,-1,-1,-1,5,4,233,"procurement, distribution",Supply Chain Management
Science,4,6,5,6,5,1,-1,6,-1,-1,-1,-1,-1,-1,-1,-1,-1,-1,-1,-1,-1,-1,273,"computers, support",Information Technology
Science,5,6,4,5,5,2,6,6,-1,-1,-1,-1,-1,-1,-1,-1,-1,-1,-1,-1,-1,-1,226,"engines, cars",Automotive Engineering
Science,4,6,5,4,4,3,5,6,-1,-1,-1,-1,-1,-1,-1,-1,-1,-1,-1,-1,-1,-1,283,"construction costs, project budgeting",Quantity Surveying
Science,6,4,6,6,4,4,-1,6,6,-1,-1,-1,-1,-1,-1,-1,-1,-1,-1,-1,-1,-1,310,"treatment, healthcare",Medicine and Surgery
Science,6,5,4,2,6,4,-1,5,5,-1,-1,-1,-1,-1,-1,-1,-1,-1,-1,-1,-1,-1,229,"community health, disease prevention",Public Health
Science,6,5,6,4,4,5,-1,6,5,-1,-1,-1,-1,-1,-1,-1,-1,-1,-1,-1,-1,-1,260,"computation, modeling",Applied Mathematics
Science,6,5,4,6,6,4,-1,5,-1,-1,6,-1,-1,-1,-1,-1,-1,-1,-1,-1,-1,-1,258,"environment, climate",Environmental Science
Science,4,4,4,6,6,5,-1,3,-1,4,-1,-1,-1,-1,-1,-1,-1,-1,-1,-1,-1,-1,307,"livestock farming, animal breeding",Animal Science
Art,4,6,4,-1,-1,-1,-1,-1,-1,-1,-1,6,4,6,4,6,-1,5,-1,-1,-1,-1,218,"diplomacy, global affairs",International Relations
Art,2,5,6,-1,-1,-1,-1,-1,-1,-1,-1,6,4,5,5,5,-1,-1,-1,5,-1,-1,221,"historical records, libraries",Archival Studies
Art,1,6,6,-1,-1,-1,-1,-1,-1,-1,-1,5,5,6,4,6,-1,-1,6,-1,-1,-1,158,"painting, sculpting",Painting and Sculpture
Art,3,4,6,-1,-1,-1,-1,-1,-1,-1,-1,6,6,5,6,6,6,-1,-1,-1,-1,-1,149,"fine arts, sculpting",Painting and Sculpture
Commercial,5,5,4,-1,-1,-1,-1,-1,-1,-1,-1,6,6,-1,5,-1,-1,-1,-1,-1,6,5,242,"advertising, consumer behavior",Marketing
Science,6,6,6,4,4,1,-1,5,-1,-1,-1,-1,-1,-1,-1,-1,-1,-1,-1,-1,-1,-1,236,"systems, business IT",Information Systems
Science,4,5,4,6,5,1,4,4,-1,-1,-1,-1,-1,-1,-1,-1,-1,-1,-1,-1,-1,-1,288,"space, aircraft",Aerospace Engineering
Science,4,6,5,6,4,3,4,4,-1,-1,-1,-1,-1,-1,-1,-1,-1,-1,-1,-1,-1,-1,234,"city development, environmental planning",Urban and Regional Planning
Science,5,6,5,6,4,6,-1,4,4,-1,-1,-1,-1,-1,-1,-1,-1,-1,-1,-1,-1,-1,270,"laboratory, drugs",Pharmacy
Science,4,6,6,2,4,4,-1,6,5,-1,-1,-1,-1,-1,-1,-1,-1,-1,-1,-1,-1,-1,272,"food, health diet",Nutrition and Dietetics
Science,6,6,5,6,5,6,-1,4,5,-1,-1,-1,-1,-1,-1,-1,-1,-1,-1,-1,-1,-1,225,"microorganisms, research",Microbiology
Science,6,4,5,5,5,4,-1,5,-1,-1,6,-1,-1,-1,-1,-1,-1,-1,-1,-1,-1,-1,298,"climate, environment",Environmental Science
Science,6,5,5,5,6,5,-1,3,-1,4,-1,-1,-1,-1,-1,-1,-1,-1,-1,-1,-1,-1,270,"crops, crop management",Agronomy
Art,6,4,6,-1,-1,-1,-1,-1,-1,-1,-1,4,4,6,5,5,-1,5,-1,-1,-1,-1,194,"social justice, human rights",Human Rights and Advocacy
Art,2,4,6,-1,-1,-1,-1,-1,-1,-1,-1,5,4,6,6,5,-1,-1,-1,4,-1,-1,217,"research, ancient civilization",Archaeology
Art,2,4,6,-1,-1,-1,-1,-1,-1,-1,-1,4,5,4,6,5,-1,-1,6,-1,-1,-1,181,"branding, design",Graphics Design
Art,2,6,6,-1,-1,-1,-1,-1,-1,-1,-1,5,5,5,6,5,5,-1,-1,-1,-1,-1,166,"creativity, branding",Graphics Design
Commercial,6,6,5,-1,-1,-1,-1,-1,-1,-1,-1,4,4,-1,4,-1,-1,-1,-1,-1,4,5,293,"claims processing, financial protection",Insurance
Science,4,6,5,4,6,2,-1,4,-1,-1,-1,-1,-1,-1,-1,-1,-1,-1,-1,-1,-1,-1,240,"business IT, systems",Information Systems
Science,5,5,4,4,4,1,6,6,-1,-1,-1,-1,-1,-1,-1,-1,-1,-1,-1,-1,-1,-1,273,"cars, vehicles",Automotive Engineering
Science,6,6,6,5,6,3,5,6,-1,-1,-1,-1,-1,-1,-1,-1,-1,-1,-1,-1,-1,-1,255,"land measurement, geographic information system",Surveying and Geoinformatics
Science,4,5,4,4,6,6,-1,5,5,-1,-1,-1,-1,-1,-1,-1,-1,-1,-1,-1,-1,-1,277,"imaging, diagnosis",Radiology
Science,4,5,4,2,4,6,-1,4,6,-1,-1,-1,-1,-1,-1,-1,-1,-1,-1,-1,-1,-1,260,"health diet, food",Nutrition and Dietetics
Science,6,4,6,5,4,5,-1,4,5,-1,-1,-1,-1,-1,-1,-1,-1,-1,-1,-1,-1,-1,261,"laboratory, reactions",Chemistry
Science,4,6,6,6,5,5,-1,5,-1,-1,5,-1,-1,-1,-1,-1,-1,-1,-1,-1,-1,-1,252,"environment, climate",Environmental Science
Science,4,5,5,6,5,4,-1,1,-1,5,-1,-1,-1,-1,-1,-1,-1,-1,-1,-1,-1,-1,315,"crops, crop management",Agronomy
Art,5,5,5,-1,-1,-1,-1,-1,-1,-1,-1,5,4,5,6,5,-1,4,-1,-1,-1,-1,205,"writing, media",Journalism and Media Studies
Art,2,6,6,-1,-1,-1,-1,-1,-1,-1,-1,5,5,4,6,6,-1,-1,-1,6,-1,-1,189,"tour guiding, culture",Tourism and Hospitality
Art,2,5,5,-1,-1,-1,-1,-1,-1,-1,-1,5,5,6,6,4,-1,-1,6,-1,-1,-1,165,"textiles, fashion trends",Fashion Design
Art,2,6,5,-1,-1,-1,-1,-1,-1,-1,-1,5,5,5,5,5,6,-1,-1,-1,-1,-1,162,"textiles, fashion trends",Fashion Design
Commercial,6,5,5,-1,-1,-1,-1,-1,-1,-1,-1,4,4,-1,4,-1,-1,-1,-1,-1,5,4,238,"risk management, financial protection",Insurance
Science,5,5,6,5,6,2,-1,6,-1,-1,-1,-1,-1,-1,-1,-1,-1,-1,-1,-1,-1,-1,237,"hacking, security",Cyber Security
Science,6,5,5,4,6,1,6,6,-1,-1,-1,-1,-1,-1,-1,-1,-1,-1,-1,-1,-1,-1,241,"devices, hardware",Electronic Engineering
Science,4,5,6,5,6,3,5,5,-1,-1,-1,-1,-1,-1,-1,-1,-1,-1,-1,-1,-1,-1,253,"construction costs, building estimation",Quantity Surveying
Science,6,6,6,6,5,5,-1,5,4,-1,-1,-1,-1,-1,-1,-1,-1,-1,-1,-1,-1,-1,295,"drugs, laboratory",Pharmacy
Science,6,4,4,2,4,5,-1,4,6,-1,-1,-1,-1,-1,-1,-1,-1,-1,-1,-1,-1,-1,274,"food, health diet",Nutrition and Dietetics
Science,4,6,6,6,4,6,-1,5,4,-1,-1,-1,-1,-1,-1,-1,-1,-1,-1,-1,-1,-1,222,"bioengineering, genetics",Biotechnology
Science,6,5,4,6,5,5,-1,4,-1,-1,5,-1,-1,-1,-1,-1,-1,-1,-1,-1,-1,-1,312,"climate, weather",Meteorology
Science,5,4,5,6,4,4,-1,1,-1,6,-1,-1,-1,-1,-1,-1,-1,-1,-1,-1,-1,-1,225,"forest conservation, environmental protection",Forestry
Art,4,6,4,-1,-1,-1,-1,-1,-1,-1,-1,6,6,4,4,5,-1,4,-1,-1,-1,-1,179,"mental health, human behaviour",Psychology
Art,1,5,5,-1,-1,-1,-1,-1,-1,-1,-1,4,6,6,5,5,-1,-1,-1,5,-1,-1,209,"historical records, libraries",Archival Studies
Art,2,4,4,-1,-1,-1,-1,-1,-1,-1,-1,6,5,6,5,4,-1,-1,5,-1,-1,-1,220,"mobile apps, user experience",UI/UX Design
Art,3,6,6,-1,-1,-1,-1,-1,-1,-1,-1,5,6,4,5,5,6,-1,-1,-1,-1,-1,203,"user experience, digital products",UI/UX Design
Commercial,5,5,4,-1,-1,-1,-1,-1,-1,-1,-1,4,4,-1,6,-1,-1,-1,-1,-1,6,4,265,"planning, task management",Project Management
Science,4,5,5,6,5,2,-1,5,-1,-1,-1,-1,-1,-1,-1,-1,-1,-1,-1,-1,-1,-1,245,"machine learning, AI",Artificial Intelligence
Science,6,5,6,5,5,1,6,4,-1,-1,-1,-1,-1,-1,-1,-1,-1,-1,-1,-1,-1,-1,233,"metals, structures",Materials Engineering
Science,5,5,4,6,5,1,4,6,-1,-1,-1,-1,-1,-1,-1,-1,-1,-1,-1,-1,-1,-1,255,"city development, community planning",Urban and Regional Planning
Science,6,5,4,5,4,5,-1,5,5,-1,-1,-1,-1,-1,-1,-1,-1,-1,-1,-1,-1,-1,289,"treatment, cancer",Oncology
Science,5,6,5,2,4,5,-1,4,6,-1,-1,-1,-1,-1,-1,-1,-1,-1,-1,-1,-1,-1,286,"food, health diet",Nutrition and Dietetics
Science,4,5,4,6,6,4,-1,4,6,-1,-1,-1,-1,-1,-1,-1,-1,-1,-1,-1,-1,-1,243,"reactions, laboratory",Chemistry
Science,5,5,4,5,4,5,-1,4,-1,-1,5,-1,-1,-1,-1,-1,-1,-1,-1,-1,-1,-1,259,"oceans, marine life",Marine Science
Science,5,6,4,5,6,6,-1,3,-1,5,-1,-1,-1,-1,-1,-1,-1,-1,-1,-1,-1,-1,238,"crop management, crops",Agronomy
Art,5,4,5,-1,-1,-1,-1,-1,-1,-1,-1,6,5,6,4,4,-1,6,-1,-1,-1,-1,179,"law enforcement, crime investigation",Criminology
Art,3,5,5,-1,-1,-1,-1,-1,-1,-1,-1,6,4,4,6,4,-1,-1,-1,5,-1,-1,188,"research, data gathering",Research and Policy Analysis
Art,2,5,5,-1,-1,-1,-1,-1,-1,-1,-1,4,4,5,4,6,-1,-1,5,-1,-1,-1,192,"user experience, website layouts",Web Design
Art,1,4,6,-1,-1,-1,-1,-1,-1,-1,-1,4,5,6,5,4,4,-1,-1,-1,-1,-1,172,"ui design, website layouts",Web Design
Commercial,5,6,6,-1,-1,-1,-1,-1,-1,-1,-1,5,6,-1,4,-1,-1,-1,-1,-1,6,5,307,"business management, leadership",Business Administration
Science,5,5,5,5,4,2,-1,4,-1,-1,-1,-1,-1,-1,-1,-1,-1,-1,-1,-1,-1,-1,212,"hardware, software integration",Computer Engineering
Science,6,4,6,4,5,1,5,5,-1,-1,-1,-1,-1,-1,-1,-1,-1,-1,-1,-1,-1,-1,266,"materials, structures",Materials Engineering
Science,6,6,4,5,4,3,6,4,-1,-1,-1,-1,-1,-1,-1,-1,-1,-1,-1,-1,-1,-1,220,"geographic information system, mapping",Surveying and Geoinformatics
Science,5,4,4,5,6,4,-1,5,6,-1,-1,-1,-1,-1,-1,-1,-1,-1,-1,-1,-1,-1,267,"body functions, health science",Physiology
Science,4,4,4,1,4,5,-1,6,4,-1,-1,-1,-1,-1,-1,-1,-1,-1,-1,-1,-1,-1,229,"disease prevention, community health",Public Health
Science,4,4,5,5,5,4,-1,4,5,-1,-1,-1,-1,-1,-1,-1,-1,-1,-1,-1,-1,-1,293,"theory, problem solving",Mathematics
Science,4,4,5,5,6,4,-1,6,-1,-1,6,-1,-1,-1,-1,-1,-1,-1,-1,-1,-1,-1,244,"weather, climate",Meteorology
Science,5,4,4,5,4,4,-1,1,-1,4,-1,-1,-1,-1,-1,-1,-1,-1,-1,-1,-1,-1,223,"land management, environmental conservation",Soil Science
Art,4,5,5,-1,-1,-1,-1,-1,-1,-1,-1,6,4,6,4,4,-1,6,-1,-1,-1,-1,187,"cultural studies, community development",Sociology
Art,1,5,5,-1,-1,-1,-1,-1,-1,-1,-1,5,6,5,5,6,-1,-1,-1,5,-1,-1,234,"culture, tourism",Museum and Heritage Studies
Art,2,6,4,-1,-1,-1,-1,-1,-1,-1,-1,5,6,4,6,5,-1,-1,4,-1,-1,-1,193,"visual storytelling, animation",Motion Graphics
Art,1,4,5,-1,-1,-1,-1,-1,-1,-1,-1,4,5,5,6,5,6,-1,-1,-1,-1,-1,208,"video effects, visual storytelling",Motion Graphics
Commercial,4,5,5,-1,-1,-1,-1,-1,-1,-1,-1,5,6,-1,6,-1,-1,-1,-1,-1,4,6,273,"business oppurtunities, problem solving",Entrepreneurship
Science,5,4,4,6,4,2,-1,5,-1,-1,-1,-1,-1,-1,-1,-1,-1,-1,-1,-1,-1,-1,263,"apps, software systems",Software Engineering
Science,5,6,5,4,5,1,4,6,-1,-1,-1,-1,-1,-1,-1,-1,-1,-1,-1,-1,-1,-1,223,"automation, systems",Mechatronics Engineering
Science,5,4,5,5,5,3,5,6,-1,-1,-1,-1,-1,-1,-1,-1,-1,-1,-1,-1,-1,-1,262,"buildings, design",Architecture
Science,6,6,6,6,4,5,-1,5,5,-1,-1,-1,-1,-1,-1,-1,-1,-1,-1,-1,-1,-1,316,"treatment, medicine",Medicine and Surgery
Science,5,4,6,2,5,6,-1,5,5,-1,-1,-1,-1,-1,-1,-1,-1,-1,-1,-1,-1,-1,268,"food, health diet",Nutrition and Dietetics
Science,6,5,5,5,5,6,-1,5,4,-1,-1,-1,-1,-1,-1,-1,-1,-1,-1,-1,-1,-1,222,"biological molecules, lab work",Biochemistry
Science,5,6,5,4,5,5,-1,5,-1,-1,5,-1,-1,-1,-1,-1,-1,-1,-1,-1,-1,-1,221,"seismology, earth structure",Geophysics
Science,6,6,5,6,6,6,-1,3,-1,6,-1,-1,-1,-1,-1,-1,-1,-1,-1,-1,-1,-1,273,"forest conservation, tree planting",Forestry
Art,5,6,5,-1,-1,-1,-1,-1,-1,-1,-1,6,5,6,5,6,-1,6,-1,-1,-1,-1,220,"statistical analysis, birth rates",Demography
Art,3,5,5,-1,-1,-1,-1,-1,-1,-1,-1,4,4,4,4,5,-1,-1,-1,4,-1,-1,176,"problem solving, analysis",Research and Policy Analysis
Art,3,4,4,-1,-1,-1,-1,-1,-1,-1,-1,4,6,6,4,5,-1,-1,6,-1,-1,-1,162,"digital products, user interface",UI/UX Design
Art,3,4,4,-1,-1,-1,-1,-1,-1,-1,-1,6,4,6,5,4,4,-1,-1,-1,-1,-1,166,"digital products, mobile apps",UI/UX Design
Commercial,5,4,5,-1,-1,-1,-1,-1,-1,-1,-1,4,6,-1,5,-1,-1,-1,-1,-1,5,4,314,"statistics, data modelling",Actuarial Science
Science,6,6,4,5,6,3,-1,5,-1,-1,-1,-1,-1,-1,-1,-1,-1,-1,-1,-1,-1,-1,246,"network protection, hacking",Cyber Security
Science,6,6,6,6,6,2,6,6,-1,-1,-1,-1,-1,-1,-1,-1,-1,-1,-1,-1,-1,-1,281,"oil, drilling",Petroleum Engineering
Science,6,4,5,4,5,1,4,5,-1,-1,-1,-1,-1,-1,-1,-1,-1,-1,-1,-1,-1,-1,245,"environmental planning, community planning",Urban and Regional Planning
Science,4,5,6,4,5,5,-1,6,6,-1,-1,-1,-1,-1,-1,-1,-1,-1,-1,-1,-1,-1,299,"diagnosis, imaging",Radiology
Science,6,4,6,3,5,4,-1,5,4,-1,-1,-1,-1,-1,-1,-1,-1,-1,-1,-1,-1,-1,265,"community health, disease prevention",Public Health
Science,4,5,5,6,6,6,-1,4,4,-1,-1,-1,-1,-1,-1,-1,-1,-1,-1,-1,-1,-1,280,"experiments, motion",Physics
Science,4,4,6,4,4,5,-1,6,-1,-1,6,-1,-1,-1,-1,-1,-1,-1,-1,-1,-1,-1,264,"oceans, marine life",Marine Science
Science,4,5,6,6,4,5,-1,2,-1,4,-1,-1,-1,-1,-1,-1,-1,-1,-1,-1,-1,-1,269,"plants, plant breeding",Crop Science
Art,5,6,4,-1,-1,-1,-1,-1,-1,-1,-1,4,4,5,6,6,-1,4,-1,-1,-1,-1,191,"forensic studies, law enforcement",Criminology
Art,1,6,5,-1,-1,-1,-1,-1,-1,-1,-1,4,5,4,6,6,-1,-1,-1,6,-1,-1,204,"excavation, historical artifacts",Archaeology
Art,1,4,4,-1,-1,-1,-1,-1,-1,-1,-1,4,4,4,5,5,-1,-1,6,-1,-1,-1,179,"branding, posters",Graphics Design
Art,2,4,5,-1,-1,-1,-1,-1,-1,-1,-1,6,5,5,4,5,5,-1,-1,-1,-1,-1,196,"branding, design",Graphics Design
Commercial,4,5,6,-1,-1,-1,-1,-1,-1,-1,-1,5,5,-1,5,-1,-1,-1,-1,-1,5,4,273,"data modelling, insurance mathematics",Actuarial Science
Science,5,4,4,4,5,1,-1,6,-1,-1,-1,-1,-1,-1,-1,-1,-1,-1,-1,-1,-1,-1,264,"support, computers",Information Technology
Science,4,5,5,4,5,1,5,6,-1,-1,-1,-1,-1,-1,-1,-1,-1,-1,-1,-1,-1,-1,285,"metals, structures",Materials Engineering
Science,4,4,5,6,4,1,6,6,-1,-1,-1,-1,-1,-1,-1,-1,-1,-1,-1,-1,-1,-1,265,"cost analysis, building estimation",Quantity Surveying
Science,5,5,5,6,6,4,-1,4,6,-1,-1,-1,-1,-1,-1,-1,-1,-1,-1,-1,-1,-1,303,"testing, diagnosis",Medical Laboratory Science
Science,6,6,5,1,4,4,-1,6,5,-1,-1,-1,-1,-1,-1,-1,-1,-1,-1,-1,-1,-1,261,"disease prevention, community health",Public Health
Science,4,4,4,6,6,6,-1,4,4,-1,-1,-1,-1,-1,-1,-1,-1,-1,-1,-1,-1,-1,260,"nature, life science",Biology
Science,4,5,5,4,4,5,-1,4,-1,-1,4,-1,-1,-1,-1,-1,-1,-1,-1,-1,-1,-1,233,"seismology, earth structure",Geophysics
Science,5,4,6,4,5,6,-1,2,-1,4,-1,-1,-1,-1,-1,-1,-1,-1,-1,-1,-1,-1,249,"plant breeding, crop production",Crop Science
Art,6,4,4,-1,-1,-1,-1,-1,-1,-1,-1,5,4,6,5,4,-1,5,-1,-1,-1,-1,196,"migration patterns, population studies",Demography
Art,2,5,4,-1,-1,-1,-1,-1,-1,-1,-1,4,6,5,4,4,-1,-1,-1,5,-1,-1,221,"historical records, record keeping",Archival Studies
Art,1,5,6,-1,-1,-1,-1,-1,-1,-1,-1,4,6,5,6,4,-1,-1,4,-1,-1,-1,173,"motion graphics, cartoons",Animation
Art,3,5,4,-1,-1,-1,-1,-1,-1,-1,-1,5,4,4,4,6,6,-1,-1,-1,-1,-1,167,"cartoons, storytelling",Animation
Commercial,6,6,6,-1,-1,-1,-1,-1,-1,-1,-1,6,5,-1,5,-1,-1,-1,-1,-1,5,4,255,"data modelling, statistics",Actuarial Science
Science,4,6,6,4,4,1,-1,6,-1,-1,-1,-1,-1,-1,-1,-1,-1,-1,-1,-1,-1,-1,263,"support, IT systems",Information Technology
Science,5,4,6,4,6,2,5,4,-1,-1,-1,-1,-1,-1,-1,-1,-1,-1,-1,-1,-1,-1,280,"production, processes",Chemical Engineering
Science,5,5,4,6,6,1,6,6,-1,-1,-1,-1,-1,-1,-1,-1,-1,-1,-1,-1,-1,-1,237,"buildings, design",Architecture
Science,5,4,5,5,5,4,-1,4,5,-1,-1,-1,-1,-1,-1,-1,-1,-1,-1,-1,-1,-1,296,"body functions, health science",Physiology
Science,4,6,4,1,5,5,-1,5,5,-1,-1,-1,-1,-1,-1,-1,-1,-1,-1,-1,-1,-1,238,"disease prevention, community health",Public Health
Science,4,6,4,4,4,5,-1,5,4,-1,-1,-1,-1,-1,-1,-1,-1,-1,-1,-1,-1,-1,248,"biological molecules, lab work",Biochemistry
Science,4,5,4,5,4,4,-1,5,-1,-1,5,-1,-1,-1,-1,-1,-1,-1,-1,-1,-1,-1,287,"oceans, marine life",Marine Science
Science,6,6,5,4,5,5,-1,2,-1,5,-1,-1,-1,-1,-1,-1,-1,-1,-1,-1,-1,-1,318,"forest conservation, environmental protection",Forestry
Art,4,6,6,-1,-1,-1,-1,-1,-1,-1,-1,6,5,4,4,5,-1,5,-1,-1,-1,-1,188,"counselling, human behaviour",Psychology
Art,3,4,6,-1,-1,-1,-1,-1,-1,-1,-1,6,4,6,4,5,-1,-1,-1,6,-1,-1,173,"culture, tour guiding",Tourism and Hospitality
Art,3,5,4,-1,-1,-1,-1,-1,-1,-1,-1,5,6,5,4,4,-1,-1,4,-1,-1,-1,218,"mobile apps, user interface",UI/UX Design
Art,2,4,6,-1,-1,-1,-1,-1,-1,-1,-1,4,6,4,4,6,6,-1,-1,-1,-1,-1,167,"digital products, user interface",UI/UX Design
Commercial,4,4,5,-1,-1,-1,-1,-1,-1,-1,-1,6,4,-1,4,-1,-1,-1,-1,-1,5,5,244,"business startup, innovation",Entrepreneurship
Science,4,5,4,5,5,3,-1,6,-1,-1,-1,-1,-1,-1,-1,-1,-1,-1,-1,-1,-1,-1,266,"support, IT systems",Information Technology
Science,4,4,4,6,4,3,6,5,-1,-1,-1,-1,-1,-1,-1,-1,-1,-1,-1,-1,-1,-1,287,"circuits, power systems",Electrical Engineering
Science,6,4,6,5,5,3,4,5,-1,-1,-1,-1,-1,-1,-1,-1,-1,-1,-1,-1,-1,-1,273,"property management, real estate",Estate Management
Science,5,5,6,6,6,6,-1,6,6,-1,-1,-1,-1,-1,-1,-1,-1,-1,-1,-1,-1,-1,278,"human body, medical science",Anatomy
Science,6,5,4,2,6,5,-1,4,5,-1,-1,-1,-1,-1,-1,-1,-1,-1,-1,-1,-1,-1,292,"food, health diet",Nutrition and Dietetics
Science,4,4,5,4,4,6,-1,4,5,-1,-1,-1,-1,-1,-1,-1,-1,-1,-1,-1,-1,-1,270,"modeling, computation",Applied Mathematics
Science,5,4,6,5,5,5,-1,4,-1,-1,5,-1,-1,-1,-1,-1,-1,-1,-1,-1,-1,-1,223,"oceans, marine life",Marine Science
Science,4,4,4,4,4,4,-1,2,-1,6,-1,-1,-1,-1,-1,-1,-1,-1,-1,-1,-1,-1,244,"crop management, crops",Agronomy
Art,5,5,5,-1,-1,-1,-1,-1,-1,-1,-1,6,4,5,4,5,-1,5,-1,-1,-1,-1,229,"society, community development",Sociology
Art,2,5,6,-1,-1,-1,-1,-1,-1,-1,-1,4,5,5,5,5,-1,-1,-1,6,-1,-1,171,"excavation, historical artifacts",Archaeology
Art,1,4,5,-1,-1,-1,-1,-1,-1,-1,-1,6,4,6,6,5,-1,-1,6,-1,-1,-1,162,"creative editing, video effects",Motion Graphics
Art,1,4,6,-1,-1,-1,-1,-1,-1,-1,-1,4,6,4,6,4,6,-1,-1,-1,-1,-1,164,"animation, video effects",Motion Graphics
Commercial,5,5,4,-1,-1,-1,-1,-1,-1,-1,-1,5,5,-1,5,-1,-1,-1,-1,-1,4,6,327,"branding, advertising",Marketing
Science,4,6,4,4,4,2,-1,5,-1,-1,-1,-1,-1,-1,-1,-1,-1,-1,-1,-1,-1,-1,252,"development, apps",Software Engineering
Science,5,4,5,6,6,1,4,6,-1,-1,-1,-1,-1,-1,-1,-1,-1,-1,-1,-1,-1,-1,227,"machines, mechanics",Mechanical Engineering
Science,4,4,5,6,5,2,6,6,-1,-1,-1,-1,-1,-1,-1,-1,-1,-1,-1,-1,-1,-1,259,"environmental planning, city development",Urban and Regional Planning
Science,6,5,4,4,5,6,-1,5,6,-1,-1,-1,-1,-1,-1,-1,-1,-1,-1,-1,-1,-1,293,"medicine, treatment",Medicine and Surgery
Science,6,5,5,2,5,4,-1,6,4,-1,-1,-1,-1,-1,-1,-1,-1,-1,-1,-1,-1,-1,252,"health diet, food",Nutrition and Dietetics
Science,5,4,6,6,4,4,-1,5,4,-1,-1,-1,-1,-1,-1,-1,-1,-1,-1,-1,-1,-1,243,"chemical production, industry",Industrial Chemistry
Science,4,6,5,4,5,5,-1,5,-1,-1,6,-1,-1,-1,-1,-1,-1,-1,-1,-1,-1,-1,313,"seismology, earth structure",Geophysics
Science,6,5,5,5,4,4,-1,1,-1,5,-1,-1,-1,-1,-1,-1,-1,-1,-1,-1,-1,-1,297,"flower cultivation, fruit production",Horticulture
Art,4,6,5,-1,-1,-1,-1,-1,-1,-1,-1,6,5,4,4,6,-1,4,-1,-1,-1,-1,213,"cultural studies, community development",Sociology
Art,3,5,5,-1,-1,-1,-1,-1,-1,-1,-1,5,5,4,5,6,-1,-1,-1,4,-1,-1,182,"research, excavation",Archaeology
Art,1,5,6,-1,-1,-1,-1,-1,-1,-1,-1,6,5,5,5,4,-1,-1,6,-1,-1,-1,198,"room decoration, home aesthetics",Interior Design
Art,3,6,5,-1,-1,-1,-1,-1,-1,-1,-1,4,4,4,6,6,6,-1,-1,-1,-1,-1,211,"home aesthetics, furniture",Interior Design
Commercial,6,5,6,-1,-1,-1,-1,-1,-1,-1,-1,4,6,-1,6,-1,-1,-1,-1,-1,5,5,250,"business startup, innovation",Entrepreneurship
Science,4,6,5,6,6,1,-1,5,-1,-1,-1,-1,-1,-1,-1,-1,-1,-1,-1,-1,-1,-1,242,"support, computers",Information Technology
Science,4,5,5,5,4,2,6,5,-1,-1,-1,-1,-1,-1,-1,-1,-1,-1,-1,-1,-1,-1,288,"power systems, circuits",Electrical Engineering
Science,5,6,4,4,5,1,6,6,-1,-1,-1,-1,-1,-1,-1,-1,-1,-1,-1,-1,-1,-1,253,"land valuation, property management",Estate Management
Science,5,6,5,6,5,5,-1,5,4,-1,-1,-1,-1,-1,-1,-1,-1,-1,-1,-1,-1,-1,265,"care, hospital",Nursing
Science,6,5,4,2,5,5,-1,5,6,-1,-1,-1,-1,-1,-1,-1,-1,-1,-1,-1,-1,-1,228,"food, health diet",Nutrition and Dietetics
Science,5,6,4,6,5,4,-1,6,5,-1,-1,-1,-1,-1,-1,-1,-1,-1,-1,-1,-1,-1,224,"motion, energy",Physics
Science,4,5,4,5,4,6,-1,5,-1,-1,5,-1,-1,-1,-1,-1,-1,-1,-1,-1,-1,-1,241,"environment, climate",Environmental Science
Science,5,4,5,6,4,6,-1,1,-1,5,-1,-1,-1,-1,-1,-1,-1,-1,-1,-1,-1,-1,233,"fish farming, aquatic life",Fisheries and Aquaculture
Art,4,5,6,-1,-1,-1,-1,-1,-1,-1,-1,6,5,6,5,5,-1,4,-1,-1,-1,-1,163,"population studies, migration patterns",Demography
Art,1,4,4,-1,-1,-1,-1,-1,-1,-1,-1,6,6,5,5,4,-1,-1,-1,4,-1,-1,213,"historical artifacts, ancient civilization",Archaeology
Art,2,6,6,-1,-1,-1,-1,-1,-1,-1,-1,6,6,4,5,4,-1,-1,6,-1,-1,-1,202,"editing photos, creative visuals",Photography
Art,3,5,6,-1,-1,-1,-1,-1,-1,-1,-1,6,5,4,4,4,4,-1,-1,-1,-1,-1,187,"portraits, taking pictures",Photography
Commercial,5,5,5,-1,-1,-1,-1,-1,-1,-1,-1,6,6,-1,5,-1,-1,-1,-1,-1,4,5,318,"banking, financial markets",Banking and Finance
Science,4,6,4,5,5,2,-1,5,-1,-1,-1,-1,-1,-1,-1,-1,-1,-1,-1,-1,-1,-1,266,"software integration, hardware",Computer Engineering
Science,5,4,5,5,4,2,6,5,-1,-1,-1,-1,-1,-1,-1,-1,-1,-1,-1,-1,-1,-1,252,"marine systems, ships",Marine Engineering
Science,5,5,6,6,5,1,5,4,-1,-1,-1,-1,-1,-1,-1,-1,-1,-1,-1,-1,-1,-1,254,"buildings, drawing",Architecture
Science,6,4,6,4,5,5,-1,5,4,-1,-1,-1,-1,-1,-1,-1,-1,-1,-1,-1,-1,-1,261,"laboratory, medication",Pharmacy
Science,5,5,6,1,5,4,-1,6,5,-1,-1,-1,-1,-1,-1,-1,-1,-1,-1,-1,-1,-1,292,"community health, disease prevention",Public Health
Science,4,6,4,6,5,5,-1,4,5,-1,-1,-1,-1,-1,-1,-1,-1,-1,-1,-1,-1,-1,320,"computation, modeling",Applied Mathematics
Science,4,6,6,6,4,6,-1,6,-1,-1,4,-1,-1,-1,-1,-1,-1,-1,-1,-1,-1,-1,313,"oceans, marine life",Marine Science
Science,6,5,6,4,6,4,-1,2,-1,6,-1,-1,-1,-1,-1,-1,-1,-1,-1,-1,-1,-1,244,"forest conservation, wildlife management",Forestry
Art,5,4,5,-1,-1,-1,-1,-1,-1,-1,-1,5,5,5,5,5,-1,6,-1,-1,-1,-1,225,"law enforcement, criminal justice",Criminology
Art,1,4,5,-1,-1,-1,-1,-1,-1,-1,-1,6,5,5,5,4,-1,-1,-1,5,-1,-1,178,"problem solving, analysis",Research and Policy Analysis
Art,2,6,4,-1,-1,-1,-1,-1,-1,-1,-1,4,4,4,4,4,-1,-1,4,-1,-1,-1,150,"Creative software, digital painting",Digital Art
Art,2,6,5,-1,-1,-1,-1,-1,-1,-1,-1,4,4,6,6,6,4,-1,-1,-1,-1,-1,158,"art technology, digital painting",Digital Art
Commercial,5,5,4,-1,-1,-1,-1,-1,-1,-1,-1,6,4,-1,6,-1,-1,-1,-1,-1,4,6,321,"policy analysis, claims processing",Insurance
Science,6,4,6,4,5,2,-1,6,-1,-1,-1,-1,-1,-1,-1,-1,-1,-1,-1,-1,-1,-1,273,"networks, internet",Network Engineering
Science,5,6,6,6,5,1,5,6,-1,-1,-1,-1,-1,-1,-1,-1,-1,-1,-1,-1,-1,-1,243,"optimization, systems",Industrial Engineering
Science,5,5,4,5,4,3,5,4,-1,-1,-1,-1,-1,-1,-1,-1,-1,-1,-1,-1,-1,-1,261,"buildings, AutoCad",Architecture
Science,4,5,5,4,6,4,-1,4,4,-1,-1,-1,-1,-1,-1,-1,-1,-1,-1,-1,-1,-1,313,"vision, eyes",Optometry
Science,5,4,6,1,5,4,-1,6,5,-1,-1,-1,-1,-1,-1,-1,-1,-1,-1,-1,-1,-1,293,"food, health diet",Nutrition and Dietetics
Science,4,4,5,6,4,4,-1,4,5,-1,-1,-1,-1,-1,-1,-1,-1,-1,-1,-1,-1,-1,233,"biological molecules, lab work",Biochemistry
Science,6,5,6,6,4,5,-1,5,-1,-1,6,-1,-1,-1,-1,-1,-1,-1,-1,-1,-1,-1,277,"earth structure, seismology",Geophysics
Science,6,4,4,4,6,4,-1,3,-1,4,-1,-1,-1,-1,-1,-1,-1,-1,-1,-1,-1,-1,296,"rural advisory services, agricultural training",Agricultural Extension
Art,4,5,5,-1,-1,-1,-1,-1,-1,-1,-1,6,6,4,4,6,-1,5,-1,-1,-1,-1,213,"advocacy, social justice",Human Rights and Advocacy
Art,3,4,5,-1,-1,-1,-1,-1,-1,-1,-1,6,6,5,5,4,-1,-1,-1,6,-1,-1,211,"record keeping, libraries",Archival Studies
Art,2,6,5,-1,-1,-1,-1,-1,-1,-1,-1,6,6,4,6,6,-1,-1,4,-1,-1,-1,156,"user experience, creative coding",Web Design
Art,1,5,5,-1,-1,-1,-1,-1,-1,-1,-1,6,6,4,6,5,5,-1,-1,-1,-1,-1,155,"website layouts, ui design",Web Design
Commercial,4,5,6,-1,-1,-1,-1,-1,-1,-1,-1,6,4,-1,6,-1,-1,-1,-1,-1,5,4,277,"claims processing, financial protection",Insurance
Science,6,6,4,5,5,2,-1,5,-1,-1,-1,-1,-1,-1,-1,-1,-1,-1,-1,-1,-1,-1,215,"hacking, network protection",Cyber Security
Science,6,5,6,6,4,3,6,5,-1,-1,-1,-1,-1,-1,-1,-1,-1,-1,-1,-1,-1,-1,227,"chemicals, processes",Chemical Engineering
Science,4,4,5,5,4,2,5,6,-1,-1,-1,-1,-1,-1,-1,-1,-1,-1,-1,-1,-1,-1,228,"buildings, design",Architecture
Science,5,4,4,6,6,4,-1,4,4,-1,-1,-1,-1,-1,-1,-1,-1,-1,-1,-1,-1,-1,257,"x_ray, medical imaging",Radiography
Science,5,5,4,3,5,5,-1,5,6,-1,-1,-1,-1,-1,-1,-1,-1,-1,-1,-1,-1,-1,249,"health diet, food",Nutrition and Dietetics
Science,5,6,5,6,4,5,-1,6,5,-1,-1,-1,-1,-1,-1,-1,-1,-1,-1,-1,-1,-1,241,"life science, nature",Biology
Science,6,5,5,5,5,4,-1,5,-1,-1,6,-1,-1,-1,-1,-1,-1,-1,-1,-1,-1,-1,310,"marine life, oceans",Marine Science
Science,5,6,4,5,4,5,-1,2,-1,4,-1,-1,-1,-1,-1,-1,-1,-1,-1,-1,-1,-1,264,"food production, agricultural technology",Agricultural Science
Art,5,5,6,-1,-1,-1,-1,-1,-1,-1,-1,6,4,4,6,5,-1,5,-1,-1,-1,-1,172,"society, cultural studies",Sociology
Art,1,4,4,-1,-1,-1,-1,-1,-1,-1,-1,6,5,4,6,4,-1,-1,-1,5,-1,-1,222,"customer service, travel",Tourism and Hospitality
Art,1,6,6,-1,-1,-1,-1,-1,-1,-1,-1,6,5,6,6,5,-1,-1,5,-1,-1,-1,154,"room decoration, furniture",Interior Design
Art,2,4,5,-1,-1,-1,-1,-1,-1,-1,-1,4,6,5,4,6,4,-1,-1,-1,-1,-1,162,"furniture, room decoration",Interior Design
Commercial,4,5,4,-1,-1,-1,-1,-1,-1,-1,-1,4,6,-1,6,-1,-1,-1,-1,-1,5,5,310,"financial markets, investment",Banking and Finance
Science,6,6,4,5,6,2,-1,6,-1,-1,-1,-1,-1,-1,-1,-1,-1,-1,-1,-1,-1,-1,212,"hardware, software integration",Computer Engineering
Science,6,4,6,4,6,1,6,5,-1,-1,-1,-1,-1,-1,-1,-1,-1,-1,-1,-1,-1,-1,266,"cars, automobiles",Automotive Engineering
Science,5,5,6,6,6,1,4,4,-1,-1,-1,-1,-1,-1,-1,-1,-1,-1,-1,-1,-1,-1,250,"building estimation, project budgeting",Quantity Surveying
Science,5,5,4,6,6,5,-1,6,4,-1,-1,-1,-1,-1,-1,-1,-1,-1,-1,-1,-1,-1,266,"veterinary care, animals",Veterinary Medicine
Science,4,6,5,2,4,4,-1,5,5,-1,-1,-1,-1,-1,-1,-1,-1,-1,-1,-1,-1,-1,267,"disease prevention, community health",Public Health
Science,5,6,6,5,5,4,-1,5,6,-1,-1,-1,-1,-1,-1,-1,-1,-1,-1,-1,-1,-1,304,"industry, chemical production",Industrial Chemistry
Science,6,6,4,6,5,4,-1,4,-1,-1,6,-1,-1,-1,-1,-1,-1,-1,-1,-1,-1,-1,293,"oceans, marine life",Marine Science
Science,4,4,4,5,5,4,-1,2,-1,6,-1,-1,-1,-1,-1,-1,-1,-1,-1,-1,-1,-1,283,"pond management, seafood production",Fisheries and Aquaculture
Art,5,5,5,-1,-1,-1,-1,-1,-1,-1,-1,6,5,5,6,4,-1,5,-1,-1,-1,-1,200,"birth rates, migration patterns",Demography
Art,3,6,4,-1,-1,-1,-1,-1,-1,-1,-1,6,4,4,6,6,-1,-1,-1,6,-1,-1,188,"ancient civilization, historical artifacts",Archaeology
Art,3,5,4,-1,-1,-1,-1,-1,-1,-1,-1,5,6,4,5,4,-1,-1,5,-1,-1,-1,152,"mobile apps, digital products",UI/UX Design
Art,1,6,4,-1,-1,-1,-1,-1,-1,-1,-1,6,4,5,6,4,5,-1,-1,-1,-1,-1,197,"user interface, digital products",UI/UX Design
Commercial,6,6,5,-1,-1,-1,-1,-1,-1,-1,-1,4,6,-1,4,-1,-1,-1,-1,-1,6,6,306,"employee relations, workplace development",Human Resource Management
Science,5,4,5,5,6,3,-1,4,-1,-1,-1,-1,-1,-1,-1,-1,-1,-1,-1,-1,-1,-1,215,"apps, development",Software Engineering
Science,4,4,6,4,4,2,5,5,-1,-1,-1,-1,-1,-1,-1,-1,-1,-1,-1,-1,-1,-1,254,"ocean, marine systems",Marine Engineering
Science,4,4,6,4,5,3,4,6,-1,-1,-1,-1,-1,-1,-1,-1,-1,-1,-1,-1,-1,-1,274,"geographic information system, land measurement",Surveying and Geoinformatics
Science,4,4,5,6,6,5,-1,5,5,-1,-1,-1,-1,-1,-1,-1,-1,-1,-1,-1,-1,-1,251,"laboratory, drugs",Pharmacy
Science,4,4,4,2,5,5,-1,6,4,-1,-1,-1,-1,-1,-1,-1,-1,-1,-1,-1,-1,-1,282,"disease prevention, community health",Public Health
Science,4,6,5,6,6,6,-1,6,5,-1,-1,-1,-1,-1,-1,-1,-1,-1,-1,-1,-1,-1,261,"logic, theory",Mathematics
Science,4,6,4,5,4,4,-1,6,-1,-1,5,-1,-1,-1,-1,-1,-1,-1,-1,-1,-1,-1,298,"earth structure, seismology",Geophysics
Science,4,4,5,6,6,4,-1,2,-1,5,-1,-1,-1,-1,-1,-1,-1,-1,-1,-1,-1,-1,318,"forest conservation, wildlife management",Forestry
Art,5,6,6,-1,-1,-1,-1,-1,-1,-1,-1,5,6,4,6,5,-1,6,-1,-1,-1,-1,215,"counselling, emotional wellbeing",Psychology
Art,2,6,6,-1,-1,-1,-1,-1,-1,-1,-1,5,5,5,4,6,-1,-1,-1,5,-1,-1,184,"heritage, tourism",Museum and Heritage Studies
Art,3,6,4,-1,-1,-1,-1,-1,-1,-1,-1,6,5,6,6,4,-1,-1,5,-1,-1,-1,155,"animation, visual storytelling",Motion Graphics
Art,1,5,4,-1,-1,-1,-1,-1,-1,-1,-1,6,6,5,6,5,5,-1,-1,-1,-1,-1,153,"visual storytelling, video effects",Motion Graphics
Commercial,4,4,5,-1,-1,-1,-1,-1,-1,-1,-1,4,5,-1,5,-1,-1,-1,-1,-1,6,6,300,"staff management, employee relations",Human Resource Management
Science,6,6,6,6,6,3,-1,5,-1,-1,-1,-1,-1,-1,-1,-1,-1,-1,-1,-1,-1,-1,224,"hacking, security",Cyber Security
Science,5,6,6,5,4,3,6,4,-1,-1,-1,-1,-1,-1,-1,-1,-1,-1,-1,-1,-1,-1,288,"mechanics, machines",Mechanical Engineering
Science,4,5,5,4,6,3,4,5,-1,-1,-1,-1,-1,-1,-1,-1,-1,-1,-1,-1,-1,-1,257,"land measurement, spatial data",Surveying and Geoinformatics
Science,4,5,6,4,6,5,-1,5,4,-1,-1,-1,-1,-1,-1,-1,-1,-1,-1,-1,-1,-1,306,"diagnosis, imaging",Radiology
Science,5,5,5,2,6,4,-1,6,4,-1,-1,-1,-1,-1,-1,-1,-1,-1,-1,-1,-1,-1,250,"health diet, food",Nutrition and Dietetics
Science,4,5,6,6,6,6,-1,4,6,-1,-1,-1,-1,-1,-1,-1,-1,-1,-1,-1,-1,-1,257,"research, technology",Applied Physics
Science,4,4,5,6,6,6,-1,4,-1,-1,5,-1,-1,-1,-1,-1,-1,-1,-1,-1,-1,-1,285,"rocks, earth science",Geology
Science,6,6,4,6,6,4,-1,2,-1,4,-1,-1,-1,-1,-1,-1,-1,-1,-1,-1,-1,-1,259,"flower cultivation, landscaping",Horticulture
Art,5,5,5,-1,-1,-1,-1,-1,-1,-1,-1,4,5,5,6,6,-1,6,-1,-1,-1,-1,213,"cultural studies, community development",Sociology
Art,1,6,6,-1,-1,-1,-1,-1,-1,-1,-1,6,6,5,6,5,-1,-1,-1,5,-1,-1,212,"excavation, research",Archaeology
Art,3,4,4,-1,-1,-1,-1,-1,-1,-1,-1,4,5,4,6,4,-1,-1,6,-1,-1,-1,169,"creative coding, ui design",Web Design
Art,3,6,6,-1,-1,-1,-1,-1,-1,-1,-1,6,6,6,5,6,6,-1,-1,-1,-1,-1,185,"user experience, ui design",Web Design
Commercial,5,6,5,-1,-1,-1,-1,-1,-1,-1,-1,4,4,-1,6,-1,-1,-1,-1,-1,5,5,338,"consumer behavior, advertising",Marketing
Science,6,5,4,4,6,1,-1,6,-1,-1,-1,-1,-1,-1,-1,-1,-1,-1,-1,-1,-1,-1,264,"AI, automation",Artificial Intelligence
Science,6,4,6,6,4,2,5,4,-1,-1,-1,-1,-1,-1,-1,-1,-1,-1,-1,-1,-1,-1,239,"systems, optimization",Industrial Engineering
Science,5,4,4,5,4,1,5,6,-1,-1,-1,-1,-1,-1,-1,-1,-1,-1,-1,-1,-1,-1,279,"facility management, real estate",Estate Management
Science,4,4,6,4,5,5,-1,6,5,-1,-1,-1,-1,-1,-1,-1,-1,-1,-1,-1,-1,-1,304,"dental care, teeth",Dentistry
Science,6,5,5,2,5,4,-1,5,4,-1,-1,-1,-1,-1,-1,-1,-1,-1,-1,-1,-1,-1,235,"community health, disease prevention",Public Health
Science,6,4,5,5,6,5,-1,6,6,-1,-1,-1,-1,-1,-1,-1,-1,-1,-1,-1,-1,-1,311,"motion, experiments",Physics
Science,5,5,5,6,6,5,-1,4,-1,-1,5,-1,-1,-1,-1,-1,-1,-1,-1,-1,-1,-1,222,"climate, weather",Meteorology
Science,6,6,5,4,6,6,-1,1,-1,5,-1,-1,-1,-1,-1,-1,-1,-1,-1,-1,-1,-1,246,"gardening, flower cultivation",Horticulture
Art,6,5,5,-1,-1,-1,-1,-1,-1,-1,-1,6,6,4,6,6,-1,6,-1,-1,-1,-1,163,"migration patterns, birth rates",Demography
Art,1,6,4,-1,-1,-1,-1,-1,-1,-1,-1,5,5,6,5,4,-1,-1,-1,6,-1,-1,208,"culture, tourism",Museum and Heritage Studies
Art,1,6,6,-1,-1,-1,-1,-1,-1,-1,-1,5,4,6,6,5,-1,-1,4,-1,-1,-1,157,"fashion trends, clothing",Fashion Design
Art,2,4,6,-1,-1,-1,-1,-1,-1,-1,-1,4,6,5,5,4,6,-1,-1,-1,-1,-1,184,"drawing outfits, clothing",Fashion Design
Commercial,4,4,4,-1,-1,-1,-1,-1,-1,-1,-1,5,6,-1,4,-1,-1,-1,-1,-1,4,4,255,"data modelling, statistics",Actuarial Science
Science,6,6,5,4,4,1,-1,6,-1,-1,-1,-1,-1,-1,-1,-1,-1,-1,-1,-1,-1,-1,235,"statistics, data",Data Science
Science,6,5,4,6,4,2,4,6,-1,-1,-1,-1,-1,-1,-1,-1,-1,-1,-1,-1,-1,-1,221,"circuits, hardware",Electronic Engineering
Science,4,4,5,5,6,3,6,5,-1,-1,-1,-1,-1,-1,-1,-1,-1,-1,-1,-1,-1,-1,228,"land valuation, real estate",Estate Management
Science,6,5,6,5,5,6,-1,6,6,-1,-1,-1,-1,-1,-1,-1,-1,-1,-1,-1,-1,-1,276,"cancer, treatment",Oncology
Science,4,4,5,3,4,6,-1,5,4,-1,-1,-1,-1,-1,-1,-1,-1,-1,-1,-1,-1,-1,274,"disease prevention, community health",Public Health
Science,6,4,6,5,6,4,-1,5,6,-1,-1,-1,-1,-1,-1,-1,-1,-1,-1,-1,-1,-1,257,"technology, research",Applied Physics
Science,4,4,6,6,6,4,-1,4,-1,-1,6,-1,-1,-1,-1,-1,-1,-1,-1,-1,-1,-1,238,"marine life, oceans",Marine Science
Science,4,5,4,6,5,6,-1,3,-1,5,-1,-1,-1,-1,-1,-1,-1,-1,-1,-1,-1,-1,243,"market analysis, farm management",Agricultural Economics
Art,6,6,4,-1,-1,-1,-1,-1,-1,-1,-1,5,6,4,5,5,-1,5,-1,-1,-1,-1,178,"social behavior, cultural studies",Sociology
Art,3,4,5,-1,-1,-1,-1,-1,-1,-1,-1,6,6,4,4,6,-1,-1,-1,4,-1,-1,188,"problem solving, data gathering",Research and Policy Analysis
Art,2,6,5,-1,-1,-1,-1,-1,-1,-1,-1,4,6,5,4,6,-1,-1,4,-1,-1,-1,158,"Creative software, art technology",Digital Art
Art,2,5,6,-1,-1,-1,-1,-1,-1,-1,-1,4,4,6,6,4,6,-1,-1,-1,-1,-1,201,"drawing tablets, digital painting",Digital Art
Commercial,5,6,4,-1,-1,-1,-1,-1,-1,-1,-1,4,5,-1,5,-1,-1,-1,-1,-1,6,5,264,"money management, investment",Banking and Finance
Science,6,6,5,6,6,2,-1,6,-1,-1,-1,-1,-1,-1,-1,-1,-1,-1,-1,-1,-1,-1,232,"network protection, security",Cyber Security
Science,6,4,5,5,5,2,6,6,-1,-1,-1,-1,-1,-1,-1,-1,-1,-1,-1,-1,-1,-1,245,"ocean, marine systems",Marine Engineering
Science,5,4,4,4,6,2,5,5,-1,-1,-1,-1,-1,-1,-1,-1,-1,-1,-1,-1,-1,-1,240,"land valuation, property management",Estate Management
Science,5,5,6,6,6,6,-1,6,6,-1,-1,-1,-1,-1,-1,-1,-1,-1,-1,-1,-1,-1,268,"teeth, dental care",Dentistry
Science,6,6,4,2,6,5,-1,5,6,-1,-1,-1,-1,-1,-1,-1,-1,-1,-1,-1,-1,-1,300,"community health, disease prevention",Public Health
Science,4,6,4,4,4,5,-1,5,6,-1,-1,-1,-1,-1,-1,-1,-1,-1,-1,-1,-1,-1,224,"chemical production, industry",Industrial Chemistry
Science,5,6,4,4,5,6,-1,6,-1,-1,5,-1,-1,-1,-1,-1,-1,-1,-1,-1,-1,-1,312,"climate, weather",Meteorology
Science,4,5,6,4,4,5,-1,2,-1,6,-1,-1,-1,-1,-1,-1,-1,-1,-1,-1,-1,-1,229,"plant breeding, harvesting",Crop Science
Art,5,5,5,-1,-1,-1,-1,-1,-1,-1,-1,5,5,6,4,4,-1,4,-1,-1,-1,-1,196,"leadership, politics",Political Science
Art,2,5,4,-1,-1,-1,-1,-1,-1,-1,-1,6,5,6,6,6,-1,-1,-1,6,-1,-1,220,"history preservation, heritage",Museum and Heritage Studies
Art,3,5,4,-1,-1,-1,-1,-1,-1,-1,-1,6,5,5,5,5,-1,-1,4,-1,-1,-1,188,"drawing tablets, art technology",Digital Art
Art,1,5,6,-1,-1,-1,-1,-1,-1,-1,-1,5,4,6,6,6,5,-1,-1,-1,-1,-1,145,"Creative software, art technology",Digital Art
Commercial,4,6,5,-1,-1,-1,-1,-1,-1,-1,-1,6,5,-1,5,-1,-1,-1,-1,-1,5,4,284,"claims processing, financial protection",Insurance
Science,5,5,4,5,4,1,-1,4,-1,-1,-1,-1,-1,-1,-1,-1,-1,-1,-1,-1,-1,-1,220,"systems, business IT",Information Systems
Science,6,5,6,6,4,3,5,5,-1,-1,-1,-1,-1,-1,-1,-1,-1,-1,-1,-1,-1,-1,256,"power systems, electricity",Electrical Engineering
Science,6,6,5,4,4,2,4,6,-1,-1,-1,-1,-1,-1,-1,-1,-1,-1,-1,-1,-1,-1,288,"transport systems, community planning",Urban and Regional Planning
Science,4,4,4,6,6,4,-1,4,4,-1,-1,-1,-1,-1,-1,-1,-1,-1,-1,-1,-1,-1,252,"medicine, healthcare",Medicine and Surgery
Science,5,5,5,2,6,4,-1,5,4,-1,-1,-1,-1,-1,-1,-1,-1,-1,-1,-1,-1,-1,275,"community health, disease prevention",Public Health
Science,4,6,5,5,5,4,-1,5,6,-1,-1,-1,-1,-1,-1,-1,-1,-1,-1,-1,-1,-1,311,"chemical production, industry",Industrial Chemistry
Science,4,4,4,5,4,5,-1,4,-1,-1,4,-1,-1,-1,-1,-1,-1,-1,-1,-1,-1,-1,223,"weather, climate",Meteorology
Science,6,6,6,6,6,5,-1,2,-1,6,-1,-1,-1,-1,-1,-1,-1,-1,-1,-1,-1,-1,220,"livestock farming, animal breeding",Animal Science
Art,5,5,5,-1,-1,-1,-1,-1,-1,-1,-1,5,6,6,4,5,-1,5,-1,-1,-1,-1,199,"writing, news reporting",Journalism and Media Studies
Art,2,6,6,-1,-1,-1,-1,-1,-1,-1,-1,6,6,4,5,6,-1,-1,-1,4,-1,-1,178,"culture, history preservation",Museum and Heritage Studies
Art,1,4,5,-1,-1,-1,-1,-1,-1,-1,-1,6,4,4,6,5,-1,-1,5,-1,-1,-1,196,"website layouts, creative coding",Web Design
Art,2,4,6,-1,-1,-1,-1,-1,-1,-1,-1,6,5,4,6,5,6,-1,-1,-1,-1,-1,140,"creative coding, ui design",Web Design
Commercial,6,4,4,-1,-1,-1,-1,-1,-1,-1,-1,5,4,-1,5,-1,-1,-1,-1,-1,4,5,295,"banking, investment",Banking and Finance
Science,6,5,6,5,4,2,-1,6,-1,-1,-1,-1,-1,-1,-1,-1,-1,-1,-1,-1,-1,-1,246,"networks, communication systems",Network Engineering
Science,6,4,5,4,6,1,5,4,-1,-1,-1,-1,-1,-1,-1,-1,-1,-1,-1,-1,-1,-1,260,"electronics, power systems",Electrical Engineering
Science,5,4,6,6,6,2,5,5,-1,-1,-1,-1,-1,-1,-1,-1,-1,-1,-1,-1,-1,-1,261,"project budgeting, cost analysis",Quantity Surveying
Science,6,6,4,5,6,6,-1,5,6,-1,-1,-1,-1,-1,-1,-1,-1,-1,-1,-1,-1,-1,279,"health science, body functions",Physiology
Science,4,6,5,2,5,6,-1,6,5,-1,-1,-1,-1,-1,-1,-1,-1,-1,-1,-1,-1,-1,299,"disease prevention, community health",Public Health
Science,5,6,4,5,5,5,-1,6,5,-1,-1,-1,-1,-1,-1,-1,-1,-1,-1,-1,-1,-1,235,"theory, logic",Mathematics
Science,5,6,4,5,5,5,-1,4,-1,-1,4,-1,-1,-1,-1,-1,-1,-1,-1,-1,-1,-1,264,"environment, climate",Environmental Science
Science,5,5,6,4,6,6,-1,2,-1,4,-1,-1,-1,-1,-1,-1,-1,-1,-1,-1,-1,-1,264,"tree planting, wildlife management",Forestry
Art,6,4,5,-1,-1,-1,-1,-1,-1,-1,-1,4,5,5,4,5,-1,4,-1,-1,-1,-1,225,"news reporting, writing",Journalism and Media Studies
Art,2,5,5,-1,-1,-1,-1,-1,-1,-1,-1,6,5,5,5,5,-1,-1,-1,5,-1,-1,226,"libraries, historical records",Archival Studies
Art,2,4,4,-1,-1,-1,-1,-1,-1,-1,-1,6,4,5,5,5,-1,-1,6,-1,-1,-1,208,"website layouts, creative coding",Web Design
Art,3,6,5,-1,-1,-1,-1,-1,-1,-1,-1,5,6,5,6,6,5,-1,-1,-1,-1,-1,169,"user experience, ui design",Web Design
Commercial,4,4,4,-1,-1,-1,-1,-1,-1,-1,-1,6,5,-1,5,-1,-1,-1,-1,-1,4,4,296,"leadership, office administration",Business Administration
Science,6,4,5,6,6,1,-1,5,-1,-1,-1,-1,-1,-1,-1,-1,-1,-1,-1,-1,-1,-1,229,"computers, IT systems",Information Technology
Science,6,4,6,6,4,1,4,4,-1,-1,-1,-1,-1,-1,-1,-1,-1,-1,-1,-1,-1,-1,265,"systems, production",Industrial Engineering
Science,6,6,6,4,5,1,4,4,-1,-1,-1,-1,-1,-1,-1,-1,-1,-1,-1,-1,-1,-1,242,"geographic information system, mapping",Surveying and Geoinformatics
Science,6,6,6,5,5,5,-1,6,5,-1,-1,-1,-1,-1,-1,-1,-1,-1,-1,-1,-1,-1,251,"hospital, care",Nursing
Science,6,4,6,2,6,4,-1,5,5,-1,-1,-1,-1,-1,-1,-1,-1,-1,-1,-1,-1,-1,267,"community health, disease prevention",Public Health
Science,5,5,5,5,5,5,-1,6,5,-1,-1,-1,-1,-1,-1,-1,-1,-1,-1,-1,-1,-1,306,"nature, life science",Biology
Science,5,6,5,5,4,6,-1,5,-1,-1,5,-1,-1,-1,-1,-1,-1,-1,-1,-1,-1,-1,238,"seismology, earth structure",Geophysics
Science,5,5,4,6,6,4,-1,2,-1,5,-1,-1,-1,-1,-1,-1,-1,-1,-1,-1,-1,-1,281,"agricultural technology, crop cultivation",Agricultural Science
Art,6,6,6,-1,-1,-1,-1,-1,-1,-1,-1,6,5,6,5,6,-1,4,-1,-1,-1,-1,179,"human behaviour, mental health",Psychology
Art,2,6,4,-1,-1,-1,-1,-1,-1,-1,-1,4,5,4,6,6,-1,-1,-1,6,-1,-1,183,"tour guiding, culture",Tourism and Hospitality
Art,3,4,5,-1,-1,-1,-1,-1,-1,-1,-1,5,5,4,5,4,-1,-1,5,-1,-1,-1,213,"drawing outfits, textiles",Fashion Design
Art,2,6,5,-1,-1,-1,-1,-1,-1,-1,-1,4,4,6,5,5,5,-1,-1,-1,-1,-1,164,"drawing outfits, clothing",Fashion Design
Commercial,5,6,6,-1,-1,-1,-1,-1,-1,-1,-1,4,6,-1,6,-1,-1,-1,-1,-1,4,4,230,"innovation, business startup",Entrepreneurship
Science,5,4,6,4,5,1,-1,6,-1,-1,-1,-1,-1,-1,-1,-1,-1,-1,-1,-1,-1,-1,246,"coding, software",Computer Science
Science,4,4,5,4,5,1,6,6,-1,-1,-1,-1,-1,-1,-1,-1,-1,-1,-1,-1,-1,-1,246,"chemicals, processes",Chemical Engineering
Science,6,6,6,5,6,3,5,6,-1,-1,-1,-1,-1,-1,-1,-1,-1,-1,-1,-1,-1,-1,230,"construction costs, building estimation",Quantity Surveying
Science,6,6,4,4,5,5,-1,4,6,-1,-1,-1,-1,-1,-1,-1,-1,-1,-1,-1,-1,-1,294,"cancer, treatment",Oncology
Science,5,4,6,1,4,6,-1,4,4,-1,-1,-1,-1,-1,-1,-1,-1,-1,-1,-1,-1,-1,293,"food, health diet",Nutrition and Dietetics
Science,6,5,5,5,5,4,-1,5,6,-1,-1,-1,-1,-1,-1,-1,-1,-1,-1,-1,-1,-1,307,"theory, problem solving",Mathematics
Science,5,4,4,6,5,5,-1,4,-1,-1,6,-1,-1,-1,-1,-1,-1,-1,-1,-1,-1,-1,284,"earth structure, seismology",Geophysics
Science,6,5,4,4,5,5,-1,3,-1,6,-1,-1,-1,-1,-1,-1,-1,-1,-1,-1,-1,-1,255,"landscaping, flower cultivation",Horticulture
Art,6,6,4,-1,-1,-1,-1,-1,-1,-1,-1,5,4,5,6,4,-1,4,-1,-1,-1,-1,211,"human rights, justice",Law
Art,1,5,6,-1,-1,-1,-1,-1,-1,-1,-1,5,5,5,5,5,-1,-1,-1,5,-1,-1,214,"record keeping, documentation",Archival Studies
Art,2,6,4,-1,-1,-1,-1,-1,-1,-1,-1,6,5,5,5,6,-1,-1,4,-1,-1,-1,210,"user interface, user experience",UI/UX Design
Art,2,4,5,-1,-1,-1,-1,-1,-1,-1,-1,6,6,4,5,6,6,-1,-1,-1,-1,-1,144,"user interface, digital products",UI/UX Design
Commercial,5,4,6,-1,-1,-1,-1,-1,-1,-1,-1,4,6,-1,6,-1,-1,-1,-1,-1,4,4,328,"government finance, tax laws",Taxation
Science,4,6,5,5,5,3,-1,5,-1,-1,-1,-1,-1,-1,-1,-1,-1,-1,-1,-1,-1,-1,266,"apps, development",Software Engineering
Science,6,5,4,5,4,3,4,6,-1,-1,-1,-1,-1,-1,-1,-1,-1,-1,-1,-1,-1,-1,221,"oil, gas",Petroleum Engineering
Science,5,4,6,6,6,3,4,6,-1,-1,-1,-1,-1,-1,-1,-1,-1,-1,-1,-1,-1,-1,287,"construction costs, cost analysis",Quantity Surveying
Science,4,5,5,6,4,6,-1,4,4,-1,-1,-1,-1,-1,-1,-1,-1,-1,-1,-1,-1,-1,292,"cancer, treatment",Oncology
Science,4,6,4,3,6,5,-1,5,5,-1,-1,-1,-1,-1,-1,-1,-1,-1,-1,-1,-1,-1,277,"food, health diet",Nutrition and Dietetics
Science,6,5,6,4,6,6,-1,6,6,-1,-1,-1,-1,-1,-1,-1,-1,-1,-1,-1,-1,-1,298,"laboratory, reactions",Chemistry
Science,5,4,4,6,6,6,-1,6,-1,-1,5,-1,-1,-1,-1,-1,-1,-1,-1,-1,-1,-1,224,"climate, weather",Meteorology
Science,5,5,5,4,4,5,-1,1,-1,5,-1,-1,-1,-1,-1,-1,-1,-1,-1,-1,-1,-1,317,"farm management, rural development",Agricultural Economics
Art,5,4,6,-1,-1,-1,-1,-1,-1,-1,-1,6,6,6,5,5,-1,4,-1,-1,-1,-1,170,"leadership, administration",Public Administration
Art,1,6,4,-1,-1,-1,-1,-1,-1,-1,-1,4,4,4,6,4,-1,-1,-1,5,-1,-1,240,"culture, tourism",Museum and Heritage Studies
Art,3,4,4,-1,-1,-1,-1,-1,-1,-1,-1,5,6,6,6,5,-1,-1,5,-1,-1,-1,214,"crafts, sculpting",Painting and Sculpture
Art,2,6,5,-1,-1,-1,-1,-1,-1,-1,-1,6,4,4,6,4,4,-1,-1,-1,-1,-1,140,"painting, sculpting",Painting and Sculpture
Commercial,5,4,6,-1,-1,-1,-1,-1,-1,-1,-1,6,5,-1,4,-1,-1,-1,-1,-1,6,5,334,"revenue management, tax laws",Taxation
Science,4,4,5,4,4,3,-1,6,-1,-1,-1,-1,-1,-1,-1,-1,-1,-1,-1,-1,-1,-1,250,"business IT, systems",Information Systems
Science,5,6,6,4,6,3,6,5,-1,-1,-1,-1,-1,-1,-1,-1,-1,-1,-1,-1,-1,-1,256,"production, optimization",Industrial Engineering
Science,4,4,6,6,4,3,4,5,-1,-1,-1,-1,-1,-1,-1,-1,-1,-1,-1,-1,-1,-1,284,"mapping, geographic information system",Surveying and Geoinformatics
Science,6,5,4,6,5,6,-1,4,6,-1,-1,-1,-1,-1,-1,-1,-1,-1,-1,-1,-1,-1,303,"treatment, medicine",Medicine and Surgery
Science,6,4,6,2,5,6,-1,4,5,-1,-1,-1,-1,-1,-1,-1,-1,-1,-1,-1,-1,-1,299,"food, health diet",Nutrition and Dietetics
Science,4,4,4,4,6,4,-1,5,5,-1,-1,-1,-1,-1,-1,-1,-1,-1,-1,-1,-1,-1,275,"computation, modeling",Applied Mathematics
Science,6,5,5,4,5,5,-1,6,-1,-1,4,-1,-1,-1,-1,-1,-1,-1,-1,-1,-1,-1,262,"earth structure, seismology",Geophysics
Science,6,5,4,6,5,5,-1,2,-1,4,-1,-1,-1,-1,-1,-1,-1,-1,-1,-1,-1,-1,316,"livestock farming, vertinary care",Animal Science
Art,6,4,5,-1,-1,-1,-1,-1,-1,-1,-1,4,4,4,5,5,-1,6,-1,-1,-1,-1,208,"human behaviour, emotional wellbeing",Psychology
Art,2,5,5,-1,-1,-1,-1,-1,-1,-1,-1,4,5,4,6,5,-1,-1,-1,4,-1,-1,193,"research, ancient civilization",Archaeology
Art,2,5,6,-1,-1,-1,-1,-1,-1,-1,-1,4,6,6,4,5,-1,-1,6,-1,-1,-1,177,"room decoration, furniture",Interior Design
Art,3,6,4,-1,-1,-1,-1,-1,-1,-1,-1,4,4,6,5,4,4,-1,-1,-1,-1,-1,156,"room decoration, furniture",Interior Design
Commercial,6,6,4,-1,-1,-1,-1,-1,-1,-1,-1,6,6,-1,4,-1,-1,-1,-1,-1,6,6,270,"distribution, procurement",Supply Chain Management
Science,6,6,6,5,6,1,-1,6,-1,-1,-1,-1,-1,-1,-1,-1,-1,-1,-1,-1,-1,-1,259,"apps, software systems",Software Engineering
Science,4,4,5,4,5,2,4,4,-1,-1,-1,-1,-1,-1,-1,-1,-1,-1,-1,-1,-1,-1,251,"engines, cars",Automotive Engineering
Science,6,6,6,6,4,3,6,6,-1,-1,-1,-1,-1,-1,-1,-1,-1,-1,-1,-1,-1,-1,252,"cost analysis, construction costs",Quantity Surveying
Science,4,6,5,5,4,6,-1,4,5,-1,-1,-1,-1,-1,-1,-1,-1,-1,-1,-1,-1,-1,286,"vision, eyes",Optometry
Science,4,5,6,3,4,4,-1,6,5,-1,-1,-1,-1,-1,-1,-1,-1,-1,-1,-1,-1,-1,294,"health diet, food",Nutrition and Dietetics
Science,4,6,4,5,4,5,-1,4,5,-1,-1,-1,-1,-1,-1,-1,-1,-1,-1,-1,-1,-1,285,"bioengineering, genetics",Biotechnology
Science,5,5,6,6,5,4,-1,6,-1,-1,6,-1,-1,-1,-1,-1,-1,-1,-1,-1,-1,-1,284,"weather, climate",Meteorology
Science,5,4,6,5,6,5,-1,3,-1,4,-1,-1,-1,-1,-1,-1,-1,-1,-1,-1,-1,-1,270,"plants, plant breeding",Crop Science
Art,4,5,6,-1,-1,-1,-1,-1,-1,-1,-1,6,6,6,4,6,-1,6,-1,-1,-1,-1,196,"law enforcement, forensic studies",Criminology
Art,1,5,6,-1,-1,-1,-1,-1,-1,-1,-1,4,6,5,4,4,-1,-1,-1,4,-1,-1,233,"history preservation, heritage",Museum and Heritage Studies
Art,3,6,4,-1,-1,-1,-1,-1,-1,-1,-1,4,6,5,4,5,-1,-1,4,-1,-1,-1,154,"fine arts, painting",Painting and Sculpture
Art,1,4,5,-1,-1,-1,-1,-1,-1,-1,-1,5,5,4,4,6,4,-1,-1,-1,-1,-1,157,"sculpting, crafts",Painting and Sculpture
Commercial,6,4,4,-1,-1,-1,-1,-1,-1,-1,-1,6,6,-1,5,-1,-1,-1,-1,-1,6,4,319,"employee relations, recruitment",Human Resource Management
Science,6,6,6,5,4,3,-1,6,-1,-1,-1,-1,-1,-1,-1,-1,-1,-1,-1,-1,-1,-1,243,"security, network protection",Cyber Security
Science,6,5,5,4,4,1,5,6,-1,-1,-1,-1,-1,-1,-1,-1,-1,-1,-1,-1,-1,-1,239,"chemicals, processes",Chemical Engineering
Science,6,6,5,6,6,3,5,5,-1,-1,-1,-1,-1,-1,-1,-1,-1,-1,-1,-1,-1,-1,256,"facility management, real estate",Estate Management
Science,5,5,5,5,5,4,-1,4,6,-1,-1,-1,-1,-1,-1,-1,-1,-1,-1,-1,-1,-1,308,"cancer, treatment",Oncology
Science,6,4,4,3,6,4,-1,6,4,-1,-1,-1,-1,-1,-1,-1,-1,-1,-1,-1,-1,-1,248,"health diet, food",Nutrition and Dietetics
Science,6,6,6,4,4,5,-1,5,5,-1,-1,-1,-1,-1,-1,-1,-1,-1,-1,-1,-1,-1,230,"technology, research",Applied Physics
Science,6,5,5,5,4,5,-1,4,-1,-1,5,-1,-1,-1,-1,-1,-1,-1,-1,-1,-1,-1,236,"oceans, marine life",Marine Science
Science,5,4,5,5,4,6,-1,1,-1,4,-1,-1,-1,-1,-1,-1,-1,-1,-1,-1,-1,-1,266,"crop cultivation, agricultural technology",Agricultural Science
Art,4,6,5,-1,-1,-1,-1,-1,-1,-1,-1,6,6,6,4,6,-1,4,-1,-1,-1,-1,169,"population studies, statistical analysis",Demography
Art,3,6,5,-1,-1,-1,-1,-1,-1,-1,-1,4,5,6,4,4,-1,-1,-1,5,-1,-1,237,"problem solving, analysis",Research and Policy Analysis
Art,2,5,4,-1,-1,-1,-1,-1,-1,-1,-1,5,6,6,4,4,-1,-1,5,-1,-1,-1,142,"creative visuals, portraits",Photography
Art,3,4,6,-1,-1,-1,-1,-1,-1,-1,-1,6,4,6,4,4,5,-1,-1,-1,-1,-1,196,"editing photos, taking pictures",Photography
Commercial,4,6,6,-1,-1,-1,-1,-1,-1,-1,-1,6,6,-1,4,-1,-1,-1,-1,-1,6,4,259,"auditing, financial records",Accounting
Science,4,6,6,6,6,1,-1,5,-1,-1,-1,-1,-1,-1,-1,-1,-1,-1,-1,-1,-1,-1,257,"coding, programming",Computer Science
Science,5,5,6,4,4,1,6,5,-1,-1,-1,-1,-1,-1,-1,-1,-1,-1,-1,-1,-1,-1,241,"production, optimization",Industrial Engineering
Science,5,4,4,6,5,1,6,5,-1,-1,-1,-1,-1,-1,-1,-1,-1,-1,-1,-1,-1,-1,273,"environmental planning, city development",Urban and Regional Planning
Science,6,6,5,4,6,6,-1,4,6,-1,-1,-1,-1,-1,-1,-1,-1,-1,-1,-1,-1,-1,259,"medical imaging, x_ray",Radiography
Science,6,6,4,3,6,5,-1,5,6,-1,-1,-1,-1,-1,-1,-1,-1,-1,-1,-1,-1,-1,264,"food, health diet",Nutrition and Dietetics
Science,5,6,6,5,4,6,-1,5,4,-1,-1,-1,-1,-1,-1,-1,-1,-1,-1,-1,-1,-1,308,"modeling, computation",Applied Mathematics
Science,6,4,5,6,4,6,-1,6,-1,-1,4,-1,-1,-1,-1,-1,-1,-1,-1,-1,-1,-1,311,"climate, environment",Environmental Science
Science,4,6,5,6,6,4,-1,1,-1,6,-1,-1,-1,-1,-1,-1,-1,-1,-1,-1,-1,-1,286,"crop cultivation, food production",Agricultural Science
Art,5,6,5,-1,-1,-1,-1,-1,-1,-1,-1,5,6,6,4,5,-1,4,-1,-1,-1,-1,212,"community service, social justice",Human Rights and Advocacy
Art,2,4,4,-1,-1,-1,-1,-1,-1,-1,-1,5,4,4,5,4,-1,-1,-1,5,-1,-1,223,"analysis, problem solving",Research and Policy Analysis
Art,1,5,6,-1,-1,-1,-1,-1,-1,-1,-1,5,4,4,4,4,-1,-1,5,-1,-1,-1,177,"motion graphics, storytelling",Animation
Art,2,4,5,-1,-1,-1,-1,-1,-1,-1,-1,5,4,5,4,4,4,-1,-1,-1,-1,-1,171,"motion graphics, storytelling",Animation
Commercial,6,6,4,-1,-1,-1,-1,-1,-1,-1,-1,4,5,-1,4,-1,-1,-1,-1,-1,6,4,230,"government finance, revenue management",Taxation
Science,6,6,5,5,4,2,-1,6,-1,-1,-1,-1,-1,-1,-1,-1,-1,-1,-1,-1,-1,-1,259,"software, programming",Computer Science
Science,4,5,5,5,5,2,6,5,-1,-1,-1,-1,-1,-1,-1,-1,-1,-1,-1,-1,-1,-1,256,"health technology, medical devices",Biomedical Engineering
Science,6,4,6,6,6,1,4,5,-1,-1,-1,-1,-1,-1,-1,-1,-1,-1,-1,-1,-1,-1,230,"real estate, facility management",Estate Management
Science,5,5,6,5,6,4,-1,4,6,-1,-1,-1,-1,-1,-1,-1,-1,-1,-1,-1,-1,-1,301,"therapy, movement",Physiotherapy
Science,5,5,6,1,4,6,-1,6,4,-1,-1,-1,-1,-1,-1,-1,-1,-1,-1,-1,-1,-1,243,"disease prevention, community health",Public Health
Science,6,6,4,5,6,6,-1,5,6,-1,-1,-1,-1,-1,-1,-1,-1,-1,-1,-1,-1,-1,239,"laboratory, reactions",Chemistry
Science,4,4,4,6,5,4,-1,5,-1,-1,4,-1,-1,-1,-1,-1,-1,-1,-1,-1,-1,-1,273,"earth structure, seismology",Geophysics
Science,6,5,5,4,4,5,-1,2,-1,5,-1,-1,-1,-1,-1,-1,-1,-1,-1,-1,-1,-1,235,"agricultural technology, food production",Agricultural Science
Art,4,4,4,-1,-1,-1,-1,-1,-1,-1,-1,5,4,4,4,6,-1,6,-1,-1,-1,-1,192,"politics, global affairs",International Relations
Art,1,6,6,-1,-1,-1,-1,-1,-1,-1,-1,6,5,4,5,6,-1,-1,-1,5,-1,-1,177,"ancient civilization, historical artifacts",Archaeology
Art,1,4,6,-1,-1,-1,-1,-1,-1,-1,-1,5,5,5,4,4,-1,-1,5,-1,-1,-1,153,"creative editing, visual storytelling",Motion Graphics
Art,3,6,4,-1,-1,-1,-1,-1,-1,-1,-1,5,6,4,6,6,4,-1,-1,-1,-1,-1,146,"creative editing, video effects",Motion Graphics
Commercial,5,5,4,-1,-1,-1,-1,-1,-1,-1,-1,4,4,-1,5,-1,-1,-1,-1,-1,6,4,304,"leadership, office administration",Business Administration
Science,5,5,5,6,6,1,-1,4,-1,-1,-1,-1,-1,-1,-1,-1,-1,-1,-1,-1,-1,-1,269,"coding, programming",Computer Science
Science,6,4,4,5,5,2,4,6,-1,-1,-1,-1,-1,-1,-1,-1,-1,-1,-1,-1,-1,-1,261,"systems, robots",Mechatronics Engineering
Science,6,4,6,6,6,1,5,6,-1,-1,-1,-1,-1,-1,-1,-1,-1,-1,-1,-1,-1,-1,232,"project budgeting, building estimation",Quantity Surveying
Science,4,6,5,6,4,6,-1,4,4,-1,-1,-1,-1,-1,-1,-1,-1,-1,-1,-1,-1,-1,295,"testing, laboratory",Medical Laboratory Science
Science,6,4,5,3,6,6,-1,6,5,-1,-1,-1,-1,-1,-1,-1,-1,-1,-1,-1,-1,-1,234,"community health, disease prevention",Public Health
Science,4,6,6,6,6,6,-1,5,5,-1,-1,-1,-1,-1,-1,-1,-1,-1,-1,-1,-1,-1,235,"lab work, biological molecules",Biochemistry
Science,4,5,4,6,4,5,-1,6,-1,-1,4,-1,-1,-1,-1,-1,-1,-1,-1,-1,-1,-1,312,"seismology, earth structure",Geophysics
Science,5,5,6,6,6,6,-1,1,-1,6,-1,-1,-1,-1,-1,-1,-1,-1,-1,-1,-1,-1,296,"pond management, aquatic life",Fisheries and Aquaculture
Art,4,5,5,-1,-1,-1,-1,-1,-1,-1,-1,4,6,4,6,4,-1,4,-1,-1,-1,-1,161,"crime investigation, law enforcement",Criminology
Art,1,5,4,-1,-1,-1,-1,-1,-1,-1,-1,5,6,4,5,5,-1,-1,-1,6,-1,-1,202,"customer service, tour guiding",Tourism and Hospitality
Art,1,4,6,-1,-1,-1,-1,-1,-1,-1,-1,5,4,4,4,5,-1,-1,6,-1,-1,-1,199,"sculpting, painting",Painting and Sculpture
Art,2,4,4,-1,-1,-1,-1,-1,-1,-1,-1,4,4,4,4,5,5,-1,-1,-1,-1,-1,141,"sculpting, crafts",Painting and Sculpture
Commercial,6,5,6,-1,-1,-1,-1,-1,-1,-1,-1,4,4,-1,4,-1,-1,-1,-1,-1,4,5,232,"sales strategies, consumer behavior",Marketing
Science,5,5,5,6,4,3,-1,4,-1,-1,-1,-1,-1,-1,-1,-1,-1,-1,-1,-1,-1,-1,227,"computers, IT systems",Information Technology
Science,5,4,4,4,4,1,4,4,-1,-1,-1,-1,-1,-1,-1,-1,-1,-1,-1,-1,-1,-1,228,"gas, oil",Petroleum Engineering
Science,5,6,5,5,6,1,6,4,-1,-1,-1,-1,-1,-1,-1,-1,-1,-1,-1,-1,-1,-1,285,"land valuation, property management",Estate Management
Science,6,5,6,4,4,5,-1,4,4,-1,-1,-1,-1,-1,-1,-1,-1,-1,-1,-1,-1,-1,252,"treatment, cancer",Oncology
Science,4,4,6,1,5,5,-1,6,4,-1,-1,-1,-1,-1,-1,-1,-1,-1,-1,-1,-1,-1,253,"community health, disease prevention",Public Health
Science,6,4,4,4,4,4,-1,6,4,-1,-1,-1,-1,-1,-1,-1,-1,-1,-1,-1,-1,-1,273,"laboratory, reactions",Chemistry
Science,5,6,4,5,6,4,-1,4,-1,-1,6,-1,-1,-1,-1,-1,-1,-1,-1,-1,-1,-1,314,"marine life, oceans",Marine Science
Science,6,5,6,5,6,6,-1,3,-1,4,-1,-1,-1,-1,-1,-1,-1,-1,-1,-1,-1,-1,286,"environmental conservation, soil testing",Soil Science
Art,4,6,4,-1,-1,-1,-1,-1,-1,-1,-1,5,4,6,4,5,-1,5,-1,-1,-1,-1,185,"administration, policy making",Public Administration
Art,3,6,5,-1,-1,-1,-1,-1,-1,-1,-1,4,5,6,4,4,-1,-1,-1,5,-1,-1,198,"data gathering, problem solving",Research and Policy Analysis
Art,3,5,6,-1,-1,-1,-1,-1,-1,-1,-1,5,4,5,5,4,-1,-1,4,-1,-1,-1,185,"design, creativity",Graphics Design
Art,3,5,4,-1,-1,-1,-1,-1,-1,-1,-1,5,4,6,4,5,6,-1,-1,-1,-1,-1,211,"design, branding",Graphics Design
Commercial,6,5,6,-1,-1,-1,-1,-1,-1,-1,-1,6,4,-1,6,-1,-1,-1,-1,-1,5,6,252,"financial protection, risk management",Insurance
Science,4,5,5,6,4,1,-1,6,-1,-1,-1,-1,-1,-1,-1,-1,-1,-1,-1,-1,-1,-1,247,"AI, machine learning",Artificial Intelligence
Science,6,4,5,4,4,3,6,5,-1,-1,-1,-1,-1,-1,-1,-1,-1,-1,-1,-1,-1,-1,220,"mechanics, engines",Mechanical Engineering
Science,6,4,6,5,4,1,5,6,-1,-1,-1,-1,-1,-1,-1,-1,-1,-1,-1,-1,-1,-1,263,"AutoCad, design",Architecture
Science,6,6,4,4,5,4,-1,5,4,-1,-1,-1,-1,-1,-1,-1,-1,-1,-1,-1,-1,-1,297,"animals, veterinary care",Veterinary Medicine
Science,5,5,6,3,6,4,-1,6,4,-1,-1,-1,-1,-1,-1,-1,-1,-1,-1,-1,-1,-1,280,"disease prevention, community health",Public Health
Science,6,5,6,5,5,5,-1,4,5,-1,-1,-1,-1,-1,-1,-1,-1,-1,-1,-1,-1,-1,276,"theory, logic",Mathematics
Science,4,5,6,4,6,5,-1,6,-1,-1,4,-1,-1,-1,-1,-1,-1,-1,-1,-1,-1,-1,224,"marine life, oceans",Marine Science
Science,5,6,6,5,5,4,-1,3,-1,4,-1,-1,-1,-1,-1,-1,-1,-1,-1,-1,-1,-1,243,"agricultural training, rural advisory services",Agricultural Extension
Art,4,5,4,-1,-1,-1,-1,-1,-1,-1,-1,5,5,6,6,5,-1,6,-1,-1,-1,-1,167,"cultural studies, social behavior",Sociology
Art,3,6,4,-1,-1,-1,-1,-1,-1,-1,-1,4,6,5,4,5,-1,-1,-1,5,-1,-1,205,"tour guiding, culture",Tourism and Hospitality
Art,1,6,4,-1,-1,-1,-1,-1,-1,-1,-1,5,5,5,5,4,-1,-1,4,-1,-1,-1,205,"editing photos, portraits",Photography
Art,3,6,6,-1,-1,-1,-1,-1,-1,-1,-1,6,4,5,6,5,5,-1,-1,-1,-1,-1,215,"portraits, editing photos",Photography
Commercial,6,6,5,-1,-1,-1,-1,-1,-1,-1,-1,5,6,-1,6,-1,-1,-1,-1,-1,6,6,257,"task management, planning",Project Management
Science,5,5,5,6,5,2,-1,6,-1,-1,-1,-1,-1,-1,-1,-1,-1,-1,-1,-1,-1,-1,214,"business IT, systems",Information Systems
Science,4,6,6,4,4,2,4,5,-1,-1,-1,-1,-1,-1,-1,-1,-1,-1,-1,-1,-1,-1,244,"engines, vehicles",Automotive Engineering
Science,4,4,4,5,4,1,4,5,-1,-1,-1,-1,-1,-1,-1,-1,-1,-1,-1,-1,-1,-1,283,"spatial data, geographic information system",Surveying and Geoinformatics
Science,6,6,6,6,4,5,-1,4,5,-1,-1,-1,-1,-1,-1,-1,-1,-1,-1,-1,-1,-1,278,"medication, drugs",Pharmacy
Science,6,6,5,3,5,5,-1,5,5,-1,-1,-1,-1,-1,-1,-1,-1,-1,-1,-1,-1,-1,232,"community health, disease prevention",Public Health
Science,4,4,5,6,4,4,-1,4,5,-1,-1,-1,-1,-1,-1,-1,-1,-1,-1,-1,-1,-1,238,"technology, research",Applied Physics
Science,6,6,4,4,4,6,-1,6,-1,-1,5,-1,-1,-1,-1,-1,-1,-1,-1,-1,-1,-1,283,"rocks, earth science",Geology
Science,4,4,4,4,6,5,-1,2,-1,4,-1,-1,-1,-1,-1,-1,-1,-1,-1,-1,-1,-1,237,"soil, farming",Agronomy
Art,5,5,4,-1,-1,-1,-1,-1,-1,-1,-1,5,4,6,5,5,-1,6,-1,-1,-1,-1,227,"leadership, government",Political Science
Art,2,6,6,-1,-1,-1,-1,-1,-1,-1,-1,5,4,4,5,4,-1,-1,-1,6,-1,-1,230,"data gathering, research",Research and Policy Analysis
Art,2,5,5,-1,-1,-1,-1,-1,-1,-1,-1,6,6,6,5,5,-1,-1,5,-1,-1,-1,212,"branding, creativity",Graphics Design
Art,3,6,5,-1,-1,-1,-1,-1,-1,-1,-1,6,6,5,6,6,5,-1,-1,-1,-1,-1,197,"creativity, branding",Graphics Design
Commercial,6,5,5,-1,-1,-1,-1,-1,-1,-1,-1,6,5,-1,6,-1,-1,-1,-1,-1,4,6,316,"task management, projects",Project Management
Science,6,6,5,4,4,3,-1,4,-1,-1,-1,-1,-1,-1,-1,-1,-1,-1,-1,-1,-1,-1,278,"software integration, hardware",Computer Engineering
Science,6,5,6,4,6,1,4,5,-1,-1,-1,-1,-1,-1,-1,-1,-1,-1,-1,-1,-1,-1,266,"ships, ocean",Marine Engineering
Science,5,4,5,5,5,3,4,6,-1,-1,-1,-1,-1,-1,-1,-1,-1,-1,-1,-1,-1,-1,233,"AutoCad, buildings",Architecture
Science,6,4,6,4,6,5,-1,6,6,-1,-1,-1,-1,-1,-1,-1,-1,-1,-1,-1,-1,-1,250,"body functions, health science",Physiology
Science,5,4,4,1,6,5,-1,5,4,-1,-1,-1,-1,-1,-1,-1,-1,-1,-1,-1,-1,-1,224,"food, health diet",Nutrition and Dietetics
Science,5,4,6,5,6,4,-1,4,4,-1,-1,-1,-1,-1,-1,-1,-1,-1,-1,-1,-1,-1,297,"research, microorganisms",Microbiology
Science,5,6,4,5,4,5,-1,5,-1,-1,6,-1,-1,-1,-1,-1,-1,-1,-1,-1,-1,-1,231,"seismology, earth structure",Geophysics
Science,6,6,5,4,4,5,-1,1,-1,4,-1,-1,-1,-1,-1,-1,-1,-1,-1,-1,-1,-1,277,"plant breeding, crop production",Crop Science
Art,4,4,6,-1,-1,-1,-1,-1,-1,-1,-1,6,5,6,4,4,-1,6,-1,-1,-1,-1,168,"public serving, policy making",Public Administration
Art,3,5,6,-1,-1,-1,-1,-1,-1,-1,-1,6,5,5,6,5,-1,-1,-1,4,-1,-1,205,"research, problem solving",Research and Policy Analysis
Art,1,6,5,-1,-1,-1,-1,-1,-1,-1,-1,6,6,5,5,6,-1,-1,5,-1,-1,-1,146,"design, posters",Graphics Design
Art,1,5,6,-1,-1,-1,-1,-1,-1,-1,-1,6,6,6,5,5,6,-1,-1,-1,-1,-1,147,"branding, design",Graphics Design
Commercial,6,4,6,-1,-1,-1,-1,-1,-1,-1,-1,6,4,-1,6,-1,-1,-1,-1,-1,6,6,321,"financial analysis, auditing",Accounting
Science,4,5,5,4,4,1,-1,4,-1,-1,-1,-1,-1,-1,-1,-1,-1,-1,-1,-1,-1,-1,258,"IT systems, computers",Information Technology
Science,6,4,5,5,4,2,4,5,-1,-1,-1,-1,-1,-1,-1,-1,-1,-1,-1,-1,-1,-1,221,"chemicals, production",Chemical Engineering
Science,5,4,4,6,5,1,5,6,-1,-1,-1,-1,-1,-1,-1,-1,-1,-1,-1,-1,-1,-1,223,"building estimation, project budgeting",Quantity Surveying
Science,6,6,5,6,6,6,-1,6,5,-1,-1,-1,-1,-1,-1,-1,-1,-1,-1,-1,-1,-1,250,"diagnosis, testing",Medical Laboratory Science
Science,5,5,6,3,4,5,-1,6,4,-1,-1,-1,-1,-1,-1,-1,-1,-1,-1,-1,-1,-1,249,"community health, disease prevention",Public Health
Science,5,6,4,4,4,5,-1,4,4,-1,-1,-1,-1,-1,-1,-1,-1,-1,-1,-1,-1,-1,291,"biological molecules, lab work",Biochemistry
Science,4,4,4,4,5,4,-1,5,-1,-1,4,-1,-1,-1,-1,-1,-1,-1,-1,-1,-1,-1,311,"rocks, earth science",Geology
Science,6,5,5,5,5,6,-1,1,-1,6,-1,-1,-1,-1,-1,-1,-1,-1,-1,-1,-1,-1,278,"crop cultivation, agricultural technology",Agricultural Science
Art,4,5,4,-1,-1,-1,-1,-1,-1,-1,-1,6,4,4,6,6,-1,6,-1,-1,-1,-1,225,"human rights, community service",Human Rights and Advocacy
Art,3,4,5,-1,-1,-1,-1,-1,-1,-1,-1,5,6,6,5,4,-1,-1,-1,4,-1,-1,225,"documentation, historical records",Archival Studies
Art,2,4,5,-1,-1,-1,-1,-1,-1,-1,-1,6,5,5,4,6,-1,-1,4,-1,-1,-1,207,"drawing outfits, fashion trends",Fashion Design
Art,3,4,5,-1,-1,-1,-1,-1,-1,-1,-1,6,6,5,4,6,4,-1,-1,-1,-1,-1,189,"clothing, drawing outfits",Fashion Design
Commercial,5,4,4,-1,-1,-1,-1,-1,-1,-1,-1,5,4,-1,6,-1,-1,-1,-1,-1,4,4,332,"recruitment, employee relations",Human Resource Management
Science,4,6,4,5,5,2,-1,4,-1,-1,-1,-1,-1,-1,-1,-1,-1,-1,-1,-1,-1,-1,271,"IT systems, support",Information Technology
Science,4,4,4,5,6,1,6,5,-1,-1,-1,-1,-1,-1,-1,-1,-1,-1,-1,-1,-1,-1,236,"metals, structures",Materials Engineering
Science,4,6,4,4,5,2,4,4,-1,-1,-1,-1,-1,-1,-1,-1,-1,-1,-1,-1,-1,-1,227,"spatial data, land measurement",Surveying and Geoinformatics
Science,6,4,4,4,6,5,-1,4,5,-1,-1,-1,-1,-1,-1,-1,-1,-1,-1,-1,-1,-1,292,"body functions, health science",Physiology
Science,6,4,5,1,6,6,-1,4,6,-1,-1,-1,-1,-1,-1,-1,-1,-1,-1,-1,-1,-1,284,"disease prevention, community health",Public Health
Science,4,5,6,5,6,4,-1,5,6,-1,-1,-1,-1,-1,-1,-1,-1,-1,-1,-1,-1,-1,304,"research, microorganisms",Microbiology
Science,5,5,5,4,5,5,-1,5,-1,-1,4,-1,-1,-1,-1,-1,-1,-1,-1,-1,-1,-1,308,"earth science, rocks",Geology
Science,5,4,6,6,4,5,-1,3,-1,6,-1,-1,-1,-1,-1,-1,-1,-1,-1,-1,-1,-1,248,"aquatic life, pond management",Fisheries and Aquaculture
Art,5,4,6,-1,-1,-1,-1,-1,-1,-1,-1,5,4,5,4,5,-1,4,-1,-1,-1,-1,164,"politics, leadership",Political Science
Art,3,4,4,-1,-1,-1,-1,-1,-1,-1,-1,6,5,6,5,5,-1,-1,-1,5,-1,-1,173,"tourism, culture",Museum and Heritage Studies
Art,2,4,4,-1,-1,-1,-1,-1,-1,-1,-1,6,6,4,5,4,-1,-1,4,-1,-1,-1,142,"space planning, furniture",Interior Design
Art,3,6,4,-1,-1,-1,-1,-1,-1,-1,-1,6,4,6,5,5,4,-1,-1,-1,-1,-1,190,"room decoration, home aesthetics",Interior Design
Commercial,5,5,5,-1,-1,-1,-1,-1,-1,-1,-1,4,6,-1,4,-1,-1,-1,-1,-1,5,5,252,"government finance, tax laws",Taxation
Science,6,6,5,4,5,2,-1,4,-1,-1,-1,-1,-1,-1,-1,-1,-1,-1,-1,-1,-1,-1,250,"data, analysis",Data Science
Science,6,4,5,6,5,3,6,5,-1,-1,-1,-1,-1,-1,-1,-1,-1,-1,-1,-1,-1,-1,220,"medical devices, health technology",Biomedical Engineering
Science,4,6,4,5,4,3,4,4,-1,-1,-1,-1,-1,-1,-1,-1,-1,-1,-1,-1,-1,-1,222,"building estimation, project budgeting",Quantity Surveying
Science,6,6,6,5,4,6,-1,4,4,-1,-1,-1,-1,-1,-1,-1,-1,-1,-1,-1,-1,-1,308,"imaging, diagnosis",Radiology
Science,5,5,5,2,6,4,-1,4,6,-1,-1,-1,-1,-1,-1,-1,-1,-1,-1,-1,-1,-1,248,"community health, disease prevention",Public Health
Science,5,6,5,5,4,4,-1,6,6,-1,-1,-1,-1,-1,-1,-1,-1,-1,-1,-1,-1,-1,223,"bioengineering, genetics",Biotechnology
Science,6,6,6,4,4,5,-1,5,-1,-1,6,-1,-1,-1,-1,-1,-1,-1,-1,-1,-1,-1,247,"weather, climate",Meteorology
Science,4,5,6,5,4,5,-1,3,-1,4,-1,-1,-1,-1,-1,-1,-1,-1,-1,-1,-1,-1,262,"rural advisory services, farmer education",Agricultural Extension
Art,6,5,4,-1,-1,-1,-1,-1,-1,-1,-1,4,4,5,5,5,-1,4,-1,-1,-1,-1,218,"diplomacy, global affairs",International Relations
Art,3,4,5,-1,-1,-1,-1,-1,-1,-1,-1,5,5,4,5,6,-1,-1,-1,6,-1,-1,192,"documentation, historical records",Archival Studies
Art,1,6,4,-1,-1,-1,-1,-1,-1,-1,-1,5,5,5,4,6,-1,-1,6,-1,-1,-1,208,"posters, branding",Graphics Design
Art,3,5,4,-1,-1,-1,-1,-1,-1,-1,-1,6,6,6,4,4,6,-1,-1,-1,-1,-1,162,"branding, posters",Graphics Design
Commercial,5,4,6,-1,-1,-1,-1,-1,-1,-1,-1,5,5,-1,5,-1,-1,-1,-1,-1,5,4,247,"advertising, sales strategies",Marketing
Science,4,4,5,4,6,2,-1,6,-1,-1,-1,-1,-1,-1,-1,-1,-1,-1,-1,-1,-1,-1,277,"support, IT systems",Information Technology
Science,4,6,4,5,5,1,4,6,-1,-1,-1,-1,-1,-1,-1,-1,-1,-1,-1,-1,-1,-1,277,"processes, production",Chemical Engineering
Science,4,6,5,4,5,1,4,5,-1,-1,-1,-1,-1,-1,-1,-1,-1,-1,-1,-1,-1,-1,263,"spatial data, land measurement",Surveying and Geoinformatics
Science,4,5,5,5,4,6,-1,6,6,-1,-1,-1,-1,-1,-1,-1,-1,-1,-1,-1,-1,-1,277,"rehabilitation, movement",Physiotherapy
Science,6,5,6,3,4,5,-1,6,5,-1,-1,-1,-1,-1,-1,-1,-1,-1,-1,-1,-1,-1,223,"health diet, food",Nutrition and Dietetics
Science,6,4,4,5,4,4,-1,5,6,-1,-1,-1,-1,-1,-1,-1,-1,-1,-1,-1,-1,-1,241,"technology, research",Applied Physics
Science,6,6,6,5,6,5,-1,5,-1,-1,5,-1,-1,-1,-1,-1,-1,-1,-1,-1,-1,-1,232,"weather, climate",Meteorology
Science,6,5,5,5,4,5,-1,1,-1,4,-1,-1,-1,-1,-1,-1,-1,-1,-1,-1,-1,-1,293,"farming, food production",Agricultural Science
Art,4,6,5,-1,-1,-1,-1,-1,-1,-1,-1,6,6,4,5,4,-1,4,-1,-1,-1,-1,183,"human behaviour, counselling",Psychology
Art,1,5,5,-1,-1,-1,-1,-1,-1,-1,-1,6,4,5,4,4,-1,-1,-1,4,-1,-1,170,"culture, customer service",Tourism and Hospitality
Art,1,4,5,-1,-1,-1,-1,-1,-1,-1,-1,4,4,4,5,4,-1,-1,4,-1,-1,-1,161,"digital painting, Creative software",Digital Art
Art,1,5,5,-1,-1,-1,-1,-1,-1,-1,-1,4,6,5,5,5,4,-1,-1,-1,-1,-1,152,"art technology, Creative software",Digital Art
Commercial,6,5,5,-1,-1,-1,-1,-1,-1,-1,-1,5,5,-1,6,-1,-1,-1,-1,-1,6,6,268,"problem solving, innovation",Entrepreneurship
Science,4,4,5,4,5,3,-1,6,-1,-1,-1,-1,-1,-1,-1,-1,-1,-1,-1,-1,-1,-1,261,"communication systems, networks",Network Engineering
Science,5,4,6,5,6,2,5,5,-1,-1,-1,-1,-1,-1,-1,-1,-1,-1,-1,-1,-1,-1,269,"production, optimization",Industrial Engineering
Science,6,6,6,6,5,1,4,5,-1,-1,-1,-1,-1,-1,-1,-1,-1,-1,-1,-1,-1,-1,223,"transport systems, environmental planning",Urban and Regional Planning
Science,5,5,6,6,5,5,-1,6,4,-1,-1,-1,-1,-1,-1,-1,-1,-1,-1,-1,-1,-1,299,"medical imaging, x_ray",Radiography
Science,5,4,6,1,4,6,-1,4,4,-1,-1,-1,-1,-1,-1,-1,-1,-1,-1,-1,-1,-1,291,"health diet, food",Nutrition and Dietetics
Science,6,6,6,4,6,4,-1,6,4,-1,-1,-1,-1,-1,-1,-1,-1,-1,-1,-1,-1,-1,303,"research, technology",Applied Physics
Science,5,4,5,4,4,6,-1,6,-1,-1,6,-1,-1,-1,-1,-1,-1,-1,-1,-1,-1,-1,244,"rocks, earth science",Geology
Science,6,5,6,5,5,4,-1,3,-1,5,-1,-1,-1,-1,-1,-1,-1,-1,-1,-1,-1,-1,238,"farm management, rural development",Agricultural Economics
Art,6,4,5,-1,-1,-1,-1,-1,-1,-1,-1,4,4,5,5,5,-1,6,-1,-1,-1,-1,220,"birth rates, statistical analysis",Demography
Art,2,4,6,-1,-1,-1,-1,-1,-1,-1,-1,4,5,6,5,5,-1,-1,-1,6,-1,-1,239,"tour guiding, customer service",Tourism and Hospitality
Art,3,6,4,-1,-1,-1,-1,-1,-1,-1,-1,5,5,6,6,4,-1,-1,6,-1,-1,-1,145,"design, creativity",Graphics Design
Art,2,5,5,-1,-1,-1,-1,-1,-1,-1,-1,5,4,6,4,5,4,-1,-1,-1,-1,-1,217,"creativity, posters",Graphics Design
Commercial,4,6,6,-1,-1,-1,-1,-1,-1,-1,-1,5,5,-1,6,-1,-1,-1,-1,-1,4,5,259,"projects, planning",Project Management
Science,4,6,4,6,4,1,-1,4,-1,-1,-1,-1,-1,-1,-1,-1,-1,-1,-1,-1,-1,-1,259,"software integration, hardware",Computer Engineering
Science,5,4,6,6,4,1,6,5,-1,-1,-1,-1,-1,-1,-1,-1,-1,-1,-1,-1,-1,-1,278,"buildings, construction",Civil Engineering
Science,4,4,6,4,4,1,6,5,-1,-1,-1,-1,-1,-1,-1,-1,-1,-1,-1,-1,-1,-1,288,"project budgeting, construction costs",Quantity Surveying
Science,4,5,6,6,4,5,-1,6,6,-1,-1,-1,-1,-1,-1,-1,-1,-1,-1,-1,-1,-1,307,"diagnosis, imaging",Radiology
Science,4,5,5,1,4,5,-1,4,5,-1,-1,-1,-1,-1,-1,-1,-1,-1,-1,-1,-1,-1,221,"disease prevention, community health",Public Health
Science,4,5,6,4,6,4,-1,6,6,-1,-1,-1,-1,-1,-1,-1,-1,-1,-1,-1,-1,-1,301,"theory, problem solving",Mathematics
Science,6,6,4,4,6,6,-1,5,-1,-1,5,-1,-1,-1,-1,-1,-1,-1,-1,-1,-1,-1,255,"earth structure, seismology",Geophysics
Science,6,6,5,5,5,6,-1,1,-1,6,-1,-1,-1,-1,-1,-1,-1,-1,-1,-1,-1,-1,226,"crop production, plant breeding",Crop Science
Art,6,6,5,-1,-1,-1,-1,-1,-1,-1,-1,5,5,5,4,4,-1,6,-1,-1,-1,-1,208,"government, public policy",Political Science
Art,1,5,6,-1,-1,-1,-1,-1,-1,-1,-1,4,5,5,6,5,-1,-1,-1,5,-1,-1,175,"libraries, documentation",Archival Studies
Art,2,4,4,-1,-1,-1,-1,-1,-1,-1,-1,6,5,4,6,6,-1,-1,6,-1,-1,-1,180,"editing photos, taking pictures",Photography
Art,2,6,6,-1,-1,-1,-1,-1,-1,-1,-1,5,6,6,5,4,4,-1,-1,-1,-1,-1,170,"creative visuals, editing photos",Photography
Commercial,5,4,4,-1,-1,-1,-1,-1,-1,-1,-1,4,6,-1,6,-1,-1,-1,-1,-1,5,6,264,"revenue management, government finance",Taxation
Science,6,6,4,6,6,2,-1,4,-1,-1,-1,-1,-1,-1,-1,-1,-1,-1,-1,-1,-1,-1,270,"software, programming",Computer Science
Science,5,5,6,6,6,2,4,6,-1,-1,-1,-1,-1,-1,-1,-1,-1,-1,-1,-1,-1,-1,248,"optimization, systems",Industrial Engineering
Science,4,5,5,4,6,2,5,4,-1,-1,-1,-1,-1,-1,-1,-1,-1,-1,-1,-1,-1,-1,255,"facility management, real estate",Estate Management
Science,5,5,4,6,6,4,-1,6,4,-1,-1,-1,-1,-1,-1,-1,-1,-1,-1,-1,-1,-1,274,"diagnosis, imaging",Radiology
Science,6,6,5,1,6,5,-1,5,4,-1,-1,-1,-1,-1,-1,-1,-1,-1,-1,-1,-1,-1,268,"food, health diet",Nutrition and Dietetics
Science,5,4,5,5,6,6,-1,4,4,-1,-1,-1,-1,-1,-1,-1,-1,-1,-1,-1,-1,-1,317,"chemical production, industry",Industrial Chemistry
Science,6,6,6,6,4,4,-1,6,-1,-1,6,-1,-1,-1,-1,-1,-1,-1,-1,-1,-1,-1,315,"climate, weather",Meteorology
Science,6,6,4,6,4,5,-1,2,-1,6,-1,-1,-1,-1,-1,-1,-1,-1,-1,-1,-1,-1,283,"landscaping, gardening",Horticulture
Art,6,4,4,-1,-1,-1,-1,-1,-1,-1,-1,5,4,5,5,6,-1,4,-1,-1,-1,-1,200,"media, communication",Journalism and Media Studies
Art,3,5,6,-1,-1,-1,-1,-1,-1,-1,-1,4,4,6,6,6,-1,-1,-1,6,-1,-1,230,"libraries, documentation",Archival Studies
Art,1,6,6,-1,-1,-1,-1,-1,-1,-1,-1,4,5,6,6,6,-1,-1,5,-1,-1,-1,205,"website layouts, user experience",Web Design
Art,2,5,5,-1,-1,-1,-1,-1,-1,-1,-1,5,6,4,6,4,4,-1,-1,-1,-1,-1,177,"user experience, creative coding",Web Design
Commercial,4,4,6,-1,-1,-1,-1,-1,-1,-1,-1,6,4,-1,4,-1,-1,-1,-1,-1,6,5,233,"workplace development, staff management",Human Resource Management
Science,5,5,4,6,5,2,-1,4,-1,-1,-1,-1,-1,-1,-1,-1,-1,-1,-1,-1,-1,-1,279,"software integration, hardware",Computer Engineering
Science,6,4,6,5,6,3,4,5,-1,-1,-1,-1,-1,-1,-1,-1,-1,-1,-1,-1,-1,-1,237,"drilling, oil",Petroleum Engineering
Science,5,4,6,5,6,1,4,6,-1,-1,-1,-1,-1,-1,-1,-1,-1,-1,-1,-1,-1,-1,245,"buildings, drawing",Architecture
Science,5,6,6,4,6,4,-1,6,5,-1,-1,-1,-1,-1,-1,-1,-1,-1,-1,-1,-1,-1,259,"eyes, vision",Optometry
Science,4,6,4,3,4,5,-1,6,4,-1,-1,-1,-1,-1,-1,-1,-1,-1,-1,-1,-1,-1,291,"food, health diet",Nutrition and Dietetics
Science,5,4,6,4,4,5,-1,4,6,-1,-1,-1,-1,-1,-1,-1,-1,-1,-1,-1,-1,-1,264,"energy, motion",Physics
Science,6,5,5,6,4,5,-1,6,-1,-1,5,-1,-1,-1,-1,-1,-1,-1,-1,-1,-1,-1,295,"environment, climate",Environmental Science
Science,6,6,5,4,6,4,-1,1,-1,6,-1,-1,-1,-1,-1,-1,-1,-1,-1,-1,-1,-1,304,"tree planting, forest conservation",Forestry
Art,6,4,4,-1,-1,-1,-1,-1,-1,-1,-1,4,5,4,5,5,-1,4,-1,-1,-1,-1,196,"human rights, debate",Law
Art,3,4,4,-1,-1,-1,-1,-1,-1,-1,-1,4,5,4,6,6,-1,-1,-1,6,-1,-1,200,"historical artifacts, research",Archaeology
Art,1,6,4,-1,-1,-1,-1,-1,-1,-1,-1,6,4,6,4,6,-1,-1,6,-1,-1,-1,169,"creative editing, video effects",Motion Graphics
Art,1,4,6,-1,-1,-1,-1,-1,-1,-1,-1,4,5,5,5,5,6,-1,-1,-1,-1,-1,158,"video effects, creative editing",Motion Graphics
Commercial,4,5,4,-1,-1,-1,-1,-1,-1,-1,-1,6,5,-1,6,-1,-1,-1,-1,-1,6,5,311,"workplace development, recruitment",Human Resource Management
Science,4,6,4,4,4,2,-1,6,-1,-1,-1,-1,-1,-1,-1,-1,-1,-1,-1,-1,-1,-1,249,"AI, automation",Artificial Intelligence
Science,5,5,5,4,5,2,4,5,-1,-1,-1,-1,-1,-1,-1,-1,-1,-1,-1,-1,-1,-1,252,"hardware, devices",Electronic Engineering
Science,5,5,5,5,6,1,6,5,-1,-1,-1,-1,-1,-1,-1,-1,-1,-1,-1,-1,-1,-1,221,"transport systems, environmental planning",Urban and Regional Planning
Science,5,6,6,6,4,6,-1,6,6,-1,-1,-1,-1,-1,-1,-1,-1,-1,-1,-1,-1,-1,315,"human body, medical science",Anatomy
Science,6,6,5,2,4,4,-1,4,5,-1,-1,-1,-1,-1,-1,-1,-1,-1,-1,-1,-1,-1,229,"disease prevention, community health",Public Health
Science,4,6,6,4,5,4,-1,6,5,-1,-1,-1,-1,-1,-1,-1,-1,-1,-1,-1,-1,-1,245,"technology, research",Applied Physics
Science,4,4,5,6,6,5,-1,5,-1,-1,6,-1,-1,-1,-1,-1,-1,-1,-1,-1,-1,-1,292,"earth structure, seismology",Geophysics
Science,5,4,6,6,4,5,-1,3,-1,5,-1,-1,-1,-1,-1,-1,-1,-1,-1,-1,-1,-1,223,"environmental conservation, soil testing",Soil Science
Art,5,6,6,-1,-1,-1,-1,-1,-1,-1,-1,5,5,6,5,4,-1,5,-1,-1,-1,-1,210,"policy making, administration",Public Administration
Art,3,6,6,-1,-1,-1,-1,-1,-1,-1,-1,4,6,5,4,6,-1,-1,-1,4,-1,-1,193,"problem solving, research",Research and Policy Analysis
Art,3,4,5,-1,-1,-1,-1,-1,-1,-1,-1,4,5,4,6,5,-1,-1,5,-1,-1,-1,157,"video effects, creative editing",Motion Graphics
Art,3,4,4,-1,-1,-1,-1,-1,-1,-1,-1,6,5,5,6,4,4,-1,-1,-1,-1,-1,193,"visual storytelling, creative editing",Motion Graphics
Commercial,4,6,4,-1,-1,-1,-1,-1,-1,-1,-1,5,6,-1,6,-1,-1,-1,-1,-1,4,5,269,"inventory management, logistics",Supply Chain Management
Science,4,5,5,5,5,3,-1,6,-1,-1,-1,-1,-1,-1,-1,-1,-1,-1,-1,-1,-1,-1,259,"software, coding",Computer Science
Science,5,6,4,5,4,2,5,6,-1,-1,-1,-1,-1,-1,-1,-1,-1,-1,-1,-1,-1,-1,268,"mechanics, robotics",Mechanical Engineering
Science,4,4,4,6,5,2,6,6,-1,-1,-1,-1,-1,-1,-1,-1,-1,-1,-1,-1,-1,-1,227,"building estimation, project budgeting",Quantity Surveying
Science,4,5,5,5,6,5,-1,6,5,-1,-1,-1,-1,-1,-1,-1,-1,-1,-1,-1,-1,-1,303,"healthcare, treatment",Medicine and Surgery
Science,5,6,4,1,4,5,-1,4,6,-1,-1,-1,-1,-1,-1,-1,-1,-1,-1,-1,-1,-1,299,"disease prevention, community health",Public Health
Science,5,4,6,6,6,5,-1,5,5,-1,-1,-1,-1,-1,-1,-1,-1,-1,-1,-1,-1,-1,274,"technology, research",Applied Physics
Science,4,6,4,6,4,4,-1,4,-1,-1,5,-1,-1,-1,-1,-1,-1,-1,-1,-1,-1,-1,240,"seismology, earth structure",Geophysics
Science,4,5,5,5,4,6,-1,3,-1,5,-1,-1,-1,-1,-1,-1,-1,-1,-1,-1,-1,-1,307,"agricultural training, community outreach",Agricultural Extension
Art,4,5,4,-1,-1,-1,-1,-1,-1,-1,-1,5,5,4,4,4,-1,6,-1,-1,-1,-1,216,"public policy, government",Political Science
Art,3,5,4,-1,-1,-1,-1,-1,-1,-1,-1,5,4,5,6,6,-1,-1,-1,5,-1,-1,237,"tourism, heritage",Museum and Heritage Studies
Art,2,4,5,-1,-1,-1,-1,-1,-1,-1,-1,4,6,4,4,6,-1,-1,4,-1,-1,-1,171,"storytelling, 3d animation",Animation
Art,2,6,4,-1,-1,-1,-1,-1,-1,-1,-1,5,4,4,4,6,6,-1,-1,-1,-1,-1,154,"3d animation, storytelling",Animation
Commercial,4,6,5,-1,-1,-1,-1,-1,-1,-1,-1,6,6,-1,5,-1,-1,-1,-1,-1,4,5,289,"financial records, bookkeeping",Accounting
Science,5,4,6,5,6,3,-1,4,-1,-1,-1,-1,-1,-1,-1,-1,-1,-1,-1,-1,-1,-1,221,"security, network protection",Cyber Security
Science,4,5,6,4,5,3,6,5,-1,-1,-1,-1,-1,-1,-1,-1,-1,-1,-1,-1,-1,-1,251,"electronics, circuits",Electronic Engineering
Science,4,4,5,6,6,1,5,4,-1,-1,-1,-1,-1,-1,-1,-1,-1,-1,-1,-1,-1,-1,253,"land valuation, property management",Estate Management
Science,6,6,5,4,6,4,-1,5,5,-1,-1,-1,-1,-1,-1,-1,-1,-1,-1,-1,-1,-1,300,"movement, rehabilitation",Physiotherapy
Science,4,6,6,1,6,5,-1,5,4,-1,-1,-1,-1,-1,-1,-1,-1,-1,-1,-1,-1,-1,279,"disease prevention, community health",Public Health
Science,5,5,5,5,4,5,-1,4,6,-1,-1,-1,-1,-1,-1,-1,-1,-1,-1,-1,-1,-1,233,"chemical production, industry",Industrial Chemistry
Science,4,4,5,6,4,5,-1,5,-1,-1,5,-1,-1,-1,-1,-1,-1,-1,-1,-1,-1,-1,227,"rocks, earth science",Geology
Science,5,6,5,4,5,4,-1,3,-1,4,-1,-1,-1,-1,-1,-1,-1,-1,-1,-1,-1,-1,224,"crop management, soil",Agronomy
Art,5,6,4,-1,-1,-1,-1,-1,-1,-1,-1,5,5,6,6,4,-1,6,-1,-1,-1,-1,217,"social behavior, cultural studies",Sociology
Art,1,5,5,-1,-1,-1,-1,-1,-1,-1,-1,5,5,5,4,5,-1,-1,-1,5,-1,-1,205,"tour guiding, travel",Tourism and Hospitality
Art,3,5,5,-1,-1,-1,-1,-1,-1,-1,-1,6,6,4,6,6,-1,-1,5,-1,-1,-1,149,"digital painting, Creative software",Digital Art
Art,2,6,4,-1,-1,-1,-1,-1,-1,-1,-1,5,4,4,4,6,5,-1,-1,-1,-1,-1,155,"digital painting, art technology",Digital Art
Commercial,4,5,4,-1,-1,-1,-1,-1,-1,-1,-1,4,6,-1,5,-1,-1,-1,-1,-1,5,5,256,"business startup, business oppurtunities",Entrepreneurship
Science,4,6,5,6,6,1,-1,5,-1,-1,-1,-1,-1,-1,-1,-1,-1,-1,-1,-1,-1,-1,271,"communication systems, networks",Network Engineering
Science,4,5,5,4,5,1,4,6,-1,-1,-1,-1,-1,-1,-1,-1,-1,-1,-1,-1,-1,-1,283,"metals, materials",Materials Engineering
Science,4,6,5,6,4,1,4,5,-1,-1,-1,-1,-1,-1,-1,-1,-1,-1,-1,-1,-1,-1,259,"buildings, AutoCad",Architecture
Science,6,5,5,6,6,6,-1,4,5,-1,-1,-1,-1,-1,-1,-1,-1,-1,-1,-1,-1,-1,282,"dental care, teeth",Dentistry
Science,5,5,4,2,4,6,-1,6,5,-1,-1,-1,-1,-1,-1,-1,-1,-1,-1,-1,-1,-1,287,"food, health diet",Nutrition and Dietetics
Science,5,6,5,6,5,4,-1,4,4,-1,-1,-1,-1,-1,-1,-1,-1,-1,-1,-1,-1,-1,230,"lab work, biological molecules",Biochemistry
Science,5,6,6,4,6,6,-1,6,-1,-1,5,-1,-1,-1,-1,-1,-1,-1,-1,-1,-1,-1,253,"rocks, earth science",Geology
Science,6,6,4,6,4,4,-1,1,-1,6,-1,-1,-1,-1,-1,-1,-1,-1,-1,-1,-1,-1,237,"crop production, plants",Crop Science
Art,5,4,4,-1,-1,-1,-1,-1,-1,-1,-1,4,4,6,5,4,-1,5,-1,-1,-1,-1,215,"advocacy, debate",Law
Art,1,4,6,-1,-1,-1,-1,-1,-1,-1,-1,5,6,5,4,4,-1,-1,-1,4,-1,-1,227,"documentation, record keeping",Archival Studies
Art,2,6,6,-1,-1,-1,-1,-1,-1,-1,-1,6,5,6,5,5,-1,-1,4,-1,-1,-1,141,"user interface, mobile apps",UI/UX Design
Art,3,6,6,-1,-1,-1,-1,-1,-1,-1,-1,5,6,4,4,5,5,-1,-1,-1,-1,-1,159,"user experience, mobile apps",UI/UX Design
Commercial,5,4,4,-1,-1,-1,-1,-1,-1,-1,-1,5,6,-1,5,-1,-1,-1,-1,-1,4,4,315,"task management, planning",Project Management
Science,5,4,6,4,5,2,-1,5,-1,-1,-1,-1,-1,-1,-1,-1,-1,-1,-1,-1,-1,-1,263,"systems, business IT",Information Systems
Science,6,4,5,6,5,2,6,5,-1,-1,-1,-1,-1,-1,-1,-1,-1,-1,-1,-1,-1,-1,221,"cars, engines",Automotive Engineering
Science,4,6,4,5,5,3,5,5,-1,-1,-1,-1,-1,-1,-1,-1,-1,-1,-1,-1,-1,-1,247,"mapping, geographic information system",Surveying and Geoinformatics
Science,5,4,5,6,4,5,-1,5,4,-1,-1,-1,-1,-1,-1,-1,-1,-1,-1,-1,-1,-1,303,"medicine, treatment",Medicine and Surgery
Science,6,5,6,3,5,6,-1,5,5,-1,-1,-1,-1,-1,-1,-1,-1,-1,-1,-1,-1,-1,237,"food, health diet",Nutrition and Dietetics
Science,6,4,4,5,4,6,-1,4,5,-1,-1,-1,-1,-1,-1,-1,-1,-1,-1,-1,-1,-1,228,"theory, logic",Mathematics
Science,5,6,5,4,5,6,-1,4,-1,-1,5,-1,-1,-1,-1,-1,-1,-1,-1,-1,-1,-1,220,"environment, climate",Environmental Science
Science,4,6,4,6,5,6,-1,1,-1,5,-1,-1,-1,-1,-1,-1,-1,-1,-1,-1,-1,-1,276,"plant breeding, crop production",Crop Science
Art,5,4,5,-1,-1,-1,-1,-1,-1,-1,-1,4,6,6,4,5,-1,4,-1,-1,-1,-1,188,"society, community development",Sociology
Art,1,5,5,-1,-1,-1,-1,-1,-1,-1,-1,5,6,6,6,6,-1,-1,-1,5,-1,-1,236,"excavation, ancient civilization",Archaeology
Art,2,4,5,-1,-1,-1,-1,-1,-1,-1,-1,5,6,4,5,5,-1,-1,5,-1,-1,-1,150,"painting, crafts",Painting and Sculpture
Art,1,5,4,-1,-1,-1,-1,-1,-1,-1,-1,5,6,5,4,5,6,-1,-1,-1,-1,-1,213,"sculpting, crafts",Painting and Sculpture
Commercial,4,4,4,-1,-1,-1,-1,-1,-1,-1,-1,5,4,-1,6,-1,-1,-1,-1,-1,6,4,274,"banking, financial markets",Banking and Finance
Science,4,5,5,5,4,2,-1,4,-1,-1,-1,-1,-1,-1,-1,-1,-1,-1,-1,-1,-1,-1,246,"AI, automation",Artificial Intelligence
Science,5,4,4,6,6,3,5,6,-1,-1,-1,-1,-1,-1,-1,-1,-1,-1,-1,-1,-1,-1,243,"medical devices, health technology",Biomedical Engineering
Science,6,5,6,5,6,2,6,5,-1,-1,-1,-1,-1,-1,-1,-1,-1,-1,-1,-1,-1,-1,230,"land valuation, real estate",Estate Management
Science,6,5,5,4,6,5,-1,5,4,-1,-1,-1,-1,-1,-1,-1,-1,-1,-1,-1,-1,-1,259,"medication, laboratory",Pharmacy
Science,5,6,6,2,5,5,-1,5,5,-1,-1,-1,-1,-1,-1,-1,-1,-1,-1,-1,-1,-1,256,"community health, disease prevention",Public Health
Science,6,6,5,5,5,6,-1,4,6,-1,-1,-1,-1,-1,-1,-1,-1,-1,-1,-1,-1,-1,267,"problem solving, logic",Mathematics
Science,6,5,6,4,5,4,-1,5,-1,-1,6,-1,-1,-1,-1,-1,-1,-1,-1,-1,-1,-1,311,"rocks, earth science",Geology
Science,5,4,5,4,4,6,-1,2,-1,6,-1,-1,-1,-1,-1,-1,-1,-1,-1,-1,-1,-1,237,"soil testing, environmental conservation",Soil Science
Art,5,5,5,-1,-1,-1,-1,-1,-1,-1,-1,5,4,6,4,5,-1,6,-1,-1,-1,-1,226,"human behaviour, counselling",Psychology
Art,2,6,5,-1,-1,-1,-1,-1,-1,-1,-1,5,4,6,4,5,-1,-1,-1,5,-1,-1,197,"libraries, historical records",Archival Studies
Art,3,6,5,-1,-1,-1,-1,-1,-1,-1,-1,4,4,5,4,6,-1,-1,6,-1,-1,-1,210,"fashion trends, clothing",Fashion Design
Art,2,4,6,-1,-1,-1,-1,-1,-1,-1,-1,4,6,6,6,4,6,-1,-1,-1,-1,-1,217,"clothing, drawing outfits",Fashion Design
Commercial,5,4,5,-1,-1,-1,-1,-1,-1,-1,-1,4,6,-1,5,-1,-1,-1,-1,-1,6,4,283,"auditing, bookkeeping",Accounting
Science,6,6,4,4,4,1,-1,4,-1,-1,-1,-1,-1,-1,-1,-1,-1,-1,-1,-1,-1,-1,276,"statistics, analysis",Data Science
Science,4,5,4,4,4,2,4,4,-1,-1,-1,-1,-1,-1,-1,-1,-1,-1,-1,-1,-1,-1,253,"flight, space",Aerospace Engineering
Science,5,4,6,5,6,3,6,4,-1,-1,-1,-1,-1,-1,-1,-1,-1,-1,-1,-1,-1,-1,265,"mapping, land measurement",Surveying and Geoinformatics
Science,4,4,5,5,5,5,-1,5,4,-1,-1,-1,-1,-1,-1,-1,-1,-1,-1,-1,-1,-1,299,"vision, eyes",Optometry
Science,5,4,4,2,6,4,-1,5,5,-1,-1,-1,-1,-1,-1,-1,-1,-1,-1,-1,-1,-1,248,"community health, disease prevention",Public Health
Science,6,4,5,4,5,4,-1,4,4,-1,-1,-1,-1,-1,-1,-1,-1,-1,-1,-1,-1,-1,245,"motion, energy",Physics
Science,6,4,5,4,4,6,-1,6,-1,-1,6,-1,-1,-1,-1,-1,-1,-1,-1,-1,-1,-1,293,"seismology, earth structure",Geophysics
Science,6,5,4,5,4,4,-1,2,-1,5,-1,-1,-1,-1,-1,-1,-1,-1,-1,-1,-1,-1,235,"seafood production, fish farming",Fisheries and Aquaculture
Art,5,4,6,-1,-1,-1,-1,-1,-1,-1,-1,5,5,4,4,6,-1,6,-1,-1,-1,-1,205,"community service, advocacy",Human Rights and Advocacy
Art,1,6,4,-1,-1,-1,-1,-1,-1,-1,-1,6,5,5,6,6,-1,-1,-1,4,-1,-1,196,"tourism, culture",Museum and Heritage Studies
Art,1,4,4,-1,-1,-1,-1,-1,-1,-1,-1,6,4,5,5,5,-1,-1,4,-1,-1,-1,198,"textiles, clothing",Fashion Design
Art,2,5,5,-1,-1,-1,-1,-1,-1,-1,-1,5,6,4,4,6,4,-1,-1,-1,-1,-1,180,"textiles, clothing",Fashion Design
Commercial,5,6,4,-1,-1,-1,-1,-1,-1,-1,-1,6,4,-1,6,-1,-1,-1,-1,-1,4,6,244,"insurance mathematics, risk analysis",Actuarial Science
Science,5,5,5,5,5,1,-1,5,-1,-1,-1,-1,-1,-1,-1,-1,-1,-1,-1,-1,-1,-1,246,"security, network protection",Cyber Security
Science,6,4,6,4,6,3,5,5,-1,-1,-1,-1,-1,-1,-1,-1,-1,-1,-1,-1,-1,-1,226,"systems, automation",Mechatronics Engineering
Science,5,4,6,4,6,3,4,5,-1,-1,-1,-1,-1,-1,-1,-1,-1,-1,-1,-1,-1,-1,229,"environmental planning, city development",Urban and Regional Planning
Science,5,5,4,5,4,5,-1,4,6,-1,-1,-1,-1,-1,-1,-1,-1,-1,-1,-1,-1,-1,314,"cancer, treatment",Oncology
Science,5,4,5,2,6,5,-1,5,4,-1,-1,-1,-1,-1,-1,-1,-1,-1,-1,-1,-1,-1,241,"disease prevention, community health",Public Health
Science,4,4,6,5,6,4,-1,6,4,-1,-1,-1,-1,-1,-1,-1,-1,-1,-1,-1,-1,-1,281,"motion, energy",Physics
Science,4,4,6,5,4,5,-1,4,-1,-1,4,-1,-1,-1,-1,-1,-1,-1,-1,-1,-1,-1,292,"oceans, marine life",Marine Science
Science,5,5,4,4,5,5,-1,3,-1,6,-1,-1,-1,-1,-1,-1,-1,-1,-1,-1,-1,-1,287,"agricultural training, rural advisory services",Agricultural Extension
Art,4,4,4,-1,-1,-1,-1,-1,-1,-1,-1,6,6,5,6,4,-1,5,-1,-1,-1,-1,203,"politics, diplomacy",International Relations
Art,2,6,4,-1,-1,-1,-1,-1,-1,-1,-1,6,6,6,6,5,-1,-1,-1,5,-1,-1,227,"research, excavation",Archaeology
Art,3,4,4,-1,-1,-1,-1,-1,-1,-1,-1,5,4,4,4,6,-1,-1,4,-1,-1,-1,214,"posters, branding",Graphics Design
Art,1,5,6,-1,-1,-1,-1,-1,-1,-1,-1,4,5,4,5,5,6,-1,-1,-1,-1,-1,189,"creativity, branding",Graphics Design
Commercial,6,6,6,-1,-1,-1,-1,-1,-1,-1,-1,4,4,-1,4,-1,-1,-1,-1,-1,6,4,284,"insurance mathematics, risk analysis",Actuarial Science
Science,6,5,4,4,6,3,-1,5,-1,-1,-1,-1,-1,-1,-1,-1,-1,-1,-1,-1,-1,-1,211,"machine learning, AI",Artificial Intelligence
Science,6,4,5,5,5,2,4,4,-1,-1,-1,-1,-1,-1,-1,-1,-1,-1,-1,-1,-1,-1,274,"aircraft, flight",Aerospace Engineering
Science,5,5,5,4,5,3,5,4,-1,-1,-1,-1,-1,-1,-1,-1,-1,-1,-1,-1,-1,-1,284,"design, AutoCad",Architecture
Science,4,6,4,5,6,4,-1,6,4,-1,-1,-1,-1,-1,-1,-1,-1,-1,-1,-1,-1,-1,315,"health science, body functions",Physiology
Science,6,5,5,3,5,4,-1,5,4,-1,-1,-1,-1,-1,-1,-1,-1,-1,-1,-1,-1,-1,298,"food, health diet",Nutrition and Dietetics
Science,5,6,5,5,4,5,-1,6,5,-1,-1,-1,-1,-1,-1,-1,-1,-1,-1,-1,-1,-1,230,"lab work, biological molecules",Biochemistry
Science,4,5,5,4,4,4,-1,4,-1,-1,4,-1,-1,-1,-1,-1,-1,-1,-1,-1,-1,-1,303,"oceans, marine life",Marine Science
Science,4,6,4,4,6,6,-1,2,-1,5,-1,-1,-1,-1,-1,-1,-1,-1,-1,-1,-1,-1,289,"environmental conservation, soil testing",Soil Science
Art,5,4,4,-1,-1,-1,-1,-1,-1,-1,-1,4,6,4,6,4,-1,4,-1,-1,-1,-1,200,"cultural studies, society",Sociology
Art,3,5,6,-1,-1,-1,-1,-1,-1,-1,-1,6,4,5,4,6,-1,-1,-1,6,-1,-1,197,"historical artifacts, excavation",Archaeology
Art,2,5,5,-1,-1,-1,-1,-1,-1,-1,-1,6,5,5,6,4,-1,-1,5,-1,-1,-1,219,"space planning, home aesthetics",Interior Design
Art,2,4,5,-1,-1,-1,-1,-1,-1,-1,-1,6,6,4,6,6,5,-1,-1,-1,-1,-1,206,"space planning, furniture",Interior Design
Commercial,4,6,6,-1,-1,-1,-1,-1,-1,-1,-1,6,5,-1,5,-1,-1,-1,-1,-1,5,5,245,"employee relations, workplace development",Human Resource Management
Science,4,4,6,4,5,2,-1,5,-1,-1,-1,-1,-1,-1,-1,-1,-1,-1,-1,-1,-1,-1,234,"automation, machine learning",Artificial Intelligence
Science,6,5,4,6,5,3,4,4,-1,-1,-1,-1,-1,-1,-1,-1,-1,-1,-1,-1,-1,-1,238,"medical devices, health technology",Biomedical Engineering
Science,6,4,6,4,4,1,6,4,-1,-1,-1,-1,-1,-1,-1,-1,-1,-1,-1,-1,-1,-1,282,"design, buildings",Architecture
Science,5,4,6,5,5,6,-1,6,4,-1,-1,-1,-1,-1,-1,-1,-1,-1,-1,-1,-1,-1,251,"x_ray, medical imaging",Radiography
Science,4,6,4,2,5,6,-1,4,6,-1,-1,-1,-1,-1,-1,-1,-1,-1,-1,-1,-1,-1,264,"community health, disease prevention",Public Health
Science,6,6,6,4,4,6,-1,5,5,-1,-1,-1,-1,-1,-1,-1,-1,-1,-1,-1,-1,-1,302,"data analysis, probability",Statistics
Science,4,5,6,6,4,6,-1,5,-1,-1,4,-1,-1,-1,-1,-1,-1,-1,-1,-1,-1,-1,291,"environment, climate",Environmental Science
Science,4,5,5,4,4,6,-1,2,-1,6,-1,-1,-1,-1,-1,-1,-1,-1,-1,-1,-1,-1,233,"land management, environmental conservation",Soil Science
Art,4,4,4,-1,-1,-1,-1,-1,-1,-1,-1,6,5,5,4,4,-1,6,-1,-1,-1,-1,202,"criminal justice, crime investigation",Criminology
Art,1,4,5,-1,-1,-1,-1,-1,-1,-1,-1,6,4,5,6,4,-1,-1,-1,5,-1,-1,236,"customer service, tour guiding",Tourism and Hospitality
Art,2,4,4,-1,-1,-1,-1,-1,-1,-1,-1,4,6,4,6,4,-1,-1,4,-1,-1,-1,146,"home aesthetics, space planning",Interior Design
Art,2,4,4,-1,-1,-1,-1,-1,-1,-1,-1,5,4,6,4,5,6,-1,-1,-1,-1,-1,169,"room decoration, space planning",Interior Design
Commercial,6,6,6,-1,-1,-1,-1,-1,-1,-1,-1,5,6,-1,4,-1,-1,-1,-1,-1,4,4,265,"policy analysis, financial protection",Insurance
Science,4,4,6,5,5,3,-1,5,-1,-1,-1,-1,-1,-1,-1,-1,-1,-1,-1,-1,-1,-1,249,"business IT, systems",Information Systems
Science,4,5,6,5,6,3,4,4,-1,-1,-1,-1,-1,-1,-1,-1,-1,-1,-1,-1,-1,-1,235,"electricity, electronics",Electrical Engineering
Science,4,5,5,4,5,1,5,6,-1,-1,-1,-1,-1,-1,-1,-1,-1,-1,-1,-1,-1,-1,274,"building estimation, construction costs",Quantity Surveying
Science,4,5,4,5,4,6,-1,4,4,-1,-1,-1,-1,-1,-1,-1,-1,-1,-1,-1,-1,-1,287,"x_ray, medical imaging",Radiography
Science,6,5,5,2,5,6,-1,4,4,-1,-1,-1,-1,-1,-1,-1,-1,-1,-1,-1,-1,-1,267,"food, health diet",Nutrition and Dietetics
Science,4,6,5,4,4,5,-1,5,6,-1,-1,-1,-1,-1,-1,-1,-1,-1,-1,-1,-1,-1,244,"bioengineering, genetics",Biotechnology
Science,5,4,6,6,4,4,-1,5,-1,-1,4,-1,-1,-1,-1,-1,-1,-1,-1,-1,-1,-1,259,"environment, climate",Environmental Science
Science,4,4,5,6,6,5,-1,1,-1,5,-1,-1,-1,-1,-1,-1,-1,-1,-1,-1,-1,-1,309,"plant breeding, plants",Crop Science
Art,6,5,6,-1,-1,-1,-1,-1,-1,-1,-1,4,6,6,4,4,-1,5,-1,-1,-1,-1,219,"social behavior, cultural studies",Sociology
Art,3,5,4,-1,-1,-1,-1,-1,-1,-1,-1,6,5,5,5,6,-1,-1,-1,4,-1,-1,171,"tourism, culture",Museum and Heritage Studies
Art,2,4,6,-1,-1,-1,-1,-1,-1,-1,-1,6,6,4,4,5,-1,-1,4,-1,-1,-1,172,"drawing outfits, clothing",Fashion Design
Art,2,4,5,-1,-1,-1,-1,-1,-1,-1,-1,5,5,6,4,4,5,-1,-1,-1,-1,-1,163,"clothing, drawing outfits",Fashion Design
Commercial,6,6,4,-1,-1,-1,-1,-1,-1,-1,-1,4,4,-1,6,-1,-1,-1,-1,-1,5,5,262,"innovation, problem solving",Entrepreneurship
Science,5,4,4,4,4,2,-1,4,-1,-1,-1,-1,-1,-1,-1,-1,-1,-1,-1,-1,-1,-1,226,"systems, business IT",Information Systems
Science,4,5,6,5,6,3,6,5,-1,-1,-1,-1,-1,-1,-1,-1,-1,-1,-1,-1,-1,-1,270,"systems, optimization",Industrial Engineering
Science,5,6,5,6,6,3,6,4,-1,-1,-1,-1,-1,-1,-1,-1,-1,-1,-1,-1,-1,-1,225,"community planning, transport systems",Urban and Regional Planning
Science,5,6,6,6,4,5,-1,4,5,-1,-1,-1,-1,-1,-1,-1,-1,-1,-1,-1,-1,-1,295,"cancer, treatment",Oncology
Science,6,5,4,3,5,5,-1,5,4,-1,-1,-1,-1,-1,-1,-1,-1,-1,-1,-1,-1,-1,259,"community health, disease prevention",Public Health
Science,6,6,6,6,5,6,-1,6,6,-1,-1,-1,-1,-1,-1,-1,-1,-1,-1,-1,-1,-1,270,"laboratory, reactions",Chemistry
Science,4,4,5,5,5,6,-1,4,-1,-1,4,-1,-1,-1,-1,-1,-1,-1,-1,-1,-1,-1,267,"rocks, earth science",Geology
Science,6,5,4,5,4,6,-1,2,-1,4,-1,-1,-1,-1,-1,-1,-1,-1,-1,-1,-1,-1,270,"gardening, fruit production",Horticulture
Art,6,4,6,-1,-1,-1,-1,-1,-1,-1,-1,4,6,5,4,5,-1,4,-1,-1,-1,-1,188,"communication, news reporting",Journalism and Media Studies
Art,1,5,5,-1,-1,-1,-1,-1,-1,-1,-1,4,5,4,6,6,-1,-1,-1,5,-1,-1,206,"travel, tour guiding",Tourism and Hospitality
Art,2,6,5,-1,-1,-1,-1,-1,-1,-1,-1,4,6,4,4,6,-1,-1,6,-1,-1,-1,211,"furniture, home aesthetics",Interior Design
Art,2,4,6,-1,-1,-1,-1,-1,-1,-1,-1,5,6,5,6,5,4,-1,-1,-1,-1,-1,168,"room decoration, space planning",Interior Design
Commercial,6,5,4,-1,-1,-1,-1,-1,-1,-1,-1,6,4,-1,4,-1,-1,-1,-1,-1,6,5,241,"financial protection, claims processing",Insurance
Science,6,6,4,4,5,3,-1,5,-1,-1,-1,-1,-1,-1,-1,-1,-1,-1,-1,-1,-1,-1,276,"systems, business IT",Information Systems
Science,5,5,6,4,6,1,5,6,-1,-1,-1,-1,-1,-1,-1,-1,-1,-1,-1,-1,-1,-1,279,"medical devices, health technology",Biomedical Engineering
Science,5,5,4,5,4,2,4,5,-1,-1,-1,-1,-1,-1,-1,-1,-1,-1,-1,-1,-1,-1,223,"land valuation, facility management",Estate Management
Science,5,5,6,6,5,6,-1,6,6,-1,-1,-1,-1,-1,-1,-1,-1,-1,-1,-1,-1,-1,255,"medical imaging, x_ray",Radiography
Science,6,4,5,2,5,5,-1,4,4,-1,-1,-1,-1,-1,-1,-1,-1,-1,-1,-1,-1,-1,248,"food, health diet",Nutrition and Dietetics
Science,5,4,5,4,6,6,-1,6,6,-1,-1,-1,-1,-1,-1,-1,-1,-1,-1,-1,-1,-1,258,"computation, modeling",Applied Mathematics
Science,6,4,4,4,6,5,-1,5,-1,-1,5,-1,-1,-1,-1,-1,-1,-1,-1,-1,-1,-1,294,"earth science, rocks",Geology
Science,5,6,5,6,6,5,-1,1,-1,5,-1,-1,-1,-1,-1,-1,-1,-1,-1,-1,-1,-1,306,"animal breeding, livestock farming",Animal Science
Art,5,4,4,-1,-1,-1,-1,-1,-1,-1,-1,5,5,4,4,5,-1,4,-1,-1,-1,-1,228,"cultural studies, community development",Sociology
Art,3,6,6,-1,-1,-1,-1,-1,-1,-1,-1,6,4,4,5,5,-1,-1,-1,4,-1,-1,213,"historical artifacts, ancient civilization",Archaeology
Art,3,4,6,-1,-1,-1,-1,-1,-1,-1,-1,5,4,6,5,5,-1,-1,6,-1,-1,-1,147,"digital art, character design",Illustration
Art,1,4,4,-1,-1,-1,-1,-1,-1,-1,-1,4,5,6,5,5,4,-1,-1,-1,-1,-1,192,"drawing, character design",Illustration
Commercial,5,4,5,-1,-1,-1,-1,-1,-1,-1,-1,6,6,-1,6,-1,-1,-1,-1,-1,6,5,256,"financial records, bookkeeping",Accounting
Science,5,5,6,6,4,1,-1,6,-1,-1,-1,-1,-1,-1,-1,-1,-1,-1,-1,-1,-1,-1,274,"software integration, hardware",Computer Engineering
Science,4,5,6,4,6,1,5,4,-1,-1,-1,-1,-1,-1,-1,-1,-1,-1,-1,-1,-1,-1,227,"circuits, hardware",Electronic Engineering
Science,5,4,4,4,4,2,4,4,-1,-1,-1,-1,-1,-1,-1,-1,-1,-1,-1,-1,-1,-1,226,"land measurement, spatial data",Surveying and Geoinformatics
Science,5,4,4,6,6,4,-1,4,6,-1,-1,-1,-1,-1,-1,-1,-1,-1,-1,-1,-1,-1,320,"laboratory, testing",Medical Laboratory Science
Science,5,4,5,2,5,5,-1,4,6,-1,-1,-1,-1,-1,-1,-1,-1,-1,-1,-1,-1,-1,295,"disease prevention, community health",Public Health
Science,4,5,5,6,6,6,-1,5,5,-1,-1,-1,-1,-1,-1,-1,-1,-1,-1,-1,-1,-1,298,"nature, life science",Biology
Science,4,6,5,6,6,6,-1,5,-1,-1,5,-1,-1,-1,-1,-1,-1,-1,-1,-1,-1,-1,226,"climate, environment",Environmental Science
Science,6,5,4,5,6,5,-1,1,-1,6,-1,-1,-1,-1,-1,-1,-1,-1,-1,-1,-1,-1,220,"landscaping, gardening",Horticulture
Art,5,5,4,-1,-1,-1,-1,-1,-1,-1,-1,4,4,4,5,4,-1,6,-1,-1,-1,-1,168,"diplomacy, global affairs",International Relations
Art,1,4,4,-1,-1,-1,-1,-1,-1,-1,-1,4,6,5,4,5,-1,-1,-1,6,-1,-1,223,"problem solving, data gathering",Research and Policy Analysis
Art,1,5,5,-1,-1,-1,-1,-1,-1,-1,-1,6,6,5,4,5,-1,-1,6,-1,-1,-1,192,"creative coding, ui design",Web Design
Art,2,6,6,-1,-1,-1,-1,-1,-1,-1,-1,4,6,4,4,5,5,-1,-1,-1,-1,-1,206,"user experience, creative coding",Web Design
Commercial,5,6,6,-1,-1,-1,-1,-1,-1,-1,-1,4,4,-1,6,-1,-1,-1,-1,-1,6,5,316,"financial protection, policy analysis",Insurance
Science,6,6,6,5,4,3,-1,4,-1,-1,-1,-1,-1,-1,-1,-1,-1,-1,-1,-1,-1,-1,230,"business IT, systems",Information Systems
Science,6,6,6,4,4,1,4,4,-1,-1,-1,-1,-1,-1,-1,-1,-1,-1,-1,-1,-1,-1,246,"buildings, structures",Civil Engineering
Science,5,4,5,5,4,1,5,5,-1,-1,-1,-1,-1,-1,-1,-1,-1,-1,-1,-1,-1,-1,273,"mapping, geographic information system",Surveying and Geoinformatics
Science,6,5,4,6,4,4,-1,5,4,-1,-1,-1,-1,-1,-1,-1,-1,-1,-1,-1,-1,-1,277,"body functions, health science",Physiology
Science,4,5,6,2,5,6,-1,4,4,-1,-1,-1,-1,-1,-1,-1,-1,-1,-1,-1,-1,-1,252,"disease prevention, community health",Public Health
Science,5,5,6,5,5,4,-1,4,6,-1,-1,-1,-1,-1,-1,-1,-1,-1,-1,-1,-1,-1,237,"probability, data analysis",Statistics
Science,6,6,5,6,6,6,-1,5,-1,-1,6,-1,-1,-1,-1,-1,-1,-1,-1,-1,-1,-1,294,"climate, environment",Environmental Science
Science,5,5,5,6,4,5,-1,1,-1,4,-1,-1,-1,-1,-1,-1,-1,-1,-1,-1,-1,-1,301,"gardening, flower cultivation",Horticulture
Art,6,6,4,-1,-1,-1,-1,-1,-1,-1,-1,4,6,4,4,6,-1,4,-1,-1,-1,-1,227,"communication, news reporting",Journalism and Media Studies
Art,3,5,6,-1,-1,-1,-1,-1,-1,-1,-1,4,6,5,5,5,-1,-1,-1,6,-1,-1,194,"customer service, travel",Tourism and Hospitality
Art,1,4,6,-1,-1,-1,-1,-1,-1,-1,-1,4,5,4,6,4,-1,-1,6,-1,-1,-1,186,"motion graphics, cartoons",Animation
Art,2,6,6,-1,-1,-1,-1,-1,-1,-1,-1,4,4,4,6,5,6,-1,-1,-1,-1,-1,155,"3d animation, cartoons",Animation
Commercial,4,5,5,-1,-1,-1,-1,-1,-1,-1,-1,4,4,-1,4,-1,-1,-1,-1,-1,4,4,326,"statistics, risk analysis",Actuarial Science
Science,6,5,6,6,4,3,-1,4,-1,-1,-1,-1,-1,-1,-1,-1,-1,-1,-1,-1,-1,-1,275,"analysis, statistics",Data Science
Science,4,5,4,5,5,2,5,6,-1,-1,-1,-1,-1,-1,-1,-1,-1,-1,-1,-1,-1,-1,235,"electronics, circuits",Electronic Engineering
Science,4,5,4,5,4,3,6,5,-1,-1,-1,-1,-1,-1,-1,-1,-1,-1,-1,-1,-1,-1,287,"city development, transport systems",Urban and Regional Planning
Science,4,4,4,4,4,5,-1,6,4,-1,-1,-1,-1,-1,-1,-1,-1,-1,-1,-1,-1,-1,274,"drugs, medication",Pharmacy
Science,5,4,5,3,4,6,-1,5,4,-1,-1,-1,-1,-1,-1,-1,-1,-1,-1,-1,-1,-1,291,"health diet, food",Nutrition and Dietetics
Science,4,6,4,4,6,5,-1,4,4,-1,-1,-1,-1,-1,-1,-1,-1,-1,-1,-1,-1,-1,234,"motion, energy",Physics
Science,6,6,4,6,6,4,-1,4,-1,-1,5,-1,-1,-1,-1,-1,-1,-1,-1,-1,-1,-1,259,"climate, environment",Environmental Science
Science,4,4,4,4,6,4,-1,3,-1,4,-1,-1,-1,-1,-1,-1,-1,-1,-1,-1,-1,-1,268,"community outreach, agricultural training",Agricultural Extension
Art,4,6,4,-1,-1,-1,-1,-1,-1,-1,-1,6,4,6,6,5,-1,4,-1,-1,-1,-1,169,"leadership, public policy",Political Science
Art,3,6,5,-1,-1,-1,-1,-1,-1,-1,-1,5,5,5,5,4,-1,-1,-1,5,-1,-1,205,"culture, tourism",Museum and Heritage Studies
Art,1,4,5,-1,-1,-1,-1,-1,-1,-1,-1,5,5,4,6,4,-1,-1,4,-1,-1,-1,170,"design, branding",Graphics Design
Art,2,5,4,-1,-1,-1,-1,-1,-1,-1,-1,5,6,6,5,4,6,-1,-1,-1,-1,-1,165,"branding, creativity",Graphics Design
Commercial,6,6,4,-1,-1,-1,-1,-1,-1,-1,-1,6,5,-1,6,-1,-1,-1,-1,-1,6,5,326,"data modelling, risk analysis",Actuarial Science
Science,6,6,5,4,4,2,-1,5,-1,-1,-1,-1,-1,-1,-1,-1,-1,-1,-1,-1,-1,-1,211,"data, analysis",Data Science
Science,4,5,5,5,5,3,5,6,-1,-1,-1,-1,-1,-1,-1,-1,-1,-1,-1,-1,-1,-1,278,"automation, robots",Mechatronics Engineering
Science,4,6,4,4,5,2,4,4,-1,-1,-1,-1,-1,-1,-1,-1,-1,-1,-1,-1,-1,-1,280,"transport systems, city development",Urban and Regional Planning
Science,5,6,5,4,5,5,-1,6,4,-1,-1,-1,-1,-1,-1,-1,-1,-1,-1,-1,-1,-1,251,"care, hospital",Nursing
Science,5,5,5,1,4,4,-1,4,6,-1,-1,-1,-1,-1,-1,-1,-1,-1,-1,-1,-1,-1,269,"community health, disease prevention",Public Health
Science,5,4,6,4,4,5,-1,5,6,-1,-1,-1,-1,-1,-1,-1,-1,-1,-1,-1,-1,-1,307,"motion, energy",Physics
Science,4,4,6,4,4,4,-1,4,-1,-1,4,-1,-1,-1,-1,-1,-1,-1,-1,-1,-1,-1,304,"oceans, marine life",Marine Science
Science,4,5,6,6,4,4,-1,1,-1,5,-1,-1,-1,-1,-1,-1,-1,-1,-1,-1,-1,-1,241,"fruit production, flower cultivation",Horticulture
Art,5,5,5,-1,-1,-1,-1,-1,-1,-1,-1,6,5,4,5,4,-1,4,-1,-1,-1,-1,164,"politics, public policy",Political Science
Art,1,4,5,-1,-1,-1,-1,-1,-1,-1,-1,6,6,6,5,6,-1,-1,-1,5,-1,-1,235,"libraries, documentation",Archival Studies
Art,2,4,4,-1,-1,-1,-1,-1,-1,-1,-1,4,4,6,6,6,-1,-1,6,-1,-1,-1,188,"Sketching, digital art",Illustration
Art,3,4,4,-1,-1,-1,-1,-1,-1,-1,-1,5,5,4,6,4,5,-1,-1,-1,-1,-1,192,"drawing, character design",Illustration
Commercial,4,5,5,-1,-1,-1,-1,-1,-1,-1,-1,6,4,-1,5,-1,-1,-1,-1,-1,6,5,302,"office administration, leadership",Business Administration
Science,5,4,5,6,6,3,-1,6,-1,-1,-1,-1,-1,-1,-1,-1,-1,-1,-1,-1,-1,-1,253,"hardware, software integration",Computer Engineering
Science,4,4,5,5,4,1,4,5,-1,-1,-1,-1,-1,-1,-1,-1,-1,-1,-1,-1,-1,-1,249,"construction, buildings",Civil Engineering
Science,6,5,4,5,4,3,6,6,-1,-1,-1,-1,-1,-1,-1,-1,-1,-1,-1,-1,-1,-1,225,"transport systems, environmental planning",Urban and Regional Planning
Science,4,4,6,6,5,5,-1,5,5,-1,-1,-1,-1,-1,-1,-1,-1,-1,-1,-1,-1,-1,297,"medical imaging, x_ray",Radiography
Science,4,4,6,1,4,5,-1,6,4,-1,-1,-1,-1,-1,-1,-1,-1,-1,-1,-1,-1,-1,300,"health diet, food",Nutrition and Dietetics
Science,6,6,6,6,6,4,-1,6,4,-1,-1,-1,-1,-1,-1,-1,-1,-1,-1,-1,-1,-1,220,"computation, modeling",Applied Mathematics
Science,6,5,5,6,4,4,-1,5,-1,-1,6,-1,-1,-1,-1,-1,-1,-1,-1,-1,-1,-1,312,"seismology, earth structure",Geophysics
Science,6,4,5,5,5,4,-1,1,-1,6,-1,-1,-1,-1,-1,-1,-1,-1,-1,-1,-1,-1,227,"crop cultivation, agricultural technology",Agricultural Science
Art,6,6,5,-1,-1,-1,-1,-1,-1,-1,-1,4,5,6,6,6,-1,6,-1,-1,-1,-1,193,"criminal justice, forensic studies",Criminology
Art,3,6,5,-1,-1,-1,-1,-1,-1,-1,-1,4,6,4,6,6,-1,-1,-1,6,-1,-1,186,"research, data gathering",Research and Policy Analysis
Art,3,5,5,-1,-1,-1,-1,-1,-1,-1,-1,5,6,6,5,5,-1,-1,4,-1,-1,-1,220,"editing photos, creative visuals",Photography
Art,3,6,4,-1,-1,-1,-1,-1,-1,-1,-1,5,5,5,6,6,6,-1,-1,-1,-1,-1,184,"editing photos, taking pictures",Photography
Commercial,6,6,5,-1,-1,-1,-1,-1,-1,-1,-1,5,4,-1,4,-1,-1,-1,-1,-1,4,4,240,"business management, organizational planning",Business Administration
Science,5,4,6,5,5,2,-1,6,-1,-1,-1,-1,-1,-1,-1,-1,-1,-1,-1,-1,-1,-1,220,"programming, software",Computer Science
Science,5,5,5,5,4,1,6,4,-1,-1,-1,-1,-1,-1,-1,-1,-1,-1,-1,-1,-1,-1,232,"engines, machines",Mechanical Engineering
Science,6,6,5,6,6,1,6,4,-1,-1,-1,-1,-1,-1,-1,-1,-1,-1,-1,-1,-1,-1,275,"environmental planning, city development",Urban and Regional Planning
Science,6,5,4,5,4,5,-1,6,4,-1,-1,-1,-1,-1,-1,-1,-1,-1,-1,-1,-1,-1,313,"health science, body functions",Physiology
Science,5,5,4,3,5,6,-1,5,4,-1,-1,-1,-1,-1,-1,-1,-1,-1,-1,-1,-1,-1,257,"food, health diet",Nutrition and Dietetics
Science,6,5,6,5,4,6,-1,5,5,-1,-1,-1,-1,-1,-1,-1,-1,-1,-1,-1,-1,-1,292,"data analysis, probability",Statistics
Science,4,5,6,4,6,6,-1,5,-1,-1,5,-1,-1,-1,-1,-1,-1,-1,-1,-1,-1,-1,233,"climate, weather",Meteorology
Science,5,4,6,6,4,5,-1,1,-1,4,-1,-1,-1,-1,-1,-1,-1,-1,-1,-1,-1,-1,263,"pond management, seafood production",Fisheries and Aquaculture
Art,5,4,6,-1,-1,-1,-1,-1,-1,-1,-1,4,5,6,6,4,-1,6,-1,-1,-1,-1,203,"public policy, leadership",Political Science
Art,3,4,5,-1,-1,-1,-1,-1,-1,-1,-1,6,4,6,4,4,-1,-1,-1,5,-1,-1,209,"libraries, historical records",Archival Studies
Art,3,6,4,-1,-1,-1,-1,-1,-1,-1,-1,5,4,6,4,5,-1,-1,4,-1,-1,-1,158,"cartoons, storytelling",Animation
Art,1,6,4,-1,-1,-1,-1,-1,-1,-1,-1,6,4,6,5,4,4,-1,-1,-1,-1,-1,174,"motion graphics, storytelling",Animation
Commercial,5,4,5,-1,-1,-1,-1,-1,-1,-1,-1,5,5,-1,6,-1,-1,-1,-1,-1,4,5,305,"distribution, logistics",Supply Chain Management
Science,4,6,4,5,6,3,-1,4,-1,-1,-1,-1,-1,-1,-1,-1,-1,-1,-1,-1,-1,-1,245,"network protection, hacking",Cyber Security
Science,4,6,6,4,6,3,4,4,-1,-1,-1,-1,-1,-1,-1,-1,-1,-1,-1,-1,-1,-1,260,"medical devices, health technology",Biomedical Engineering
Science,6,6,4,5,6,2,6,4,-1,-1,-1,-1,-1,-1,-1,-1,-1,-1,-1,-1,-1,-1,269,"community planning, environmental planning",Urban and Regional Planning
Science,5,5,4,5,5,6,-1,4,6,-1,-1,-1,-1,-1,-1,-1,-1,-1,-1,-1,-1,-1,276,"health science, body functions",Physiology
Science,4,6,4,1,4,4,-1,6,4,-1,-1,-1,-1,-1,-1,-1,-1,-1,-1,-1,-1,-1,269,"food, health diet",Nutrition and Dietetics
Science,6,5,4,4,5,4,-1,5,4,-1,-1,-1,-1,-1,-1,-1,-1,-1,-1,-1,-1,-1,263,"computation, modeling",Applied Mathematics
Science,4,5,6,5,5,6,-1,4,-1,-1,5,-1,-1,-1,-1,-1,-1,-1,-1,-1,-1,-1,261,"earth science, rocks",Geology
Science,5,6,4,4,6,5,-1,1,-1,5,-1,-1,-1,-1,-1,-1,-1,-1,-1,-1,-1,-1,261,"pond management, aquatic life",Fisheries and Aquaculture
Art,5,4,4,-1,-1,-1,-1,-1,-1,-1,-1,6,4,5,4,5,-1,6,-1,-1,-1,-1,220,"public serving, leadership",Public Administration
Art,2,5,6,-1,-1,-1,-1,-1,-1,-1,-1,6,6,6,5,4,-1,-1,-1,4,-1,-1,198,"culture, tour guiding",Tourism and Hospitality
Art,1,5,6,-1,-1,-1,-1,-1,-1,-1,-1,5,4,6,4,5,-1,-1,5,-1,-1,-1,198,"painting, fine arts",Painting and Sculpture
Art,1,5,5,-1,-1,-1,-1,-1,-1,-1,-1,5,5,6,5,6,4,-1,-1,-1,-1,-1,159,"fine arts, painting",Painting and Sculpture
Commercial,5,4,4,-1,-1,-1,-1,-1,-1,-1,-1,6,5,-1,6,-1,-1,-1,-1,-1,6,6,266,"tax laws, financial compliance",Taxation
Science,4,4,5,4,5,1,-1,4,-1,-1,-1,-1,-1,-1,-1,-1,-1,-1,-1,-1,-1,-1,263,"apps, development",Software Engineering
Science,6,6,4,5,5,1,5,5,-1,-1,-1,-1,-1,-1,-1,-1,-1,-1,-1,-1,-1,-1,270,"oil, gas",Petroleum Engineering
Science,5,4,4,6,4,1,4,5,-1,-1,-1,-1,-1,-1,-1,-1,-1,-1,-1,-1,-1,-1,247,"project budgeting, building estimation",Quantity Surveying
Science,6,5,6,6,6,4,-1,4,6,-1,-1,-1,-1,-1,-1,-1,-1,-1,-1,-1,-1,-1,294,"medicine, healthcare",Medicine and Surgery
Science,6,6,6,1,6,5,-1,6,6,-1,-1,-1,-1,-1,-1,-1,-1,-1,-1,-1,-1,-1,252,"health diet, food",Nutrition and Dietetics
Science,5,4,5,5,4,5,-1,5,6,-1,-1,-1,-1,-1,-1,-1,-1,-1,-1,-1,-1,-1,278,"life science, nature",Biology
Science,5,5,6,4,6,6,-1,6,-1,-1,5,-1,-1,-1,-1,-1,-1,-1,-1,-1,-1,-1,272,"climate, environment",Environmental Science
Science,6,5,5,4,4,6,-1,2,-1,4,-1,-1,-1,-1,-1,-1,-1,-1,-1,-1,-1,-1,312,"environmental protection, forest conservation",Forestry
Art,5,4,4,-1,-1,-1,-1,-1,-1,-1,-1,4,5,6,5,4,-1,5,-1,-1,-1,-1,169,"global affairs, politics",International Relations
Art,3,4,5,-1,-1,-1,-1,-1,-1,-1,-1,5,6,6,6,6,-1,-1,-1,5,-1,-1,184,"research, historical artifacts",Archaeology
Art,2,6,5,-1,-1,-1,-1,-1,-1,-1,-1,5,5,5,6,6,-1,-1,5,-1,-1,-1,169,"storytelling, cartoons",Animation
Art,1,6,5,-1,-1,-1,-1,-1,-1,-1,-1,6,6,5,6,6,6,-1,-1,-1,-1,-1,214,"3d animation, storytelling",Animation
Commercial,5,4,6,-1,-1,-1,-1,-1,-1,-1,-1,6,4,-1,4,-1,-1,-1,-1,-1,6,5,231,"business oppurtunities, problem solving",Entrepreneurship
Science,5,4,6,6,4,2,-1,6,-1,-1,-1,-1,-1,-1,-1,-1,-1,-1,-1,-1,-1,-1,219,"internet, networks",Network Engineering
Science,4,5,5,4,6,2,5,6,-1,-1,-1,-1,-1,-1,-1,-1,-1,-1,-1,-1,-1,-1,266,"structures, materials",Materials Engineering
Science,5,5,6,5,5,3,6,6,-1,-1,-1,-1,-1,-1,-1,-1,-1,-1,-1,-1,-1,-1,284,"building estimation, cost analysis",Quantity Surveying
Science,6,5,4,6,4,6,-1,5,6,-1,-1,-1,-1,-1,-1,-1,-1,-1,-1,-1,-1,-1,303,"human body, medical science",Anatomy
Science,6,4,5,2,4,6,-1,6,4,-1,-1,-1,-1,-1,-1,-1,-1,-1,-1,-1,-1,-1,285,"community health, disease prevention",Public Health
Science,6,5,6,6,4,4,-1,5,5,-1,-1,-1,-1,-1,-1,-1,-1,-1,-1,-1,-1,-1,276,"chemical production, industry",Industrial Chemistry
Science,5,6,4,5,4,6,-1,5,-1,-1,5,-1,-1,-1,-1,-1,-1,-1,-1,-1,-1,-1,304,"marine life, oceans",Marine Science
Science,6,6,5,6,6,4,-1,1,-1,4,-1,-1,-1,-1,-1,-1,-1,-1,-1,-1,-1,-1,230,"flower cultivation, landscaping",Horticulture
Art,6,6,6,-1,-1,-1,-1,-1,-1,-1,-1,6,4,4,6,6,-1,5,-1,-1,-1,-1,225,"law enforcement, criminal justice",Criminology
Art,1,5,6,-1,-1,-1,-1,-1,-1,-1,-1,6,4,6,6,4,-1,-1,-1,6,-1,-1,229,"research, ancient civilization",Archaeology
Art,2,5,6,-1,-1,-1,-1,-1,-1,-1,-1,6,4,6,5,5,-1,-1,5,-1,-1,-1,188,"motion graphics, 3d animation",Animation
Art,1,5,5,-1,-1,-1,-1,-1,-1,-1,-1,6,5,5,4,5,4,-1,-1,-1,-1,-1,213,"motion graphics, cartoons",Animation
Commercial,5,4,5,-1,-1,-1,-1,-1,-1,-1,-1,6,6,-1,6,-1,-1,-1,-1,-1,5,5,255,"financial analysis, financial records",Accounting
Science,6,4,5,5,4,3,-1,4,-1,-1,-1,-1,-1,-1,-1,-1,-1,-1,-1,-1,-1,-1,241,"development, software systems",Software Engineering
Science,4,5,4,6,6,2,4,5,-1,-1,-1,-1,-1,-1,-1,-1,-1,-1,-1,-1,-1,-1,237,"electronics, hardware",Electronic Engineering
Science,4,5,5,6,6,3,6,5,-1,-1,-1,-1,-1,-1,-1,-1,-1,-1,-1,-1,-1,-1,261,"geographic information system, spatial data",Surveying and Geoinformatics
Science,5,5,6,6,5,5,-1,5,6,-1,-1,-1,-1,-1,-1,-1,-1,-1,-1,-1,-1,-1,263,"health science, body functions",Physiology
Science,6,6,5,3,4,4,-1,5,6,-1,-1,-1,-1,-1,-1,-1,-1,-1,-1,-1,-1,-1,292,"community health, disease prevention",Public Health
Science,5,4,5,5,6,5,-1,6,4,-1,-1,-1,-1,-1,-1,-1,-1,-1,-1,-1,-1,-1,251,"motion, experiments",Physics
Science,6,6,6,5,4,6,-1,4,-1,-1,6,-1,-1,-1,-1,-1,-1,-1,-1,-1,-1,-1,286,"climate, environment",Environmental Science
Science,6,5,4,5,4,6,-1,1,-1,4,-1,-1,-1,-1,-1,-1,-1,-1,-1,-1,-1,-1,261,"plant breeding, harvesting",Crop Science
Art,6,6,5,-1,-1,-1,-1,-1,-1,-1,-1,4,4,4,5,4,-1,6,-1,-1,-1,-1,199,"public serving, administration",Public Administration
Art,3,6,6,-1,-1,-1,-1,-1,-1,-1,-1,5,6,6,4,5,-1,-1,-1,5,-1,-1,182,"research, ancient civilization",Archaeology
Art,3,4,4,-1,-1,-1,-1,-1,-1,-1,-1,4,5,6,6,4,-1,-1,5,-1,-1,-1,194,"digital painting, Creative software",Digital Art
Art,3,5,6,-1,-1,-1,-1,-1,-1,-1,-1,6,5,6,5,4,4,-1,-1,-1,-1,-1,214,"digital painting, drawing tablets",Digital Art
Commercial,6,4,4,-1,-1,-1,-1,-1,-1,-1,-1,4,5,-1,5,-1,-1,-1,-1,-1,6,6,322,"business management, leadership",Business Administration
Science,4,6,4,6,6,3,-1,6,-1,-1,-1,-1,-1,-1,-1,-1,-1,-1,-1,-1,-1,-1,217,"hacking, security",Cyber Security
Science,4,6,4,6,4,2,6,4,-1,-1,-1,-1,-1,-1,-1,-1,-1,-1,-1,-1,-1,-1,228,"optimization, systems",Industrial Engineering
Science,4,4,5,6,5,3,4,4,-1,-1,-1,-1,-1,-1,-1,-1,-1,-1,-1,-1,-1,-1,281,"construction costs, cost analysis",Quantity Surveying
Science,5,5,5,4,6,6,-1,4,6,-1,-1,-1,-1,-1,-1,-1,-1,-1,-1,-1,-1,-1,259,"medical science, human body",Anatomy
Science,5,5,5,1,4,5,-1,5,6,-1,-1,-1,-1,-1,-1,-1,-1,-1,-1,-1,-1,-1,252,"food, health diet",Nutrition and Dietetics
Science,4,4,4,4,5,4,-1,6,4,-1,-1,-1,-1,-1,-1,-1,-1,-1,-1,-1,-1,-1,302,"biological molecules, lab work",Biochemistry
Science,5,6,5,5,6,4,-1,4,-1,-1,4,-1,-1,-1,-1,-1,-1,-1,-1,-1,-1,-1,244,"earth structure, seismology",Geophysics
Science,4,5,6,5,5,4,-1,2,-1,4,-1,-1,-1,-1,-1,-1,-1,-1,-1,-1,-1,-1,251,"agricultural training, farmer education",Agricultural Extension
Art,6,4,5,-1,-1,-1,-1,-1,-1,-1,-1,6,6,6,6,4,-1,5,-1,-1,-1,-1,168,"writing, media",Journalism and Media Studies
Art,1,5,6,-1,-1,-1,-1,-1,-1,-1,-1,5,5,4,5,5,-1,-1,-1,4,-1,-1,211,"historical artifacts, excavation",Archaeology
Art,1,4,5,-1,-1,-1,-1,-1,-1,-1,-1,4,4,4,6,5,-1,-1,5,-1,-1,-1,156,"animation, creative editing",Motion Graphics
Art,3,5,5,-1,-1,-1,-1,-1,-1,-1,-1,4,5,5,6,5,6,-1,-1,-1,-1,-1,175,"visual storytelling, video effects",Motion Graphics
Commercial,4,5,5,-1,-1,-1,-1,-1,-1,-1,-1,5,6,-1,6,-1,-1,-1,-1,-1,4,5,306,"investment, banking",Banking and Finance
Science,6,4,5,5,6,2,-1,6,-1,-1,-1,-1,-1,-1,-1,-1,-1,-1,-1,-1,-1,-1,213,"business IT, systems",Information Systems
Science,5,6,6,4,4,1,4,5,-1,-1,-1,-1,-1,-1,-1,-1,-1,-1,-1,-1,-1,-1,285,"cars, engines",Automotive Engineering
Science,5,5,5,6,5,1,6,5,-1,-1,-1,-1,-1,-1,-1,-1,-1,-1,-1,-1,-1,-1,261,"drawing, AutoCad",Architecture
Science,6,6,6,5,5,6,-1,5,4,-1,-1,-1,-1,-1,-1,-1,-1,-1,-1,-1,-1,-1,262,"diagnosis, imaging",Radiology
Science,4,5,4,3,6,4,-1,5,5,-1,-1,-1,-1,-1,-1,-1,-1,-1,-1,-1,-1,-1,245,"community health, disease prevention",Public Health
Science,5,5,5,5,5,5,-1,4,5,-1,-1,-1,-1,-1,-1,-1,-1,-1,-1,-1,-1,-1,220,"biological molecules, lab work",Biochemistry
Science,4,6,6,4,6,5,-1,5,-1,-1,4,-1,-1,-1,-1,-1,-1,-1,-1,-1,-1,-1,272,"marine life, oceans",Marine Science
Science,5,6,5,6,4,5,-1,1,-1,4,-1,-1,-1,-1,-1,-1,-1,-1,-1,-1,-1,-1,230,"market analysis, agribusiness",Agricultural Economics
Art,4,5,5,-1,-1,-1,-1,-1,-1,-1,-1,5,6,4,5,4,-1,6,-1,-1,-1,-1,203,"human rights, advocacy",Human Rights and Advocacy
Art,2,4,4,-1,-1,-1,-1,-1,-1,-1,-1,5,6,4,4,6,-1,-1,-1,6,-1,-1,236,"customer service, travel",Tourism and Hospitality
Art,2,6,6,-1,-1,-1,-1,-1,-1,-1,-1,5,4,5,5,4,-1,-1,4,-1,-1,-1,154,"Sketching, drawing",Illustration
Art,2,4,5,-1,-1,-1,-1,-1,-1,-1,-1,5,5,5,6,4,6,-1,-1,-1,-1,-1,141,"character design, digital art",Illustration
Commercial,4,6,4,-1,-1,-1,-1,-1,-1,-1,-1,5,4,-1,6,-1,-1,-1,-1,-1,6,6,283,"banking, money management",Banking and Finance
Science,5,4,6,6,5,2,-1,4,-1,-1,-1,-1,-1,-1,-1,-1,-1,-1,-1,-1,-1,-1,214,"software, coding",Computer Science
Science,5,6,6,4,6,3,6,6,-1,-1,-1,-1,-1,-1,-1,-1,-1,-1,-1,-1,-1,-1,289,"space, aircraft",Aerospace Engineering
Science,4,5,4,5,5,2,5,6,-1,-1,-1,-1,-1,-1,-1,-1,-1,-1,-1,-1,-1,-1,239,"drawing, buildings",Architecture
Science,5,4,4,5,5,4,-1,6,4,-1,-1,-1,-1,-1,-1,-1,-1,-1,-1,-1,-1,-1,251,"movement, rehabilitation",Physiotherapy
Science,4,6,5,1,5,6,-1,6,6,-1,-1,-1,-1,-1,-1,-1,-1,-1,-1,-1,-1,-1,246,"food, health diet",Nutrition and Dietetics
Science,5,4,5,4,4,6,-1,5,5,-1,-1,-1,-1,-1,-1,-1,-1,-1,-1,-1,-1,-1,289,"life science, nature",Biology
Science,4,6,5,5,4,5,-1,6,-1,-1,5,-1,-1,-1,-1,-1,-1,-1,-1,-1,-1,-1,226,"environment, climate",Environmental Science
Science,4,5,5,5,4,4,-1,1,-1,5,-1,-1,-1,-1,-1,-1,-1,-1,-1,-1,-1,-1,317,"rural advisory services, community outreach",Agricultural Extension
Art,4,5,5,-1,-1,-1,-1,-1,-1,-1,-1,5,5,5,5,6,-1,6,-1,-1,-1,-1,198,"politics, foreign policy",International Relations
Art,3,5,5,-1,-1,-1,-1,-1,-1,-1,-1,6,4,4,4,6,-1,-1,-1,4,-1,-1,220,"analysis, research",Research and Policy Analysis
Art,3,6,6,-1,-1,-1,-1,-1,-1,-1,-1,5,5,6,4,5,-1,-1,6,-1,-1,-1,176,"space planning, room decoration",Interior Design
Art,1,5,6,-1,-1,-1,-1,-1,-1,-1,-1,6,6,4,5,4,4,-1,-1,-1,-1,-1,220,"room decoration, space planning",Interior Design
Commercial,4,5,6,-1,-1,-1,-1,-1,-1,-1,-1,4,4,-1,6,-1,-1,-1,-1,-1,6,4,270,"recruitment, employee relations",Human Resource Management
Science,6,6,4,4,4,3,-1,5,-1,-1,-1,-1,-1,-1,-1,-1,-1,-1,-1,-1,-1,-1,230,"support, IT systems",Information Technology
Science,5,5,5,6,5,1,5,4,-1,-1,-1,-1,-1,-1,-1,-1,-1,-1,-1,-1,-1,-1,238,"systems, automation",Mechatronics Engineering
Science,6,4,4,5,6,3,4,4,-1,-1,-1,-1,-1,-1,-1,-1,-1,-1,-1,-1,-1,-1,224,"city development, community planning",Urban and Regional Planning
Science,6,6,4,6,4,4,-1,6,4,-1,-1,-1,-1,-1,-1,-1,-1,-1,-1,-1,-1,-1,305,"x_ray, medical imaging",Radiography
Science,6,4,6,3,6,6,-1,6,4,-1,-1,-1,-1,-1,-1,-1,-1,-1,-1,-1,-1,-1,243,"health diet, food",Nutrition and Dietetics
Science,4,5,4,4,5,6,-1,5,4,-1,-1,-1,-1,-1,-1,-1,-1,-1,-1,-1,-1,-1,317,"microorganisms, research",Microbiology
Science,5,6,4,6,5,6,-1,5,-1,-1,5,-1,-1,-1,-1,-1,-1,-1,-1,-1,-1,-1,252,"oceans, marine life",Marine Science
Science,6,5,6,4,5,6,-1,3,-1,4,-1,-1,-1,-1,-1,-1,-1,-1,-1,-1,-1,-1,226,"fish farming, aquatic life",Fisheries and Aquaculture
Art,4,5,5,-1,-1,-1,-1,-1,-1,-1,-1,6,4,6,4,5,-1,6,-1,-1,-1,-1,179,"community development, cultural studies",Sociology
Art,3,5,5,-1,-1,-1,-1,-1,-1,-1,-1,6,6,6,6,5,-1,-1,-1,4,-1,-1,172,"customer service, travel",Tourism and Hospitality
Art,3,5,6,-1,-1,-1,-1,-1,-1,-1,-1,6,6,6,4,4,-1,-1,5,-1,-1,-1,213,"sculpting, painting",Painting and Sculpture
Art,3,4,4,-1,-1,-1,-1,-1,-1,-1,-1,4,6,6,4,5,6,-1,-1,-1,-1,-1,198,"sculpting, fine arts",Painting and Sculpture
Commercial,4,5,6,-1,-1,-1,-1,-1,-1,-1,-1,6,5,-1,6,-1,-1,-1,-1,-1,5,6,300,"consumer behavior, sales strategies",Marketing
Science,4,5,4,4,4,2,-1,4,-1,-1,-1,-1,-1,-1,-1,-1,-1,-1,-1,-1,-1,-1,237,"machine learning, automation",Artificial Intelligence
Science,4,4,5,5,6,1,4,4,-1,-1,-1,-1,-1,-1,-1,-1,-1,-1,-1,-1,-1,-1,282,"gas, drilling",Petroleum Engineering
Science,5,4,5,5,6,1,5,6,-1,-1,-1,-1,-1,-1,-1,-1,-1,-1,-1,-1,-1,-1,287,"real estate, land valuation",Estate Management
Science,4,4,5,4,5,6,-1,5,4,-1,-1,-1,-1,-1,-1,-1,-1,-1,-1,-1,-1,-1,316,"diagnosis, imaging",Radiology
Science,6,5,4,1,6,6,-1,5,6,-1,-1,-1,-1,-1,-1,-1,-1,-1,-1,-1,-1,-1,240,"disease prevention, community health",Public Health
Science,5,4,5,5,6,6,-1,4,6,-1,-1,-1,-1,-1,-1,-1,-1,-1,-1,-1,-1,-1,224,"experiments, energy",Physics
Science,6,6,5,5,5,5,-1,6,-1,-1,5,-1,-1,-1,-1,-1,-1,-1,-1,-1,-1,-1,223,"seismology, earth structure",Geophysics
Science,5,5,4,6,4,4,-1,1,-1,6,-1,-1,-1,-1,-1,-1,-1,-1,-1,-1,-1,-1,298,"environmental conservation, land management",Soil Science
Art,6,6,4,-1,-1,-1,-1,-1,-1,-1,-1,5,6,6,5,5,-1,5,-1,-1,-1,-1,177,"law enforcement, criminal justice",Criminology
Art,2,6,4,-1,-1,-1,-1,-1,-1,-1,-1,6,5,5,6,5,-1,-1,-1,6,-1,-1,231,"historical records, record keeping",Archival Studies
Art,3,6,4,-1,-1,-1,-1,-1,-1,-1,-1,6,5,6,5,4,-1,-1,4,-1,-1,-1,165,"user experience, website layouts",Web Design
Art,3,6,4,-1,-1,-1,-1,-1,-1,-1,-1,5,5,4,6,5,6,-1,-1,-1,-1,-1,192,"ui design, user experience",Web Design
Commercial,4,4,6,-1,-1,-1,-1,-1,-1,-1,-1,6,4,-1,6,-1,-1,-1,-1,-1,5,6,239,"tax laws, government finance",Taxation
Science,4,5,6,6,6,1,-1,4,-1,-1,-1,-1,-1,-1,-1,-1,-1,-1,-1,-1,-1,-1,239,"AI, automation",Artificial Intelligence
Science,4,6,4,5,4,2,5,5,-1,-1,-1,-1,-1,-1,-1,-1,-1,-1,-1,-1,-1,-1,264,"ships, ocean",Marine Engineering
Science,4,6,4,4,5,3,6,4,-1,-1,-1,-1,-1,-1,-1,-1,-1,-1,-1,-1,-1,-1,245,"property management, land valuation",Estate Management
Science,6,4,5,4,4,5,-1,4,5,-1,-1,-1,-1,-1,-1,-1,-1,-1,-1,-1,-1,-1,278,"teeth, dental care",Dentistry
Science,5,4,5,3,4,6,-1,6,5,-1,-1,-1,-1,-1,-1,-1,-1,-1,-1,-1,-1,-1,300,"community health, disease prevention",Public Health
Science,6,5,6,5,5,6,-1,6,6,-1,-1,-1,-1,-1,-1,-1,-1,-1,-1,-1,-1,-1,249,"bioengineering, genetics",Biotechnology
Science,4,5,6,4,6,4,-1,5,-1,-1,4,-1,-1,-1,-1,-1,-1,-1,-1,-1,-1,-1,268,"environment, climate",Environmental Science
Science,6,6,5,4,4,6,-1,1,-1,6,-1,-1,-1,-1,-1,-1,-1,-1,-1,-1,-1,-1,271,"gardening, fruit production",Horticulture
Art,6,5,4,-1,-1,-1,-1,-1,-1,-1,-1,4,4,6,5,5,-1,4,-1,-1,-1,-1,230,"leadership, administration",Public Administration
Art,2,6,4,-1,-1,-1,-1,-1,-1,-1,-1,4,5,5,4,4,-1,-1,-1,6,-1,-1,206,"research, historical artifacts",Archaeology
Art,3,4,6,-1,-1,-1,-1,-1,-1,-1,-1,6,4,5,4,5,-1,-1,5,-1,-1,-1,159,"digital painting, drawing tablets",Digital Art
Art,1,6,4,-1,-1,-1,-1,-1,-1,-1,-1,6,6,4,6,6,5,-1,-1,-1,-1,-1,159,"art technology, Creative software",Digital Art
Commercial,6,4,4,-1,-1,-1,-1,-1,-1,-1,-1,4,6,-1,4,-1,-1,-1,-1,-1,5,5,252,"business management, leadership",Business Administration
Science,4,5,4,6,4,2,-1,4,-1,-1,-1,-1,-1,-1,-1,-1,-1,-1,-1,-1,-1,-1,266,"apps, development",Software Engineering
Science,5,5,6,6,4,3,4,5,-1,-1,-1,-1,-1,-1,-1,-1,-1,-1,-1,-1,-1,-1,278,"structures, metals",Materials Engineering
Science,6,5,4,6,4,3,4,5,-1,-1,-1,-1,-1,-1,-1,-1,-1,-1,-1,-1,-1,-1,244,"land measurement, geographic information system",Surveying and Geoinformatics
Science,6,4,5,5,6,4,-1,5,6,-1,-1,-1,-1,-1,-1,-1,-1,-1,-1,-1,-1,-1,314,"healthcare, medicine",Medicine and Surgery
Science,4,4,4,1,6,4,-1,6,5,-1,-1,-1,-1,-1,-1,-1,-1,-1,-1,-1,-1,-1,250,"food, health diet",Nutrition and Dietetics
Science,4,6,4,5,5,6,-1,4,4,-1,-1,-1,-1,-1,-1,-1,-1,-1,-1,-1,-1,-1,289,"probability, data analysis",Statistics
Science,4,6,6,6,4,5,-1,4,-1,-1,5,-1,-1,-1,-1,-1,-1,-1,-1,-1,-1,-1,226,"climate, weather",Meteorology
Science,6,6,6,4,6,6,-1,1,-1,6,-1,-1,-1,-1,-1,-1,-1,-1,-1,-1,-1,-1,239,"aquatic life, pond management",Fisheries and Aquaculture
Art,6,5,6,-1,-1,-1,-1,-1,-1,-1,-1,6,5,4,5,5,-1,4,-1,-1,-1,-1,226,"law enforcement, criminal justice",Criminology
Art,3,4,4,-1,-1,-1,-1,-1,-1,-1,-1,4,4,6,4,6,-1,-1,-1,6,-1,-1,204,"heritage, history preservation",Museum and Heritage Studies
Art,3,5,6,-1,-1,-1,-1,-1,-1,-1,-1,6,6,5,4,6,-1,-1,4,-1,-1,-1,156,"art technology, drawing tablets",Digital Art
Art,3,5,4,-1,-1,-1,-1,-1,-1,-1,-1,4,6,5,5,4,6,-1,-1,-1,-1,-1,198,"drawing tablets, Creative software",Digital Art
Commercial,6,4,4,-1,-1,-1,-1,-1,-1,-1,-1,5,5,-1,4,-1,-1,-1,-1,-1,5,5,249,"consumer behavior, advertising",Marketing
Science,4,5,5,5,6,2,-1,5,-1,-1,-1,-1,-1,-1,-1,-1,-1,-1,-1,-1,-1,-1,226,"programming, coding",Computer Science
Science,5,5,4,4,4,3,5,6,-1,-1,-1,-1,-1,-1,-1,-1,-1,-1,-1,-1,-1,-1,283,"health technology, medical devices",Biomedical Engineering
Science,5,5,4,5,4,2,6,6,-1,-1,-1,-1,-1,-1,-1,-1,-1,-1,-1,-1,-1,-1,226,"environmental planning, transport systems",Urban and Regional Planning
Science,4,5,4,4,5,5,-1,6,6,-1,-1,-1,-1,-1,-1,-1,-1,-1,-1,-1,-1,-1,279,"treatment, cancer",Oncology
Science,6,4,4,1,4,5,-1,6,6,-1,-1,-1,-1,-1,-1,-1,-1,-1,-1,-1,-1,-1,264,"community health, disease prevention",Public Health
Science,4,5,5,6,5,6,-1,4,6,-1,-1,-1,-1,-1,-1,-1,-1,-1,-1,-1,-1,-1,256,"experiments, energy",Physics
Science,4,5,5,5,6,5,-1,6,-1,-1,5,-1,-1,-1,-1,-1,-1,-1,-1,-1,-1,-1,291,"rocks, earth science",Geology
Science,4,5,5,4,6,5,-1,3,-1,4,-1,-1,-1,-1,-1,-1,-1,-1,-1,-1,-1,-1,238,"community outreach, rural advisory services",Agricultural Extension
Art,6,5,4,-1,-1,-1,-1,-1,-1,-1,-1,5,5,6,5,5,-1,4,-1,-1,-1,-1,189,"counselling, human behaviour",Psychology
Art,1,6,5,-1,-1,-1,-1,-1,-1,-1,-1,6,5,5,4,6,-1,-1,-1,5,-1,-1,212,"libraries, historical records",Archival Studies
Art,3,4,6,-1,-1,-1,-1,-1,-1,-1,-1,4,6,6,6,5,-1,-1,5,-1,-1,-1,194,"user experience, user interface",UI/UX Design
Art,2,6,4,-1,-1,-1,-1,-1,-1,-1,-1,4,6,5,5,6,4,-1,-1,-1,-1,-1,175,"mobile apps, digital products",UI/UX Design
Commercial,6,6,6,-1,-1,-1,-1,-1,-1,-1,-1,6,5,-1,4,-1,-1,-1,-1,-1,6,4,273,"branding, sales strategies",Marketing
Science,4,5,4,4,5,2,-1,6,-1,-1,-1,-1,-1,-1,-1,-1,-1,-1,-1,-1,-1,-1,235,"hacking, security",Cyber Security
Science,5,4,5,6,4,1,5,5,-1,-1,-1,-1,-1,-1,-1,-1,-1,-1,-1,-1,-1,-1,287,"engines, robotics",Mechanical Engineering
Science,5,5,6,6,6,3,5,6,-1,-1,-1,-1,-1,-1,-1,-1,-1,-1,-1,-1,-1,-1,251,"building estimation, project budgeting",Quantity Surveying
Science,6,5,5,4,6,4,-1,6,5,-1,-1,-1,-1,-1,-1,-1,-1,-1,-1,-1,-1,-1,259,"laboratory, medication",Pharmacy
Science,4,5,4,1,4,4,-1,5,6,-1,-1,-1,-1,-1,-1,-1,-1,-1,-1,-1,-1,-1,259,"food, health diet",Nutrition and Dietetics
Science,4,4,5,5,6,6,-1,6,4,-1,-1,-1,-1,-1,-1,-1,-1,-1,-1,-1,-1,-1,289,"probability, data analysis",Statistics
Science,5,6,6,4,5,6,-1,5,-1,-1,6,-1,-1,-1,-1,-1,-1,-1,-1,-1,-1,-1,262,"seismology, earth structure",Geophysics
Science,5,5,6,4,5,5,-1,2,-1,6,-1,-1,-1,-1,-1,-1,-1,-1,-1,-1,-1,-1,296,"animal breeding, livestock farming",Animal Science
Art,5,4,5,-1,-1,-1,-1,-1,-1,-1,-1,4,4,6,6,5,-1,6,-1,-1,-1,-1,167,"community development, social behavior",Sociology
Art,1,6,4,-1,-1,-1,-1,-1,-1,-1,-1,6,4,6,5,6,-1,-1,-1,5,-1,-1,208,"libraries, record keeping",Archival Studies
Art,2,6,5,-1,-1,-1,-1,-1,-1,-1,-1,6,6,5,4,6,-1,-1,4,-1,-1,-1,148,"home aesthetics, furniture",Interior Design
Art,1,6,4,-1,-1,-1,-1,-1,-1,-1,-1,6,5,6,5,5,6,-1,-1,-1,-1,-1,149,"space planning, furniture",Interior Design
Commercial,4,6,5,-1,-1,-1,-1,-1,-1,-1,-1,4,5,-1,4,-1,-1,-1,-1,-1,6,5,323,"procurement, distribution",Supply Chain Management
Science,5,5,6,4,6,1,-1,6,-1,-1,-1,-1,-1,-1,-1,-1,-1,-1,-1,-1,-1,-1,238,"analysis, data",Data Science
Science,6,6,5,4,6,2,4,4,-1,-1,-1,-1,-1,-1,-1,-1,-1,-1,-1,-1,-1,-1,270,"flight, space",Aerospace Engineering
Science,6,5,6,5,5,3,5,4,-1,-1,-1,-1,-1,-1,-1,-1,-1,-1,-1,-1,-1,-1,283,"project budgeting, building estimation",Quantity Surveying
Science,4,6,6,6,6,4,-1,6,4,-1,-1,-1,-1,-1,-1,-1,-1,-1,-1,-1,-1,-1,301,"vision, eyes",Optometry
Science,4,6,6,1,4,5,-1,5,4,-1,-1,-1,-1,-1,-1,-1,-1,-1,-1,-1,-1,-1,264,"community health, disease prevention",Public Health
Science,5,4,5,6,6,5,-1,6,6,-1,-1,-1,-1,-1,-1,-1,-1,-1,-1,-1,-1,-1,278,"probability, data analysis",Statistics
Science,4,6,4,5,6,6,-1,6,-1,-1,5,-1,-1,-1,-1,-1,-1,-1,-1,-1,-1,-1,244,"rocks, earth science",Geology
Science,6,6,6,4,4,5,-1,3,-1,5,-1,-1,-1,-1,-1,-1,-1,-1,-1,-1,-1,-1,261,"seafood production, aquatic life",Fisheries and Aquaculture
Art,5,4,4,-1,-1,-1,-1,-1,-1,-1,-1,5,5,6,4,5,-1,6,-1,-1,-1,-1,228,"social justice, community service",Human Rights and Advocacy
Art,2,5,4,-1,-1,-1,-1,-1,-1,-1,-1,4,5,6,5,6,-1,-1,-1,4,-1,-1,173,"record keeping, historical records",Archival Studies
Art,1,6,6,-1,-1,-1,-1,-1,-1,-1,-1,5,5,6,6,6,-1,-1,6,-1,-1,-1,166,"textiles, clothing",Fashion Design
Art,3,4,4,-1,-1,-1,-1,-1,-1,-1,-1,5,5,5,5,5,5,-1,-1,-1,-1,-1,188,"clothing, textiles",Fashion Design
Commercial,6,5,4,-1,-1,-1,-1,-1,-1,-1,-1,6,4,-1,4,-1,-1,-1,-1,-1,5,5,301,"business startup, problem solving",Entrepreneurship
Science,6,5,5,4,4,2,-1,4,-1,-1,-1,-1,-1,-1,-1,-1,-1,-1,-1,-1,-1,-1,236,"data, analysis",Data Science
Science,6,6,6,6,6,3,4,5,-1,-1,-1,-1,-1,-1,-1,-1,-1,-1,-1,-1,-1,-1,258,"vehicles, engines",Automotive Engineering
Science,6,5,6,5,4,2,5,6,-1,-1,-1,-1,-1,-1,-1,-1,-1,-1,-1,-1,-1,-1,272,"real estate, facility management",Estate Management
Science,4,4,5,6,6,5,-1,5,5,-1,-1,-1,-1,-1,-1,-1,-1,-1,-1,-1,-1,-1,267,"medical science, human body",Anatomy
Science,6,5,5,2,6,4,-1,4,6,-1,-1,-1,-1,-1,-1,-1,-1,-1,-1,-1,-1,-1,229,"community health, disease prevention",Public Health
Science,5,5,4,5,6,5,-1,5,5,-1,-1,-1,-1,-1,-1,-1,-1,-1,-1,-1,-1,-1,302,"nature, life science",Biology
Science,5,4,6,5,4,5,-1,6,-1,-1,4,-1,-1,-1,-1,-1,-1,-1,-1,-1,-1,-1,318,"environment, climate",Environmental Science
Science,4,6,6,5,4,6,-1,2,-1,4,-1,-1,-1,-1,-1,-1,-1,-1,-1,-1,-1,-1,276,"soil testing, land management",Soil Science
Art,4,6,6,-1,-1,-1,-1,-1,-1,-1,-1,4,5,6,6,5,-1,5,-1,-1,-1,-1,165,"cultural studies, community development",Sociology
Art,1,4,5,-1,-1,-1,-1,-1,-1,-1,-1,6,4,6,5,5,-1,-1,-1,4,-1,-1,180,"problem solving, data gathering",Research and Policy Analysis
Art,2,5,4,-1,-1,-1,-1,-1,-1,-1,-1,5,5,5,6,6,-1,-1,6,-1,-1,-1,171,"clothing, fashion trends",Fashion Design
Art,2,5,6,-1,-1,-1,-1,-1,-1,-1,-1,6,4,6,6,5,4,-1,-1,-1,-1,-1,177,"clothing, drawing outfits",Fashion Design
Commercial,4,6,4,-1,-1,-1,-1,-1,-1,-1,-1,6,4,-1,5,-1,-1,-1,-1,-1,5,6,254,"business management, office administration",Business Administration
Science,6,6,6,6,5,2,-1,6,-1,-1,-1,-1,-1,-1,-1,-1,-1,-1,-1,-1,-1,-1,246,"networks, communication systems",Network Engineering
Science,6,5,5,6,4,1,5,6,-1,-1,-1,-1,-1,-1,-1,-1,-1,-1,-1,-1,-1,-1,290,"gas, drilling",Petroleum Engineering
Science,6,4,4,6,4,2,5,5,-1,-1,-1,-1,-1,-1,-1,-1,-1,-1,-1,-1,-1,-1,279,"cost analysis, construction costs",Quantity Surveying
Science,4,4,4,5,5,4,-1,5,5,-1,-1,-1,-1,-1,-1,-1,-1,-1,-1,-1,-1,-1,292,"imaging, diagnosis",Radiology
Science,5,5,4,3,6,4,-1,6,5,-1,-1,-1,-1,-1,-1,-1,-1,-1,-1,-1,-1,-1,228,"community health, disease prevention",Public Health
Science,4,5,5,4,4,4,-1,5,4,-1,-1,-1,-1,-1,-1,-1,-1,-1,-1,-1,-1,-1,292,"lab work, biological molecules",Biochemistry
Science,5,5,5,4,6,4,-1,5,-1,-1,5,-1,-1,-1,-1,-1,-1,-1,-1,-1,-1,-1,290,"earth science, rocks",Geology
Science,6,4,4,4,6,6,-1,2,-1,6,-1,-1,-1,-1,-1,-1,-1,-1,-1,-1,-1,-1,278,"tree planting, wildlife management",Forestry
Art,5,6,6,-1,-1,-1,-1,-1,-1,-1,-1,4,4,4,5,4,-1,4,-1,-1,-1,-1,213,"migration patterns, population studies",Demography
Art,1,4,6,-1,-1,-1,-1,-1,-1,-1,-1,6,6,5,4,6,-1,-1,-1,6,-1,-1,211,"documentation, historical records",Archival Studies
Art,1,5,4,-1,-1,-1,-1,-1,-1,-1,-1,5,4,6,6,6,-1,-1,5,-1,-1,-1,179,"room decoration, furniture",Interior Design
Art,3,4,6,-1,-1,-1,-1,-1,-1,-1,-1,5,5,6,4,6,4,-1,-1,-1,-1,-1,220,"room decoration, furniture",Interior Design
Commercial,6,6,6,-1,-1,-1,-1,-1,-1,-1,-1,6,5,-1,4,-1,-1,-1,-1,-1,6,5,289,"task management, projects",Project Management
Science,5,4,5,6,5,1,-1,6,-1,-1,-1,-1,-1,-1,-1,-1,-1,-1,-1,-1,-1,-1,214,"security, hacking",Cyber Security
Science,4,6,6,4,6,3,6,6,-1,-1,-1,-1,-1,-1,-1,-1,-1,-1,-1,-1,-1,-1,239,"marine systems, ships",Marine Engineering
Science,4,5,6,6,4,3,6,6,-1,-1,-1,-1,-1,-1,-1,-1,-1,-1,-1,-1,-1,-1,267,"environmental planning, city development",Urban and Regional Planning
Science,6,5,4,5,6,4,-1,5,6,-1,-1,-1,-1,-1,-1,-1,-1,-1,-1,-1,-1,-1,280,"diagnosis, laboratory",Medical Laboratory Science
Science,6,6,6,1,4,5,-1,5,5,-1,-1,-1,-1,-1,-1,-1,-1,-1,-1,-1,-1,-1,240,"health diet, food",Nutrition and Dietetics
Science,5,6,5,4,5,6,-1,4,5,-1,-1,-1,-1,-1,-1,-1,-1,-1,-1,-1,-1,-1,285,"logic, theory",Mathematics
Science,5,4,5,4,5,6,-1,4,-1,-1,4,-1,-1,-1,-1,-1,-1,-1,-1,-1,-1,-1,227,"marine life, oceans",Marine Science
Science,5,5,4,4,4,4,-1,1,-1,6,-1,-1,-1,-1,-1,-1,-1,-1,-1,-1,-1,-1,222,"fish farming, aquatic life",Fisheries and Aquaculture
Art,5,5,6,-1,-1,-1,-1,-1,-1,-1,-1,6,5,6,5,6,-1,4,-1,-1,-1,-1,194,"cultural studies, community development",Sociology
Art,3,6,6,-1,-1,-1,-1,-1,-1,-1,-1,6,4,4,6,5,-1,-1,-1,6,-1,-1,229,"travel, culture",Tourism and Hospitality
Art,1,4,6,-1,-1,-1,-1,-1,-1,-1,-1,6,4,5,4,4,-1,-1,4,-1,-1,-1,181,"digital products, user interface",UI/UX Design
Art,3,4,4,-1,-1,-1,-1,-1,-1,-1,-1,5,5,5,5,5,5,-1,-1,-1,-1,-1,194,"user interface, digital products",UI/UX Design
Commercial,5,6,6,-1,-1,-1,-1,-1,-1,-1,-1,5,5,-1,4,-1,-1,-1,-1,-1,5,5,322,"financial records, bookkeeping",Accounting
Science,4,5,6,5,4,3,-1,5,-1,-1,-1,-1,-1,-1,-1,-1,-1,-1,-1,-1,-1,-1,262,"hacking, security",Cyber Security
Science,5,6,5,4,5,2,4,6,-1,-1,-1,-1,-1,-1,-1,-1,-1,-1,-1,-1,-1,-1,277,"medical devices, health technology",Biomedical Engineering
Science,6,4,5,6,5,1,5,6,-1,-1,-1,-1,-1,-1,-1,-1,-1,-1,-1,-1,-1,-1,272,"city development, environmental planning",Urban and Regional Planning
Science,4,4,4,6,4,5,-1,5,5,-1,-1,-1,-1,-1,-1,-1,-1,-1,-1,-1,-1,-1,293,"health science, body functions",Physiology
Science,5,5,6,3,4,5,-1,4,5,-1,-1,-1,-1,-1,-1,-1,-1,-1,-1,-1,-1,-1,258,"food, health diet",Nutrition and Dietetics
Science,6,4,6,4,5,5,-1,4,4,-1,-1,-1,-1,-1,-1,-1,-1,-1,-1,-1,-1,-1,243,"research, technology",Applied Physics
Science,5,5,6,5,6,5,-1,4,-1,-1,6,-1,-1,-1,-1,-1,-1,-1,-1,-1,-1,-1,242,"climate, environment",Environmental Science
Science,6,6,5,6,5,4,-1,1,-1,4,-1,-1,-1,-1,-1,-1,-1,-1,-1,-1,-1,-1,268,"crop management, farming",Agronomy
Art,6,4,4,-1,-1,-1,-1,-1,-1,-1,-1,5,4,4,4,4,-1,4,-1,-1,-1,-1,189,"news reporting, media",Journalism and Media Studies
Art,1,4,4,-1,-1,-1,-1,-1,-1,-1,-1,6,4,6,5,4,-1,-1,-1,6,-1,-1,188,"culture, history preservation",Museum and Heritage Studies
Art,2,4,6,-1,-1,-1,-1,-1,-1,-1,-1,5,5,4,6,4,-1,-1,6,-1,-1,-1,166,"ui design, website layouts",Web Design
Art,2,5,4,-1,-1,-1,-1,-1,-1,-1,-1,4,6,5,4,4,5,-1,-1,-1,-1,-1,188,"website layouts, creative coding",Web Design
Commercial,5,4,4,-1,-1,-1,-1,-1,-1,-1,-1,6,5,-1,6,-1,-1,-1,-1,-1,6,5,305,"staff management, recruitment",Human Resource Management
Science,5,4,4,6,4,3,-1,5,-1,-1,-1,-1,-1,-1,-1,-1,-1,-1,-1,-1,-1,-1,251,"security, network protection",Cyber Security
Science,4,6,4,5,6,3,4,6,-1,-1,-1,-1,-1,-1,-1,-1,-1,-1,-1,-1,-1,-1,265,"health technology, medical devices",Biomedical Engineering
Science,4,5,5,6,6,2,4,6,-1,-1,-1,-1,-1,-1,-1,-1,-1,-1,-1,-1,-1,-1,289,"AutoCad, design",Architecture
Science,4,5,4,6,6,6,-1,4,4,-1,-1,-1,-1,-1,-1,-1,-1,-1,-1,-1,-1,-1,293,"body functions, health science",Physiology
Science,6,6,4,1,4,6,-1,4,5,-1,-1,-1,-1,-1,-1,-1,-1,-1,-1,-1,-1,-1,229,"health diet, food",Nutrition and Dietetics
Science,6,5,5,4,4,4,-1,5,4,-1,-1,-1,-1,-1,-1,-1,-1,-1,-1,-1,-1,-1,255,"probability, data analysis",Statistics
Science,4,6,6,5,5,4,-1,6,-1,-1,6,-1,-1,-1,-1,-1,-1,-1,-1,-1,-1,-1,280,"environment, climate",Environmental Science
Science,5,5,4,4,5,5,-1,2,-1,5,-1,-1,-1,-1,-1,-1,-1,-1,-1,-1,-1,-1,249,"fish farming, pond management",Fisheries and Aquaculture
Art,5,4,4,-1,-1,-1,-1,-1,-1,-1,-1,6,5,6,5,6,-1,4,-1,-1,-1,-1,193,"birth rates, population studies",Demography
Art,3,5,5,-1,-1,-1,-1,-1,-1,-1,-1,5,5,5,5,5,-1,-1,-1,6,-1,-1,214,"ancient civilization, historical artifacts",Archaeology
Art,2,6,6,-1,-1,-1,-1,-1,-1,-1,-1,4,4,5,6,6,-1,-1,6,-1,-1,-1,150,"portraits, creative visuals",Photography
Art,1,5,6,-1,-1,-1,-1,-1,-1,-1,-1,5,4,4,4,6,5,-1,-1,-1,-1,-1,219,"editing photos, creative visuals",Photography
Commercial,6,4,5,-1,-1,-1,-1,-1,-1,-1,-1,4,4,-1,6,-1,-1,-1,-1,-1,4,5,249,"bookkeeping, financial records",Accounting
Science,4,6,5,6,6,3,-1,4,-1,-1,-1,-1,-1,-1,-1,-1,-1,-1,-1,-1,-1,-1,214,"coding, software",Computer Science
Science,4,4,4,5,5,1,4,5,-1,-1,-1,-1,-1,-1,-1,-1,-1,-1,-1,-1,-1,-1,269,"electronics, power systems",Electrical Engineering
Science,6,6,6,6,5,1,5,5,-1,-1,-1,-1,-1,-1,-1,-1,-1,-1,-1,-1,-1,-1,237,"real estate, facility management",Estate Management
Science,4,6,4,4,6,6,-1,5,6,-1,-1,-1,-1,-1,-1,-1,-1,-1,-1,-1,-1,-1,291,"veterinary care, animals",Veterinary Medicine
Science,6,6,6,2,5,6,-1,6,6,-1,-1,-1,-1,-1,-1,-1,-1,-1,-1,-1,-1,-1,268,"health diet, food",Nutrition and Dietetics
Science,6,4,4,6,5,6,-1,5,6,-1,-1,-1,-1,-1,-1,-1,-1,-1,-1,-1,-1,-1,259,"motion, energy",Physics
Science,4,5,4,5,4,4,-1,4,-1,-1,4,-1,-1,-1,-1,-1,-1,-1,-1,-1,-1,-1,296,"oceans, marine life",Marine Science
Science,6,5,5,4,4,4,-1,1,-1,4,-1,-1,-1,-1,-1,-1,-1,-1,-1,-1,-1,-1,239,"environmental protection, wildlife management",Forestry
Art,4,5,4,-1,-1,-1,-1,-1,-1,-1,-1,5,4,5,5,5,-1,4,-1,-1,-1,-1,197,"government, politics",Political Science
Art,1,4,4,-1,-1,-1,-1,-1,-1,-1,-1,5,5,6,6,4,-1,-1,-1,5,-1,-1,206,"history preservation, heritage",Museum and Heritage Studies
Art,2,5,6,-1,-1,-1,-1,-1,-1,-1,-1,6,6,4,5,4,-1,-1,4,-1,-1,-1,208,"fashion trends, drawing outfits",Fashion Design
Art,2,4,4,-1,-1,-1,-1,-1,-1,-1,-1,6,6,6,6,6,6,-1,-1,-1,-1,-1,199,"drawing outfits, clothing",Fashion Design
Commercial,4,6,4,-1,-1,-1,-1,-1,-1,-1,-1,4,6,-1,5,-1,-1,-1,-1,-1,6,6,313,"business management, organizational planning",Business Administration
Science,5,6,6,5,5,1,-1,6,-1,-1,-1,-1,-1,-1,-1,-1,-1,-1,-1,-1,-1,-1,279,"networks, internet",Network Engineering
Science,4,6,6,6,4,1,6,6,-1,-1,-1,-1,-1,-1,-1,-1,-1,-1,-1,-1,-1,-1,275,"chemicals, production",Chemical Engineering
Science,6,4,4,6,5,1,4,5,-1,-1,-1,-1,-1,-1,-1,-1,-1,-1,-1,-1,-1,-1,263,"building estimation, cost analysis",Quantity Surveying
Science,4,5,4,5,4,6,-1,4,4,-1,-1,-1,-1,-1,-1,-1,-1,-1,-1,-1,-1,-1,305,"medical imaging, x_ray",Radiography
Science,4,5,4,1,6,5,-1,4,4,-1,-1,-1,-1,-1,-1,-1,-1,-1,-1,-1,-1,-1,278,"community health, disease prevention",Public Health
Science,6,4,6,5,6,5,-1,5,4,-1,-1,-1,-1,-1,-1,-1,-1,-1,-1,-1,-1,-1,297,"nature, life science",Biology
Science,4,5,4,6,6,4,-1,4,-1,-1,6,-1,-1,-1,-1,-1,-1,-1,-1,-1,-1,-1,300,"rocks, earth science",Geology
Science,4,5,6,6,6,4,-1,3,-1,6,-1,-1,-1,-1,-1,-1,-1,-1,-1,-1,-1,-1,302,"aquatic life, pond management",Fisheries and Aquaculture
Art,5,5,4,-1,-1,-1,-1,-1,-1,-1,-1,4,5,5,5,4,-1,6,-1,-1,-1,-1,226,"social justice, community service",Human Rights and Advocacy
Art,3,6,6,-1,-1,-1,-1,-1,-1,-1,-1,4,6,6,4,4,-1,-1,-1,6,-1,-1,225,"tourism, culture",Museum and Heritage Studies
Art,3,6,6,-1,-1,-1,-1,-1,-1,-1,-1,6,6,6,4,4,-1,-1,6,-1,-1,-1,189,"branding, posters",Graphics Design
Art,3,4,6,-1,-1,-1,-1,-1,-1,-1,-1,5,6,5,5,5,6,-1,-1,-1,-1,-1,177,"posters, branding",Graphics Design
Commercial,4,6,5,-1,-1,-1,-1,-1,-1,-1,-1,4,6,-1,5,-1,-1,-1,-1,-1,4,6,291,"procurement, inventory management",Supply Chain Management
Science,4,4,5,6,6,2,-1,4,-1,-1,-1,-1,-1,-1,-1,-1,-1,-1,-1,-1,-1,-1,263,"network protection, hacking",Cyber Security
Science,5,4,6,4,5,3,5,5,-1,-1,-1,-1,-1,-1,-1,-1,-1,-1,-1,-1,-1,-1,283,"automobiles, engines",Automotive Engineering
Science,4,5,4,5,4,2,4,4,-1,-1,-1,-1,-1,-1,-1,-1,-1,-1,-1,-1,-1,-1,281,"property management, real estate",Estate Management
Science,6,4,6,6,6,6,-1,4,4,-1,-1,-1,-1,-1,-1,-1,-1,-1,-1,-1,-1,-1,310,"health science, body functions",Physiology
Science,4,6,6,2,4,6,-1,6,5,-1,-1,-1,-1,-1,-1,-1,-1,-1,-1,-1,-1,-1,257,"community health, disease prevention",Public Health
Science,4,4,4,6,5,5,-1,4,5,-1,-1,-1,-1,-1,-1,-1,-1,-1,-1,-1,-1,-1,264,"laboratory, reactions",Chemistry
Science,6,6,4,5,5,6,-1,5,-1,-1,6,-1,-1,-1,-1,-1,-1,-1,-1,-1,-1,-1,254,"oceans, marine life",Marine Science
Science,4,5,4,6,5,4,-1,2,-1,4,-1,-1,-1,-1,-1,-1,-1,-1,-1,-1,-1,-1,300,"crop management, crops",Agronomy
Art,6,6,6,-1,-1,-1,-1,-1,-1,-1,-1,5,6,5,4,5,-1,5,-1,-1,-1,-1,209,"criminal justice, crime investigation",Criminology
Art,3,6,5,-1,-1,-1,-1,-1,-1,-1,-1,5,4,6,4,6,-1,-1,-1,6,-1,-1,213,"documentation, record keeping",Archival Studies
Art,1,4,5,-1,-1,-1,-1,-1,-1,-1,-1,4,5,5,5,4,-1,-1,5,-1,-1,-1,166,"space planning, home aesthetics",Interior Design
Art,3,4,5,-1,-1,-1,-1,-1,-1,-1,-1,6,4,5,6,4,6,-1,-1,-1,-1,-1,210,"room decoration, home aesthetics",Interior Design
Commercial,4,5,4,-1,-1,-1,-1,-1,-1,-1,-1,5,4,-1,6,-1,-1,-1,-1,-1,6,5,330,"advertising, branding",Marketing
Science,4,5,5,6,6,1,-1,6,-1,-1,-1,-1,-1,-1,-1,-1,-1,-1,-1,-1,-1,-1,213,"automation, machine learning",Artificial Intelligence
Science,4,6,5,5,4,2,6,6,-1,-1,-1,-1,-1,-1,-1,-1,-1,-1,-1,-1,-1,-1,232,"mechanics, robotics",Mechanical Engineering
Science,6,5,4,6,5,1,5,6,-1,-1,-1,-1,-1,-1,-1,-1,-1,-1,-1,-1,-1,-1,256,"community planning, environmental planning",Urban and Regional Planning
Science,6,5,4,4,4,4,-1,6,6,-1,-1,-1,-1,-1,-1,-1,-1,-1,-1,-1,-1,-1,255,"diagnosis, imaging",Radiology
Science,5,5,4,2,4,6,-1,6,4,-1,-1,-1,-1,-1,-1,-1,-1,-1,-1,-1,-1,-1,252,"community health, disease prevention",Public Health
Science,6,4,6,4,6,6,-1,6,4,-1,-1,-1,-1,-1,-1,-1,-1,-1,-1,-1,-1,-1,288,"chemical production, industry",Industrial Chemistry
Science,6,5,4,4,4,4,-1,6,-1,-1,5,-1,-1,-1,-1,-1,-1,-1,-1,-1,-1,-1,270,"oceans, marine life",Marine Science
Science,4,4,5,5,5,5,-1,3,-1,6,-1,-1,-1,-1,-1,-1,-1,-1,-1,-1,-1,-1,279,"flower cultivation, landscaping",Horticulture
Art,5,4,6,-1,-1,-1,-1,-1,-1,-1,-1,4,6,6,5,6,-1,5,-1,-1,-1,-1,174,"crime investigation, law enforcement",Criminology
Art,2,4,5,-1,-1,-1,-1,-1,-1,-1,-1,5,5,5,5,4,-1,-1,-1,5,-1,-1,193,"travel, culture",Tourism and Hospitality
Art,3,5,4,-1,-1,-1,-1,-1,-1,-1,-1,4,4,4,6,6,-1,-1,6,-1,-1,-1,220,"space planning, furniture",Interior Design
Art,1,5,5,-1,-1,-1,-1,-1,-1,-1,-1,5,4,5,5,6,5,-1,-1,-1,-1,-1,153,"space planning, furniture",Interior Design
Commercial,5,4,6,-1,-1,-1,-1,-1,-1,-1,-1,6,4,-1,4,-1,-1,-1,-1,-1,6,6,295,"recruitment, workplace development",Human Resource Management
Science,4,4,4,6,5,2,-1,4,-1,-1,-1,-1,-1,-1,-1,-1,-1,-1,-1,-1,-1,-1,225,"machine learning, AI",Artificial Intelligence
Science,4,5,5,5,4,2,4,5,-1,-1,-1,-1,-1,-1,-1,-1,-1,-1,-1,-1,-1,-1,261,"materials, structures",Materials Engineering
Science,5,5,5,6,5,2,5,4,-1,-1,-1,-1,-1,-1,-1,-1,-1,-1,-1,-1,-1,-1,281,"construction costs, project budgeting",Quantity Surveying
Science,6,6,5,5,5,6,-1,6,5,-1,-1,-1,-1,-1,-1,-1,-1,-1,-1,-1,-1,-1,304,"medicine, healthcare",Medicine and Surgery
Science,6,6,6,2,6,6,-1,4,5,-1,-1,-1,-1,-1,-1,-1,-1,-1,-1,-1,-1,-1,252,"food, health diet",Nutrition and Dietetics
Science,5,4,6,4,5,5,-1,5,5,-1,-1,-1,-1,-1,-1,-1,-1,-1,-1,-1,-1,-1,299,"laboratory, reactions",Chemistry
Science,6,4,5,5,4,6,-1,6,-1,-1,5,-1,-1,-1,-1,-1,-1,-1,-1,-1,-1,-1,220,"weather, climate",Meteorology
Science,5,5,5,6,6,4,-1,3,-1,6,-1,-1,-1,-1,-1,-1,-1,-1,-1,-1,-1,-1,269,"flower cultivation, landscaping",Horticulture
Art,5,5,6,-1,-1,-1,-1,-1,-1,-1,-1,5,6,4,4,6,-1,6,-1,-1,-1,-1,211,"social justice, advocacy",Human Rights and Advocacy
Art,2,6,4,-1,-1,-1,-1,-1,-1,-1,-1,4,6,5,6,4,-1,-1,-1,6,-1,-1,188,"record keeping, documentation",Archival Studies
Art,1,6,4,-1,-1,-1,-1,-1,-1,-1,-1,4,5,5,6,6,-1,-1,4,-1,-1,-1,142,"cartoons, 3d animation",Animation
Art,3,4,5,-1,-1,-1,-1,-1,-1,-1,-1,5,5,4,6,4,4,-1,-1,-1,-1,-1,150,"3d animation, cartoons",Animation
Commercial,4,5,5,-1,-1,-1,-1,-1,-1,-1,-1,5,5,-1,4,-1,-1,-1,-1,-1,5,5,292,"financial analysis, financial records",Accounting
Science,6,6,4,5,4,3,-1,4,-1,-1,-1,-1,-1,-1,-1,-1,-1,-1,-1,-1,-1,-1,280,"programming, coding",Computer Science
Science,4,6,5,6,5,2,5,6,-1,-1,-1,-1,-1,-1,-1,-1,-1,-1,-1,-1,-1,-1,290,"production, optimization",Industrial Engineering
Science,5,4,5,6,6,2,5,4,-1,-1,-1,-1,-1,-1,-1,-1,-1,-1,-1,-1,-1,-1,243,"cost analysis, building estimation",Quantity Surveying
Science,5,6,6,5,6,4,-1,4,6,-1,-1,-1,-1,-1,-1,-1,-1,-1,-1,-1,-1,-1,300,"laboratory, medication",Pharmacy
Science,6,6,6,3,4,5,-1,5,5,-1,-1,-1,-1,-1,-1,-1,-1,-1,-1,-1,-1,-1,237,"food, health diet",Nutrition and Dietetics
Science,5,5,5,4,5,4,-1,5,4,-1,-1,-1,-1,-1,-1,-1,-1,-1,-1,-1,-1,-1,294,"technology, research",Applied Physics
Science,6,5,5,4,5,4,-1,5,-1,-1,5,-1,-1,-1,-1,-1,-1,-1,-1,-1,-1,-1,236,"earth structure, seismology",Geophysics
Science,4,4,5,5,6,5,-1,2,-1,5,-1,-1,-1,-1,-1,-1,-1,-1,-1,-1,-1,-1,266,"farmer education, agricultural training",Agricultural Extension
Art,6,6,4,-1,-1,-1,-1,-1,-1,-1,-1,5,5,4,4,5,-1,5,-1,-1,-1,-1,163,"justice, debate",Law
Art,1,6,4,-1,-1,-1,-1,-1,-1,-1,-1,4,6,4,6,4,-1,-1,-1,5,-1,-1,230,"history preservation, tourism",Museum and Heritage Studies
Art,3,4,4,-1,-1,-1,-1,-1,-1,-1,-1,6,5,5,4,5,-1,-1,5,-1,-1,-1,156,"creative coding, user experience",Web Design
Art,3,5,4,-1,-1,-1,-1,-1,-1,-1,-1,6,6,5,5,4,5,-1,-1,-1,-1,-1,160,"creative coding, user experience",Web Design
Commercial,6,4,5,-1,-1,-1,-1,-1,-1,-1,-1,4,6,-1,4,-1,-1,-1,-1,-1,5,5,310,"inventory management, logistics",Supply Chain Management
Science,6,5,5,6,6,2,-1,5,-1,-1,-1,-1,-1,-1,-1,-1,-1,-1,-1,-1,-1,-1,268,"security, network protection",Cyber Security
Science,5,4,4,4,5,2,4,5,-1,-1,-1,-1,-1,-1,-1,-1,-1,-1,-1,-1,-1,-1,233,"production, chemicals",Chemical Engineering
Science,6,4,6,5,5,3,4,6,-1,-1,-1,-1,-1,-1,-1,-1,-1,-1,-1,-1,-1,-1,283,"spatial data, mapping",Surveying and Geoinformatics
Science,5,4,4,5,4,4,-1,5,6,-1,-1,-1,-1,-1,-1,-1,-1,-1,-1,-1,-1,-1,266,"human body, medical science",Anatomy
Science,6,4,4,2,4,5,-1,6,4,-1,-1,-1,-1,-1,-1,-1,-1,-1,-1,-1,-1,-1,221,"disease prevention, community health",Public Health
Science,6,4,4,4,4,5,-1,6,4,-1,-1,-1,-1,-1,-1,-1,-1,-1,-1,-1,-1,-1,226,"genetics, bioengineering",Biotechnology
Science,4,6,4,5,4,4,-1,5,-1,-1,5,-1,-1,-1,-1,-1,-1,-1,-1,-1,-1,-1,228,"earth science, rocks",Geology
Science,4,4,4,4,6,6,-1,2,-1,5,-1,-1,-1,-1,-1,-1,-1,-1,-1,-1,-1,-1,281,"soil, farming",Agronomy
Art,5,5,6,-1,-1,-1,-1,-1,-1,-1,-1,6,6,5,4,6,-1,4,-1,-1,-1,-1,219,"politics, global affairs",International Relations
Art,1,5,5,-1,-1,-1,-1,-1,-1,-1,-1,4,4,4,6,5,-1,-1,-1,6,-1,-1,218,"heritage, tourism",Museum and Heritage Studies
Art,1,5,6,-1,-1,-1,-1,-1,-1,-1,-1,4,4,6,6,6,-1,-1,5,-1,-1,-1,161,"fashion trends, clothing",Fashion Design
Art,1,6,6,-1,-1,-1,-1,-1,-1,-1,-1,5,4,4,6,5,6,-1,-1,-1,-1,-1,195,"textiles, clothing",Fashion Design
Commercial,5,6,4,-1,-1,-1,-1,-1,-1,-1,-1,6,6,-1,4,-1,-1,-1,-1,-1,5,6,254,"business oppurtunities, innovation",Entrepreneurship
Science,4,5,6,6,4,3,-1,4,-1,-1,-1,-1,-1,-1,-1,-1,-1,-1,-1,-1,-1,-1,210,"AI, machine learning",Artificial Intelligence
Science,4,5,4,5,5,1,6,5,-1,-1,-1,-1,-1,-1,-1,-1,-1,-1,-1,-1,-1,-1,249,"metals, materials",Materials Engineering
Science,4,4,6,5,6,2,5,6,-1,-1,-1,-1,-1,-1,-1,-1,-1,-1,-1,-1,-1,-1,242,"community planning, environmental planning",Urban and Regional Planning
Science,5,6,4,4,6,6,-1,6,5,-1,-1,-1,-1,-1,-1,-1,-1,-1,-1,-1,-1,-1,262,"treatment, healthcare",Medicine and Surgery
Science,6,5,4,1,5,6,-1,6,5,-1,-1,-1,-1,-1,-1,-1,-1,-1,-1,-1,-1,-1,225,"community health, disease prevention",Public Health
Science,4,6,5,4,4,6,-1,4,6,-1,-1,-1,-1,-1,-1,-1,-1,-1,-1,-1,-1,-1,301,"motion, energy",Physics
Science,4,6,5,6,4,5,-1,5,-1,-1,4,-1,-1,-1,-1,-1,-1,-1,-1,-1,-1,-1,240,"earth structure, seismology",Geophysics
Science,6,5,5,5,6,6,-1,2,-1,5,-1,-1,-1,-1,-1,-1,-1,-1,-1,-1,-1,-1,264,"crop cultivation, farming",Agricultural Science
Art,4,5,5,-1,-1,-1,-1,-1,-1,-1,-1,6,5,5,5,5,-1,5,-1,-1,-1,-1,230,"birth rates, population studies",Demography
Art,2,6,5,-1,-1,-1,-1,-1,-1,-1,-1,6,5,6,5,6,-1,-1,-1,4,-1,-1,229,"tourism, heritage",Museum and Heritage Studies
Art,3,5,4,-1,-1,-1,-1,-1,-1,-1,-1,6,6,5,6,5,-1,-1,5,-1,-1,-1,157,"editing photos, portraits",Photography
Art,1,6,4,-1,-1,-1,-1,-1,-1,-1,-1,6,4,6,5,5,6,-1,-1,-1,-1,-1,142,"taking pictures, editing photos",Photography
Commercial,5,5,4,-1,-1,-1,-1,-1,-1,-1,-1,4,4,-1,4,-1,-1,-1,-1,-1,6,5,274,"insurance mathematics, data modelling",Actuarial Science
Science,5,6,4,4,5,2,-1,4,-1,-1,-1,-1,-1,-1,-1,-1,-1,-1,-1,-1,-1,-1,210,"software integration, hardware",Computer Engineering
Science,5,5,5,5,4,1,4,4,-1,-1,-1,-1,-1,-1,-1,-1,-1,-1,-1,-1,-1,-1,230,"aircraft, space",Aerospace Engineering
Science,5,6,5,4,4,1,5,5,-1,-1,-1,-1,-1,-1,-1,-1,-1,-1,-1,-1,-1,-1,221,"mapping, land measurement",Surveying and Geoinformatics
Science,4,6,4,5,5,4,-1,6,5,-1,-1,-1,-1,-1,-1,-1,-1,-1,-1,-1,-1,-1,251,"movement, rehabilitation",Physiotherapy
Science,6,4,5,3,4,6,-1,6,4,-1,-1,-1,-1,-1,-1,-1,-1,-1,-1,-1,-1,-1,278,"disease prevention, community health",Public Health
Science,5,4,4,6,5,6,-1,6,5,-1,-1,-1,-1,-1,-1,-1,-1,-1,-1,-1,-1,-1,294,"genetics, bioengineering",Biotechnology
Science,4,6,6,5,5,6,-1,5,-1,-1,5,-1,-1,-1,-1,-1,-1,-1,-1,-1,-1,-1,235,"weather, climate",Meteorology
Science,6,6,4,6,5,5,-1,1,-1,5,-1,-1,-1,-1,-1,-1,-1,-1,-1,-1,-1,-1,317,"food production, farming",Agricultural Science
Art,5,6,5,-1,-1,-1,-1,-1,-1,-1,-1,6,5,4,6,6,-1,6,-1,-1,-1,-1,194,"leadership, government",Political Science
Art,2,6,6,-1,-1,-1,-1,-1,-1,-1,-1,6,6,4,5,5,-1,-1,-1,6,-1,-1,223,"research, data gathering",Research and Policy Analysis
Art,3,4,6,-1,-1,-1,-1,-1,-1,-1,-1,5,6,4,4,4,-1,-1,5,-1,-1,-1,184,"ui design, creative coding",Web Design
Art,1,6,6,-1,-1,-1,-1,-1,-1,-1,-1,6,4,5,4,4,4,-1,-1,-1,-1,-1,205,"website layouts, ui design",Web Design
Commercial,5,6,5,-1,-1,-1,-1,-1,-1,-1,-1,6,4,-1,4,-1,-1,-1,-1,-1,6,5,331,"auditing, bookkeeping",Accounting
Science,6,5,5,4,4,3,-1,4,-1,-1,-1,-1,-1,-1,-1,-1,-1,-1,-1,-1,-1,-1,263,"computers, support",Information Technology
Science,6,4,4,4,5,1,5,5,-1,-1,-1,-1,-1,-1,-1,-1,-1,-1,-1,-1,-1,-1,261,"systems, robots",Mechatronics Engineering
Science,6,4,4,6,5,3,6,4,-1,-1,-1,-1,-1,-1,-1,-1,-1,-1,-1,-1,-1,-1,264,"project budgeting, cost analysis",Quantity Surveying
Science,6,5,4,6,4,6,-1,4,6,-1,-1,-1,-1,-1,-1,-1,-1,-1,-1,-1,-1,-1,308,"treatment, cancer",Oncology
Science,4,4,5,2,6,4,-1,4,5,-1,-1,-1,-1,-1,-1,-1,-1,-1,-1,-1,-1,-1,288,"community health, disease prevention",Public Health
Science,6,6,4,5,4,5,-1,5,5,-1,-1,-1,-1,-1,-1,-1,-1,-1,-1,-1,-1,-1,236,"computation, modeling",Applied Mathematics
Science,5,5,5,6,4,6,-1,4,-1,-1,4,-1,-1,-1,-1,-1,-1,-1,-1,-1,-1,-1,251,"climate, weather",Meteorology
Science,6,4,6,5,6,5,-1,3,-1,5,-1,-1,-1,-1,-1,-1,-1,-1,-1,-1,-1,-1,243,"fruit production, gardening",Horticulture
Art,5,5,6,-1,-1,-1,-1,-1,-1,-1,-1,6,5,4,5,4,-1,5,-1,-1,-1,-1,166,"media, writing",Journalism and Media Studies
Art,2,5,5,-1,-1,-1,-1,-1,-1,-1,-1,6,6,4,5,4,-1,-1,-1,6,-1,-1,218,"tourism, culture",Museum and Heritage Studies
Art,2,5,6,-1,-1,-1,-1,-1,-1,-1,-1,5,4,6,5,5,-1,-1,5,-1,-1,-1,180,"textiles, fashion trends",Fashion Design
Art,3,6,4,-1,-1,-1,-1,-1,-1,-1,-1,6,5,6,4,6,5,-1,-1,-1,-1,-1,199,"fashion trends, drawing outfits",Fashion Design
Commercial,6,5,5,-1,-1,-1,-1,-1,-1,-1,-1,5,5,-1,4,-1,-1,-1,-1,-1,6,5,317,"tax laws, government finance",Taxation
Science,4,4,4,4,5,2,-1,4,-1,-1,-1,-1,-1,-1,-1,-1,-1,-1,-1,-1,-1,-1,279,"programming, coding",Computer Science
Science,6,5,4,6,4,1,6,4,-1,-1,-1,-1,-1,-1,-1,-1,-1,-1,-1,-1,-1,-1,244,"circuits, power systems",Electrical Engineering
Science,6,5,6,5,5,1,5,6,-1,-1,-1,-1,-1,-1,-1,-1,-1,-1,-1,-1,-1,-1,250,"environmental planning, community planning",Urban and Regional Planning
Science,5,5,6,6,5,6,-1,5,4,-1,-1,-1,-1,-1,-1,-1,-1,-1,-1,-1,-1,-1,293,"laboratory, drugs",Pharmacy
Science,5,5,6,2,6,5,-1,6,5,-1,-1,-1,-1,-1,-1,-1,-1,-1,-1,-1,-1,-1,278,"community health, disease prevention",Public Health
Science,6,5,4,4,6,4,-1,4,4,-1,-1,-1,-1,-1,-1,-1,-1,-1,-1,-1,-1,-1,275,"data analysis, probability",Statistics
Science,6,5,4,5,4,4,-1,6,-1,-1,5,-1,-1,-1,-1,-1,-1,-1,-1,-1,-1,-1,263,"climate, weather",Meteorology
Science,5,5,4,6,6,5,-1,1,-1,6,-1,-1,-1,-1,-1,-1,-1,-1,-1,-1,-1,-1,254,"plant breeding, crop production",Crop Science
Art,6,6,4,-1,-1,-1,-1,-1,-1,-1,-1,6,5,6,4,5,-1,5,-1,-1,-1,-1,182,"debate, justice",Law
Art,3,5,4,-1,-1,-1,-1,-1,-1,-1,-1,4,5,5,5,4,-1,-1,-1,6,-1,-1,213,"heritage, culture",Museum and Heritage Studies
Art,3,6,4,-1,-1,-1,-1,-1,-1,-1,-1,4,5,6,6,5,-1,-1,6,-1,-1,-1,220,"fashion trends, drawing outfits",Fashion Design
Art,2,6,6,-1,-1,-1,-1,-1,-1,-1,-1,5,5,4,6,4,4,-1,-1,-1,-1,-1,213,"textiles, drawing outfits",Fashion Design
Commercial,6,4,4,-1,-1,-1,-1,-1,-1,-1,-1,6,4,-1,6,-1,-1,-1,-1,-1,5,5,336,"money management, banking",Banking and Finance
Science,5,6,5,4,4,3,-1,5,-1,-1,-1,-1,-1,-1,-1,-1,-1,-1,-1,-1,-1,-1,267,"communication systems, internet",Network Engineering
Science,6,5,4,4,5,1,4,5,-1,-1,-1,-1,-1,-1,-1,-1,-1,-1,-1,-1,-1,-1,264,"metals, materials",Materials Engineering
Science,6,6,4,4,5,1,6,6,-1,-1,-1,-1,-1,-1,-1,-1,-1,-1,-1,-1,-1,-1,282,"city development, environmental planning",Urban and Regional Planning
Science,5,6,4,4,4,4,-1,6,5,-1,-1,-1,-1,-1,-1,-1,-1,-1,-1,-1,-1,-1,276,"health science, body functions",Physiology
Science,5,5,6,1,4,4,-1,6,4,-1,-1,-1,-1,-1,-1,-1,-1,-1,-1,-1,-1,-1,276,"disease prevention, community health",Public Health
Science,5,6,6,4,5,5,-1,5,4,-1,-1,-1,-1,-1,-1,-1,-1,-1,-1,-1,-1,-1,280,"motion, experiments",Physics
Science,6,4,6,5,5,4,-1,4,-1,-1,6,-1,-1,-1,-1,-1,-1,-1,-1,-1,-1,-1,295,"earth science, rocks",Geology
Science,4,4,4,6,5,6,-1,3,-1,5,-1,-1,-1,-1,-1,-1,-1,-1,-1,-1,-1,-1,233,"gardening, landscaping",Horticulture
Art,6,6,4,-1,-1,-1,-1,-1,-1,-1,-1,6,4,5,4,4,-1,5,-1,-1,-1,-1,208,"administration, policy making",Public Administration
Art,1,5,5,-1,-1,-1,-1,-1,-1,-1,-1,6,6,4,5,6,-1,-1,-1,6,-1,-1,187,"data gathering, research",Research and Policy Analysis
Art,1,4,6,-1,-1,-1,-1,-1,-1,-1,-1,6,5,6,4,5,-1,-1,6,-1,-1,-1,170,"crafts, painting",Painting and Sculpture
Art,3,4,6,-1,-1,-1,-1,-1,-1,-1,-1,4,6,4,5,5,6,-1,-1,-1,-1,-1,204,"fine arts, painting",Painting and Sculpture
Commercial,4,5,5,-1,-1,-1,-1,-1,-1,-1,-1,4,5,-1,5,-1,-1,-1,-1,-1,6,5,275,"investment, financial markets",Banking and Finance
Science,4,5,4,4,4,3,-1,4,-1,-1,-1,-1,-1,-1,-1,-1,-1,-1,-1,-1,-1,-1,248,"hardware, software integration",Computer Engineering
Science,5,4,4,4,6,1,4,6,-1,-1,-1,-1,-1,-1,-1,-1,-1,-1,-1,-1,-1,-1,287,"electricity, power systems",Electrical Engineering
Science,4,5,6,4,6,1,6,4,-1,-1,-1,-1,-1,-1,-1,-1,-1,-1,-1,-1,-1,-1,258,"real estate, land valuation",Estate Management
Science,5,6,5,6,6,4,-1,5,5,-1,-1,-1,-1,-1,-1,-1,-1,-1,-1,-1,-1,-1,271,"care, hospital",Nursing
Science,4,6,4,1,6,6,-1,6,4,-1,-1,-1,-1,-1,-1,-1,-1,-1,-1,-1,-1,-1,291,"food, health diet",Nutrition and Dietetics
Science,5,6,5,4,4,4,-1,4,6,-1,-1,-1,-1,-1,-1,-1,-1,-1,-1,-1,-1,-1,318,"microorganisms, research",Microbiology
Science,4,5,5,6,4,4,-1,4,-1,-1,4,-1,-1,-1,-1,-1,-1,-1,-1,-1,-1,-1,266,"marine life, oceans",Marine Science
Science,4,4,4,5,5,6,-1,2,-1,5,-1,-1,-1,-1,-1,-1,-1,-1,-1,-1,-1,-1,246,"flower cultivation, fruit production",Horticulture
Art,4,5,4,-1,-1,-1,-1,-1,-1,-1,-1,4,5,5,6,5,-1,6,-1,-1,-1,-1,162,"politics, foreign policy",International Relations
Art,3,5,4,-1,-1,-1,-1,-1,-1,-1,-1,5,5,5,5,4,-1,-1,-1,5,-1,-1,201,"culture, travel",Tourism and Hospitality
Art,3,4,6,-1,-1,-1,-1,-1,-1,-1,-1,4,5,4,6,4,-1,-1,4,-1,-1,-1,158,"3d animation, motion graphics",Animation
Art,3,4,5,-1,-1,-1,-1,-1,-1,-1,-1,5,5,5,5,6,4,-1,-1,-1,-1,-1,179,"cartoons, motion graphics",Animation
Commercial,4,6,5,-1,-1,-1,-1,-1,-1,-1,-1,6,6,-1,4,-1,-1,-1,-1,-1,5,5,251,"consumer behavior, branding",Marketing
Science,5,5,4,5,4,3,-1,5,-1,-1,-1,-1,-1,-1,-1,-1,-1,-1,-1,-1,-1,-1,229,"analysis, statistics",Data Science
Science,5,6,4,5,4,2,5,6,-1,-1,-1,-1,-1,-1,-1,-1,-1,-1,-1,-1,-1,-1,284,"optimization, production",Industrial Engineering
Science,5,6,5,4,4,1,6,5,-1,-1,-1,-1,-1,-1,-1,-1,-1,-1,-1,-1,-1,-1,234,"environmental planning, community planning",Urban and Regional Planning
Science,5,4,4,4,5,6,-1,6,5,-1,-1,-1,-1,-1,-1,-1,-1,-1,-1,-1,-1,-1,302,"testing, diagnosis",Medical Laboratory Science
Science,4,4,5,3,6,5,-1,5,4,-1,-1,-1,-1,-1,-1,-1,-1,-1,-1,-1,-1,-1,281,"health diet, food",Nutrition and Dietetics
Science,4,6,4,4,6,6,-1,4,6,-1,-1,-1,-1,-1,-1,-1,-1,-1,-1,-1,-1,-1,256,"motion, experiments",Physics
Science,4,5,5,6,4,4,-1,5,-1,-1,4,-1,-1,-1,-1,-1,-1,-1,-1,-1,-1,-1,298,"oceans, marine life",Marine Science
Science,6,6,5,4,5,5,-1,3,-1,6,-1,-1,-1,-1,-1,-1,-1,-1,-1,-1,-1,-1,241,"market analysis, agribusiness",Agricultural Economics
Art,4,5,5,-1,-1,-1,-1,-1,-1,-1,-1,5,4,4,6,5,-1,5,-1,-1,-1,-1,184,"human behaviour, mental health",Psychology
Art,1,6,6,-1,-1,-1,-1,-1,-1,-1,-1,4,5,4,4,4,-1,-1,-1,5,-1,-1,240,"historical artifacts, research",Archaeology
Art,2,6,4,-1,-1,-1,-1,-1,-1,-1,-1,5,5,4,5,6,-1,-1,5,-1,-1,-1,219,"mobile apps, user experience",UI/UX Design
Art,3,5,6,-1,-1,-1,-1,-1,-1,-1,-1,6,5,5,4,5,6,-1,-1,-1,-1,-1,153,"mobile apps, digital products",UI/UX Design
Commercial,6,5,5,-1,-1,-1,-1,-1,-1,-1,-1,4,4,-1,4,-1,-1,-1,-1,-1,4,6,233,"financial markets, investment",Banking and Finance
Science,6,6,4,4,5,3,-1,5,-1,-1,-1,-1,-1,-1,-1,-1,-1,-1,-1,-1,-1,-1,240,"programming, software",Computer Science
Science,5,5,5,5,6,1,6,6,-1,-1,-1,-1,-1,-1,-1,-1,-1,-1,-1,-1,-1,-1,288,"power systems, electricity",Electrical Engineering
Science,4,4,6,6,4,2,5,6,-1,-1,-1,-1,-1,-1,-1,-1,-1,-1,-1,-1,-1,-1,289,"AutoCad, buildings",Architecture
Science,4,5,5,4,6,4,-1,6,6,-1,-1,-1,-1,-1,-1,-1,-1,-1,-1,-1,-1,-1,299,"body functions, health science",Physiology
Science,6,6,5,3,6,5,-1,4,5,-1,-1,-1,-1,-1,-1,-1,-1,-1,-1,-1,-1,-1,295,"community health, disease prevention",Public Health
Science,5,5,4,4,4,5,-1,6,6,-1,-1,-1,-1,-1,-1,-1,-1,-1,-1,-1,-1,-1,237,"nature, life science",Biology
Science,5,6,5,4,4,4,-1,6,-1,-1,5,-1,-1,-1,-1,-1,-1,-1,-1,-1,-1,-1,295,"weather, climate",Meteorology
Science,4,5,6,5,5,6,-1,1,-1,4,-1,-1,-1,-1,-1,-1,-1,-1,-1,-1,-1,-1,251,"agricultural technology, crop cultivation",Agricultural Science
Art,4,4,6,-1,-1,-1,-1,-1,-1,-1,-1,6,6,6,4,4,-1,4,-1,-1,-1,-1,184,"foreign policy, politics",International Relations
Art,1,4,4,-1,-1,-1,-1,-1,-1,-1,-1,4,4,5,5,6,-1,-1,-1,6,-1,-1,191,"historical records, libraries",Archival Studies
Art,2,4,4,-1,-1,-1,-1,-1,-1,-1,-1,6,5,5,5,4,-1,-1,4,-1,-1,-1,179,"mobile apps, user experience",UI/UX Design
Art,2,6,4,-1,-1,-1,-1,-1,-1,-1,-1,4,5,5,4,4,6,-1,-1,-1,-1,-1,218,"mobile apps, user interface",UI/UX Design
Commercial,5,6,5,-1,-1,-1,-1,-1,-1,-1,-1,5,5,-1,4,-1,-1,-1,-1,-1,5,4,271,"recruitment, employee relations",Human Resource Management
Science,4,4,4,6,5,3,-1,5,-1,-1,-1,-1,-1,-1,-1,-1,-1,-1,-1,-1,-1,-1,229,"apps, software systems",Software Engineering
Science,6,5,6,5,5,2,5,5,-1,-1,-1,-1,-1,-1,-1,-1,-1,-1,-1,-1,-1,-1,243,"systems, production",Industrial Engineering
Science,6,5,4,5,4,1,4,6,-1,-1,-1,-1,-1,-1,-1,-1,-1,-1,-1,-1,-1,-1,270,"transport systems, community planning",Urban and Regional Planning
Science,4,5,5,5,6,4,-1,4,5,-1,-1,-1,-1,-1,-1,-1,-1,-1,-1,-1,-1,-1,251,"veterinary care, animals",Veterinary Medicine
Science,4,4,5,3,5,6,-1,5,6,-1,-1,-1,-1,-1,-1,-1,-1,-1,-1,-1,-1,-1,287,"disease prevention, community health",Public Health
Science,5,5,5,6,4,6,-1,4,5,-1,-1,-1,-1,-1,-1,-1,-1,-1,-1,-1,-1,-1,291,"research, technology",Applied Physics
Science,5,5,4,5,5,4,-1,5,-1,-1,5,-1,-1,-1,-1,-1,-1,-1,-1,-1,-1,-1,314,"seismology, earth structure",Geophysics
Science,4,6,4,6,4,6,-1,3,-1,4,-1,-1,-1,-1,-1,-1,-1,-1,-1,-1,-1,-1,274,"agricultural training, community outreach",Agricultural Extension
Art,6,6,5,-1,-1,-1,-1,-1,-1,-1,-1,5,4,6,6,5,-1,6,-1,-1,-1,-1,169,"statistical analysis, birth rates",Demography
Art,3,4,4,-1,-1,-1,-1,-1,-1,-1,-1,4,6,6,5,5,-1,-1,-1,4,-1,-1,231,"research, ancient civilization",Archaeology
Art,1,5,4,-1,-1,-1,-1,-1,-1,-1,-1,5,4,4,6,4,-1,-1,4,-1,-1,-1,196,"digital art, Sketching",Illustration
Art,3,5,5,-1,-1,-1,-1,-1,-1,-1,-1,4,6,6,6,5,6,-1,-1,-1,-1,-1,153,"Sketching, digital art",Illustration
Commercial,4,4,4,-1,-1,-1,-1,-1,-1,-1,-1,4,4,-1,4,-1,-1,-1,-1,-1,6,5,332,"leadership, organizational planning",Business Administration
Science,6,4,5,6,5,3,-1,6,-1,-1,-1,-1,-1,-1,-1,-1,-1,-1,-1,-1,-1,-1,213,"analysis, data",Data Science
Science,5,6,5,6,6,3,4,4,-1,-1,-1,-1,-1,-1,-1,-1,-1,-1,-1,-1,-1,-1,287,"buildings, construction",Civil Engineering
Science,4,5,5,6,6,1,5,6,-1,-1,-1,-1,-1,-1,-1,-1,-1,-1,-1,-1,-1,-1,265,"transport systems, environmental planning",Urban and Regional Planning
Science,4,4,6,4,6,6,-1,5,5,-1,-1,-1,-1,-1,-1,-1,-1,-1,-1,-1,-1,-1,299,"veterinary care, animals",Veterinary Medicine
Science,5,5,6,1,5,5,-1,5,4,-1,-1,-1,-1,-1,-1,-1,-1,-1,-1,-1,-1,-1,261,"health diet, food",Nutrition and Dietetics
Science,6,4,5,6,4,5,-1,6,5,-1,-1,-1,-1,-1,-1,-1,-1,-1,-1,-1,-1,-1,318,"computation, modeling",Applied Mathematics
Science,5,5,5,5,6,4,-1,6,-1,-1,6,-1,-1,-1,-1,-1,-1,-1,-1,-1,-1,-1,253,"weather, climate",Meteorology
Science,6,5,5,6,5,5,-1,1,-1,5,-1,-1,-1,-1,-1,-1,-1,-1,-1,-1,-1,-1,318,"fish farming, aquatic life",Fisheries and Aquaculture
Art,5,6,5,-1,-1,-1,-1,-1,-1,-1,-1,6,5,6,5,5,-1,5,-1,-1,-1,-1,202,"human behaviour, counselling",Psychology
Art,2,6,6,-1,-1,-1,-1,-1,-1,-1,-1,4,6,4,6,6,-1,-1,-1,6,-1,-1,230,"tour guiding, customer service",Tourism and Hospitality
Art,3,5,6,-1,-1,-1,-1,-1,-1,-1,-1,6,5,6,4,6,-1,-1,6,-1,-1,-1,158,"digital painting, art technology",Digital Art
Art,2,5,6,-1,-1,-1,-1,-1,-1,-1,-1,4,6,6,6,5,5,-1,-1,-1,-1,-1,210,"drawing tablets, digital painting",Digital Art
Commercial,6,5,4,-1,-1,-1,-1,-1,-1,-1,-1,4,6,-1,6,-1,-1,-1,-1,-1,6,6,233,"leadership, office administration",Business Administration
Science,4,6,5,4,5,1,-1,4,-1,-1,-1,-1,-1,-1,-1,-1,-1,-1,-1,-1,-1,-1,227,"programming, coding",Computer Science
Science,4,5,5,6,5,1,6,5,-1,-1,-1,-1,-1,-1,-1,-1,-1,-1,-1,-1,-1,-1,221,"engines, vehicles",Automotive Engineering
Science,5,5,5,6,5,1,6,6,-1,-1,-1,-1,-1,-1,-1,-1,-1,-1,-1,-1,-1,-1,223,"construction costs, building estimation",Quantity Surveying
Science,6,4,4,6,6,5,-1,4,5,-1,-1,-1,-1,-1,-1,-1,-1,-1,-1,-1,-1,-1,252,"drugs, laboratory",Pharmacy
Science,5,5,4,3,5,5,-1,4,4,-1,-1,-1,-1,-1,-1,-1,-1,-1,-1,-1,-1,-1,275,"disease prevention, community health",Public Health
Science,5,5,6,4,6,4,-1,5,5,-1,-1,-1,-1,-1,-1,-1,-1,-1,-1,-1,-1,-1,284,"genetics, bioengineering",Biotechnology
Science,5,4,6,4,6,5,-1,5,-1,-1,4,-1,-1,-1,-1,-1,-1,-1,-1,-1,-1,-1,224,"environment, climate",Environmental Science
Science,5,4,5,5,4,6,-1,3,-1,6,-1,-1,-1,-1,-1,-1,-1,-1,-1,-1,-1,-1,226,"aquatic life, seafood production",Fisheries and Aquaculture
Art,6,4,4,-1,-1,-1,-1,-1,-1,-1,-1,4,5,6,4,4,-1,6,-1,-1,-1,-1,178,"administration, public serving",Public Administration
Art,2,4,5,-1,-1,-1,-1,-1,-1,-1,-1,5,4,6,4,6,-1,-1,-1,6,-1,-1,187,"culture, tour guiding",Tourism and Hospitality
Art,3,4,6,-1,-1,-1,-1,-1,-1,-1,-1,5,5,5,5,5,-1,-1,4,-1,-1,-1,165,"creative coding, ui design",Web Design
Art,3,5,4,-1,-1,-1,-1,-1,-1,-1,-1,5,4,4,6,4,6,-1,-1,-1,-1,-1,188,"website layouts, user experience",Web Design
Commercial,6,5,5,-1,-1,-1,-1,-1,-1,-1,-1,6,5,-1,6,-1,-1,-1,-1,-1,4,5,328,"consumer behavior, sales strategies",Marketing
Science,6,4,6,4,4,2,-1,6,-1,-1,-1,-1,-1,-1,-1,-1,-1,-1,-1,-1,-1,-1,223,"programming, software",Computer Science
Science,5,6,4,4,5,2,5,4,-1,-1,-1,-1,-1,-1,-1,-1,-1,-1,-1,-1,-1,-1,271,"robotics, engines",Mechanical Engineering
Science,4,5,6,5,6,1,5,6,-1,-1,-1,-1,-1,-1,-1,-1,-1,-1,-1,-1,-1,-1,226,"facility management, land valuation",Estate Management
Science,4,6,5,5,4,4,-1,6,5,-1,-1,-1,-1,-1,-1,-1,-1,-1,-1,-1,-1,-1,298,"laboratory, testing",Medical Laboratory Science
Science,5,6,5,3,6,5,-1,4,6,-1,-1,-1,-1,-1,-1,-1,-1,-1,-1,-1,-1,-1,282,"disease prevention, community health",Public Health
Science,6,6,6,6,5,6,-1,5,6,-1,-1,-1,-1,-1,-1,-1,-1,-1,-1,-1,-1,-1,243,"life science, nature",Biology
Science,4,6,5,4,4,5,-1,4,-1,-1,4,-1,-1,-1,-1,-1,-1,-1,-1,-1,-1,-1,242,"oceans, marine life",Marine Science
Science,6,6,4,5,5,4,-1,2,-1,6,-1,-1,-1,-1,-1,-1,-1,-1,-1,-1,-1,-1,299,"landscaping, fruit production",Horticulture
Art,4,5,4,-1,-1,-1,-1,-1,-1,-1,-1,5,5,5,4,6,-1,5,-1,-1,-1,-1,170,"social justice, advocacy",Human Rights and Advocacy
Art,3,4,6,-1,-1,-1,-1,-1,-1,-1,-1,6,6,6,4,5,-1,-1,-1,6,-1,-1,237,"ancient civilization, excavation",Archaeology
Art,1,4,4,-1,-1,-1,-1,-1,-1,-1,-1,4,5,4,4,5,-1,-1,4,-1,-1,-1,148,"painting, fine arts",Painting and Sculpture
Art,2,4,5,-1,-1,-1,-1,-1,-1,-1,-1,6,4,6,5,6,6,-1,-1,-1,-1,-1,199,"sculpting, painting",Painting and Sculpture
Commercial,4,5,4,-1,-1,-1,-1,-1,-1,-1,-1,6,4,-1,6,-1,-1,-1,-1,-1,6,6,316,"risk management, financial protection",Insurance
Science,4,4,5,4,4,1,-1,6,-1,-1,-1,-1,-1,-1,-1,-1,-1,-1,-1,-1,-1,-1,262,"software systems, apps",Software Engineering
Science,6,6,5,4,6,2,6,5,-1,-1,-1,-1,-1,-1,-1,-1,-1,-1,-1,-1,-1,-1,289,"structures, materials",Materials Engineering
Science,5,4,4,6,6,1,5,6,-1,-1,-1,-1,-1,-1,-1,-1,-1,-1,-1,-1,-1,-1,244,"land valuation, facility management",Estate Management
Science,5,5,6,6,6,6,-1,5,4,-1,-1,-1,-1,-1,-1,-1,-1,-1,-1,-1,-1,-1,276,"care, patients",Nursing
Science,5,4,4,3,6,4,-1,5,4,-1,-1,-1,-1,-1,-1,-1,-1,-1,-1,-1,-1,-1,269,"food, health diet",Nutrition and Dietetics
Science,5,6,4,5,6,4,-1,5,4,-1,-1,-1,-1,-1,-1,-1,-1,-1,-1,-1,-1,-1,282,"problem solving, logic",Mathematics
Science,6,5,6,5,5,4,-1,5,-1,-1,6,-1,-1,-1,-1,-1,-1,-1,-1,-1,-1,-1,309,"climate, environment",Environmental Science
Science,4,5,4,5,5,5,-1,3,-1,6,-1,-1,-1,-1,-1,-1,-1,-1,-1,-1,-1,-1,246,"food production, farming",Agricultural Science
Art,5,6,5,-1,-1,-1,-1,-1,-1,-1,-1,6,6,6,6,4,-1,4,-1,-1,-1,-1,164,"law enforcement, criminal justice",Criminology
Art,1,6,6,-1,-1,-1,-1,-1,-1,-1,-1,5,6,4,5,5,-1,-1,-1,5,-1,-1,233,"travel, tour guiding",Tourism and Hospitality
Art,3,6,4,-1,-1,-1,-1,-1,-1,-1,-1,5,4,6,6,6,-1,-1,5,-1,-1,-1,176,"digital products, user interface",UI/UX Design
Art,2,6,4,-1,-1,-1,-1,-1,-1,-1,-1,4,6,6,4,5,4,-1,-1,-1,-1,-1,206,"mobile apps, user interface",UI/UX Design
Commercial,6,5,4,-1,-1,-1,-1,-1,-1,-1,-1,5,5,-1,6,-1,-1,-1,-1,-1,4,6,295,"projects, task management",Project Management
Science,6,4,6,4,5,3,-1,4,-1,-1,-1,-1,-1,-1,-1,-1,-1,-1,-1,-1,-1,-1,280,"automation, machine learning",Artificial Intelligence
Science,6,5,4,4,6,2,4,6,-1,-1,-1,-1,-1,-1,-1,-1,-1,-1,-1,-1,-1,-1,281,"medical devices, health technology",Biomedical Engineering
Science,5,5,4,6,4,2,4,4,-1,-1,-1,-1,-1,-1,-1,-1,-1,-1,-1,-1,-1,-1,241,"AutoCad, drawing",Architecture
Science,4,5,5,4,4,6,-1,4,4,-1,-1,-1,-1,-1,-1,-1,-1,-1,-1,-1,-1,-1,261,"treatment, cancer",Oncology
Science,5,5,6,2,5,6,-1,5,6,-1,-1,-1,-1,-1,-1,-1,-1,-1,-1,-1,-1,-1,299,"community health, disease prevention",Public Health
Science,5,4,4,4,5,6,-1,5,5,-1,-1,-1,-1,-1,-1,-1,-1,-1,-1,-1,-1,-1,317,"industry, chemical production",Industrial Chemistry
Science,5,5,6,5,5,6,-1,6,-1,-1,6,-1,-1,-1,-1,-1,-1,-1,-1,-1,-1,-1,282,"seismology, earth structure",Geophysics
Science,5,5,5,5,4,6,-1,1,-1,5,-1,-1,-1,-1,-1,-1,-1,-1,-1,-1,-1,-1,248,"plants, crop production",Crop Science
Art,4,5,4,-1,-1,-1,-1,-1,-1,-1,-1,5,6,4,4,5,-1,4,-1,-1,-1,-1,207,"mental health, human behaviour",Psychology
Art,2,6,6,-1,-1,-1,-1,-1,-1,-1,-1,6,5,4,5,5,-1,-1,-1,5,-1,-1,207,"analysis, problem solving",Research and Policy Analysis
Art,3,6,4,-1,-1,-1,-1,-1,-1,-1,-1,5,5,6,4,5,-1,-1,6,-1,-1,-1,220,"creative coding, website layouts",Web Design
Art,3,4,6,-1,-1,-1,-1,-1,-1,-1,-1,6,5,4,6,5,6,-1,-1,-1,-1,-1,179,"user experience, website layouts",Web Design
Commercial,5,6,4,-1,-1,-1,-1,-1,-1,-1,-1,6,6,-1,6,-1,-1,-1,-1,-1,5,4,278,"revenue management, tax laws",Taxation
Science,6,4,5,6,4,1,-1,4,-1,-1,-1,-1,-1,-1,-1,-1,-1,-1,-1,-1,-1,-1,260,"IT systems, support",Information Technology
Science,4,4,4,4,5,3,5,6,-1,-1,-1,-1,-1,-1,-1,-1,-1,-1,-1,-1,-1,-1,220,"metals, structures",Materials Engineering
Science,4,5,4,5,4,1,4,6,-1,-1,-1,-1,-1,-1,-1,-1,-1,-1,-1,-1,-1,-1,265,"land measurement, geographic information system",Surveying and Geoinformatics
Science,6,5,6,6,6,5,-1,4,6,-1,-1,-1,-1,-1,-1,-1,-1,-1,-1,-1,-1,-1,307,"eyes, vision",Optometry
Science,6,4,6,3,6,6,-1,6,4,-1,-1,-1,-1,-1,-1,-1,-1,-1,-1,-1,-1,-1,300,"health diet, food",Nutrition and Dietetics
Science,5,4,4,6,4,4,-1,4,6,-1,-1,-1,-1,-1,-1,-1,-1,-1,-1,-1,-1,-1,246,"motion, experiments",Physics
Science,6,4,4,5,4,6,-1,4,-1,-1,5,-1,-1,-1,-1,-1,-1,-1,-1,-1,-1,-1,251,"climate, environment",Environmental Science
Science,6,4,6,5,5,4,-1,1,-1,6,-1,-1,-1,-1,-1,-1,-1,-1,-1,-1,-1,-1,283,"soil testing, environmental conservation",Soil Science
Art,5,4,4,-1,-1,-1,-1,-1,-1,-1,-1,4,5,6,6,5,-1,5,-1,-1,-1,-1,166,"criminal justice, forensic studies",Criminology
Art,1,4,6,-1,-1,-1,-1,-1,-1,-1,-1,5,4,5,6,6,-1,-1,-1,5,-1,-1,203,"historical artifacts, ancient civilization",Archaeology
Art,1,5,5,-1,-1,-1,-1,-1,-1,-1,-1,6,4,4,4,5,-1,-1,6,-1,-1,-1,174,"drawing outfits, fashion trends",Fashion Design
Art,1,5,4,-1,-1,-1,-1,-1,-1,-1,-1,6,4,5,4,5,6,-1,-1,-1,-1,-1,162,"drawing outfits, clothing",Fashion Design
Commercial,4,5,6,-1,-1,-1,-1,-1,-1,-1,-1,4,6,-1,6,-1,-1,-1,-1,-1,4,6,294,"policy analysis, financial protection",Insurance
Science,5,4,5,5,4,1,-1,6,-1,-1,-1,-1,-1,-1,-1,-1,-1,-1,-1,-1,-1,-1,258,"systems, business IT",Information Systems
Science,5,5,6,5,4,3,6,6,-1,-1,-1,-1,-1,-1,-1,-1,-1,-1,-1,-1,-1,-1,248,"metals, structures",Materials Engineering
Science,4,5,5,4,5,1,6,5,-1,-1,-1,-1,-1,-1,-1,-1,-1,-1,-1,-1,-1,-1,265,"community planning, environmental planning",Urban and Regional Planning
Science,4,5,6,4,5,5,-1,4,4,-1,-1,-1,-1,-1,-1,-1,-1,-1,-1,-1,-1,-1,304,"treatment, medicine",Medicine and Surgery
Science,4,5,5,3,4,6,-1,6,4,-1,-1,-1,-1,-1,-1,-1,-1,-1,-1,-1,-1,-1,296,"disease prevention, community health",Public Health
Science,4,4,4,6,5,5,-1,5,4,-1,-1,-1,-1,-1,-1,-1,-1,-1,-1,-1,-1,-1,316,"laboratory, reactions",Chemistry
Science,5,6,5,6,5,5,-1,5,-1,-1,6,-1,-1,-1,-1,-1,-1,-1,-1,-1,-1,-1,307,"rocks, earth science",Geology
Science,6,6,6,4,5,5,-1,2,-1,5,-1,-1,-1,-1,-1,-1,-1,-1,-1,-1,-1,-1,232,"livestock farming, animal breeding",Animal Science
Art,4,4,5,-1,-1,-1,-1,-1,-1,-1,-1,6,4,4,6,5,-1,5,-1,-1,-1,-1,174,"justice, human rights",Law
Art,2,6,4,-1,-1,-1,-1,-1,-1,-1,-1,6,5,5,6,6,-1,-1,-1,6,-1,-1,232,"historical artifacts, ancient civilization",Archaeology
Art,1,6,6,-1,-1,-1,-1,-1,-1,-1,-1,4,5,4,4,6,-1,-1,6,-1,-1,-1,171,"video effects, visual storytelling",Motion Graphics
Art,1,5,4,-1,-1,-1,-1,-1,-1,-1,-1,6,5,6,6,5,5,-1,-1,-1,-1,-1,201,"creative editing, animation",Motion Graphics
Commercial,4,5,5,-1,-1,-1,-1,-1,-1,-1,-1,6,5,-1,5,-1,-1,-1,-1,-1,4,4,315,"financial protection, policy analysis",Insurance
Science,4,4,6,4,6,1,-1,5,-1,-1,-1,-1,-1,-1,-1,-1,-1,-1,-1,-1,-1,-1,240,"security, network protection",Cyber Security
Science,6,4,5,6,5,1,5,5,-1,-1,-1,-1,-1,-1,-1,-1,-1,-1,-1,-1,-1,-1,227,"health technology, medical devices",Biomedical Engineering
Science,5,5,5,5,6,2,5,4,-1,-1,-1,-1,-1,-1,-1,-1,-1,-1,-1,-1,-1,-1,225,"transport systems, community planning",Urban and Regional Planning
Science,5,6,5,5,5,6,-1,5,4,-1,-1,-1,-1,-1,-1,-1,-1,-1,-1,-1,-1,-1,305,"treatment, cancer",Oncology
Science,5,6,4,1,5,5,-1,5,4,-1,-1,-1,-1,-1,-1,-1,-1,-1,-1,-1,-1,-1,269,"community health, disease prevention",Public Health
Science,5,5,4,4,4,4,-1,4,6,-1,-1,-1,-1,-1,-1,-1,-1,-1,-1,-1,-1,-1,280,"technology, research",Applied Physics
Science,6,4,6,5,5,6,-1,6,-1,-1,6,-1,-1,-1,-1,-1,-1,-1,-1,-1,-1,-1,292,"climate, weather",Meteorology
Science,5,5,5,5,5,4,-1,2,-1,4,-1,-1,-1,-1,-1,-1,-1,-1,-1,-1,-1,-1,272,"crop production, harvesting",Crop Science
Art,6,6,4,-1,-1,-1,-1,-1,-1,-1,-1,4,4,5,6,5,-1,5,-1,-1,-1,-1,202,"leadership, public serving",Public Administration
Art,3,6,6,-1,-1,-1,-1,-1,-1,-1,-1,6,5,5,4,4,-1,-1,-1,6,-1,-1,232,"ancient civilization, historical artifacts",Archaeology
Art,2,5,5,-1,-1,-1,-1,-1,-1,-1,-1,6,4,6,6,6,-1,-1,6,-1,-1,-1,212,"Sketching, drawing",Illustration
Art,3,5,6,-1,-1,-1,-1,-1,-1,-1,-1,6,4,4,4,4,5,-1,-1,-1,-1,-1,194,"character design, digital art",Illustration
Commercial,4,4,4,-1,-1,-1,-1,-1,-1,-1,-1,6,5,-1,4,-1,-1,-1,-1,-1,6,6,231,"sales strategies, consumer behavior",Marketing
Science,4,4,6,4,5,2,-1,5,-1,-1,-1,-1,-1,-1,-1,-1,-1,-1,-1,-1,-1,-1,276,"analysis, data",Data Science
Science,6,6,6,4,6,1,6,6,-1,-1,-1,-1,-1,-1,-1,-1,-1,-1,-1,-1,-1,-1,232,"medical devices, health technology",Biomedical Engineering
Science,6,5,4,4,4,1,5,4,-1,-1,-1,-1,-1,-1,-1,-1,-1,-1,-1,-1,-1,-1,256,"buildings, design",Architecture
Science,6,6,5,5,4,6,-1,5,5,-1,-1,-1,-1,-1,-1,-1,-1,-1,-1,-1,-1,-1,275,"testing, diagnosis",Medical Laboratory Science
Science,6,4,4,1,6,5,-1,4,4,-1,-1,-1,-1,-1,-1,-1,-1,-1,-1,-1,-1,-1,281,"food, health diet",Nutrition and Dietetics
Science,6,4,4,4,4,4,-1,6,5,-1,-1,-1,-1,-1,-1,-1,-1,-1,-1,-1,-1,-1,229,"research, microorganisms",Microbiology
Science,6,6,6,6,4,6,-1,5,-1,-1,5,-1,-1,-1,-1,-1,-1,-1,-1,-1,-1,-1,279,"weather, climate",Meteorology
Science,4,4,4,5,4,6,-1,2,-1,4,-1,-1,-1,-1,-1,-1,-1,-1,-1,-1,-1,-1,319,"market analysis, farm management",Agricultural Economics
Art,4,5,6,-1,-1,-1,-1,-1,-1,-1,-1,5,6,5,4,4,-1,4,-1,-1,-1,-1,163,"media, writing",Journalism and Media Studies
Art,3,5,5,-1,-1,-1,-1,-1,-1,-1,-1,4,6,5,5,6,-1,-1,-1,5,-1,-1,219,"tourism, history preservation",Museum and Heritage Studies
Art,3,6,6,-1,-1,-1,-1,-1,-1,-1,-1,6,5,5,6,6,-1,-1,5,-1,-1,-1,214,"website layouts, creative coding",Web Design
Art,3,4,5,-1,-1,-1,-1,-1,-1,-1,-1,6,4,6,4,4,5,-1,-1,-1,-1,-1,199,"ui design, creative coding",Web Design
Commercial,6,4,5,-1,-1,-1,-1,-1,-1,-1,-1,4,5,-1,4,-1,-1,-1,-1,-1,6,5,308,"claims processing, risk management",Insurance
Science,5,4,6,6,5,2,-1,4,-1,-1,-1,-1,-1,-1,-1,-1,-1,-1,-1,-1,-1,-1,214,"communication systems, networks",Network Engineering
Science,4,5,6,4,4,1,6,6,-1,-1,-1,-1,-1,-1,-1,-1,-1,-1,-1,-1,-1,-1,277,"aircraft, flight",Aerospace Engineering
Science,4,4,6,6,6,3,4,4,-1,-1,-1,-1,-1,-1,-1,-1,-1,-1,-1,-1,-1,-1,231,"environmental planning, city development",Urban and Regional Planning
Science,4,5,5,5,5,4,-1,5,4,-1,-1,-1,-1,-1,-1,-1,-1,-1,-1,-1,-1,-1,276,"therapy, rehabilitation",Physiotherapy
Science,6,6,5,3,5,6,-1,4,6,-1,-1,-1,-1,-1,-1,-1,-1,-1,-1,-1,-1,-1,236,"food, health diet",Nutrition and Dietetics
Science,6,5,6,6,5,5,-1,5,5,-1,-1,-1,-1,-1,-1,-1,-1,-1,-1,-1,-1,-1,295,"data analysis, probability",Statistics
Science,6,4,5,5,6,6,-1,5,-1,-1,5,-1,-1,-1,-1,-1,-1,-1,-1,-1,-1,-1,257,"environment, climate",Environmental Science
Science,5,4,6,4,4,6,-1,1,-1,6,-1,-1,-1,-1,-1,-1,-1,-1,-1,-1,-1,-1,282,"plants, plant breeding",Crop Science
Art,6,6,6,-1,-1,-1,-1,-1,-1,-1,-1,6,6,4,4,4,-1,4,-1,-1,-1,-1,193,"law enforcement, criminal justice",Criminology
Art,1,6,6,-1,-1,-1,-1,-1,-1,-1,-1,5,4,6,4,5,-1,-1,-1,4,-1,-1,208,"record keeping, historical records",Archival Studies
Art,2,5,5,-1,-1,-1,-1,-1,-1,-1,-1,4,4,6,4,5,-1,-1,4,-1,-1,-1,146,"mobile apps, digital products",UI/UX Design
Art,1,5,6,-1,-1,-1,-1,-1,-1,-1,-1,5,5,6,6,4,4,-1,-1,-1,-1,-1,151,"mobile apps, user interface",UI/UX Design
Commercial,5,4,5,-1,-1,-1,-1,-1,-1,-1,-1,5,6,-1,6,-1,-1,-1,-1,-1,4,5,269,"financial compliance, government finance",Taxation
Science,5,4,6,5,4,2,-1,5,-1,-1,-1,-1,-1,-1,-1,-1,-1,-1,-1,-1,-1,-1,241,"software integration, hardware",Computer Engineering
Science,5,4,5,6,6,1,5,6,-1,-1,-1,-1,-1,-1,-1,-1,-1,-1,-1,-1,-1,-1,244,"robots, automation",Mechatronics Engineering
Science,6,6,6,6,4,3,6,4,-1,-1,-1,-1,-1,-1,-1,-1,-1,-1,-1,-1,-1,-1,245,"mapping, land measurement",Surveying and Geoinformatics
Science,4,6,4,6,6,4,-1,5,6,-1,-1,-1,-1,-1,-1,-1,-1,-1,-1,-1,-1,-1,281,"treatment, medicine",Medicine and Surgery
Science,5,5,4,2,5,5,-1,4,5,-1,-1,-1,-1,-1,-1,-1,-1,-1,-1,-1,-1,-1,247,"disease prevention, community health",Public Health
Science,6,5,4,4,4,4,-1,6,6,-1,-1,-1,-1,-1,-1,-1,-1,-1,-1,-1,-1,-1,278,"probability, data analysis",Statistics
Science,4,4,5,4,5,5,-1,5,-1,-1,5,-1,-1,-1,-1,-1,-1,-1,-1,-1,-1,-1,300,"earth science, rocks",Geology
Science,6,5,5,6,6,4,-1,3,-1,4,-1,-1,-1,-1,-1,-1,-1,-1,-1,-1,-1,-1,286,"farm management, rural development",Agricultural Economics
Art,5,4,4,-1,-1,-1,-1,-1,-1,-1,-1,4,4,5,5,5,-1,5,-1,-1,-1,-1,186,"news reporting, media",Journalism and Media Studies
Art,2,4,5,-1,-1,-1,-1,-1,-1,-1,-1,4,5,4,5,5,-1,-1,-1,6,-1,-1,227,"documentation, record keeping",Archival Studies
Art,3,5,5,-1,-1,-1,-1,-1,-1,-1,-1,5,6,5,5,5,-1,-1,6,-1,-1,-1,212,"room decoration, furniture",Interior Design
Art,2,4,4,-1,-1,-1,-1,-1,-1,-1,-1,4,5,4,6,6,4,-1,-1,-1,-1,-1,174,"home aesthetics, room decoration",Interior Design
Commercial,5,6,5,-1,-1,-1,-1,-1,-1,-1,-1,4,4,-1,4,-1,-1,-1,-1,-1,4,6,338,"policy analysis, claims processing",Insurance
Science,6,4,6,4,5,1,-1,5,-1,-1,-1,-1,-1,-1,-1,-1,-1,-1,-1,-1,-1,-1,235,"systems, business IT",Information Systems
Science,6,6,6,5,6,3,4,5,-1,-1,-1,-1,-1,-1,-1,-1,-1,-1,-1,-1,-1,-1,242,"materials, metals",Materials Engineering
Science,4,5,4,6,6,3,5,6,-1,-1,-1,-1,-1,-1,-1,-1,-1,-1,-1,-1,-1,-1,285,"city development, transport systems",Urban and Regional Planning
Science,4,6,4,4,6,4,-1,6,6,-1,-1,-1,-1,-1,-1,-1,-1,-1,-1,-1,-1,-1,267,"health science, body functions",Physiology
Science,5,6,5,2,4,6,-1,4,6,-1,-1,-1,-1,-1,-1,-1,-1,-1,-1,-1,-1,-1,274,"disease prevention, community health",Public Health
Science,4,5,5,4,6,4,-1,6,4,-1,-1,-1,-1,-1,-1,-1,-1,-1,-1,-1,-1,-1,233,"reactions, laboratory",Chemistry
Science,6,6,4,4,6,4,-1,4,-1,-1,5,-1,-1,-1,-1,-1,-1,-1,-1,-1,-1,-1,282,"rocks, earth science",Geology
Science,4,4,6,6,5,5,-1,1,-1,6,-1,-1,-1,-1,-1,-1,-1,-1,-1,-1,-1,-1,293,"crops, soil",Agronomy
Art,4,4,6,-1,-1,-1,-1,-1,-1,-1,-1,5,6,6,6,4,-1,4,-1,-1,-1,-1,174,"public policy, government",Political Science
Art,1,4,5,-1,-1,-1,-1,-1,-1,-1,-1,4,5,5,6,4,-1,-1,-1,6,-1,-1,205,"historical artifacts, excavation",Archaeology
Art,2,4,5,-1,-1,-1,-1,-1,-1,-1,-1,4,6,5,5,4,-1,-1,6,-1,-1,-1,178,"furniture, room decoration",Interior Design
Art,2,5,6,-1,-1,-1,-1,-1,-1,-1,-1,4,4,6,4,5,5,-1,-1,-1,-1,-1,190,"home aesthetics, furniture",Interior Design
Commercial,4,5,4,-1,-1,-1,-1,-1,-1,-1,-1,4,4,-1,4,-1,-1,-1,-1,-1,4,6,279,"task management, projects",Project Management
Science,4,6,4,6,6,3,-1,6,-1,-1,-1,-1,-1,-1,-1,-1,-1,-1,-1,-1,-1,-1,266,"communication systems, internet",Network Engineering
Science,6,4,6,5,6,1,4,6,-1,-1,-1,-1,-1,-1,-1,-1,-1,-1,-1,-1,-1,-1,250,"circuits, electronics",Electronic Engineering
Science,6,5,4,6,5,1,5,6,-1,-1,-1,-1,-1,-1,-1,-1,-1,-1,-1,-1,-1,-1,268,"design, buildings",Architecture
Science,5,6,6,5,5,5,-1,5,6,-1,-1,-1,-1,-1,-1,-1,-1,-1,-1,-1,-1,-1,318,"veterinary care, animals",Veterinary Medicine
Science,5,6,6,1,5,6,-1,5,5,-1,-1,-1,-1,-1,-1,-1,-1,-1,-1,-1,-1,-1,229,"food, health diet",Nutrition and Dietetics
Science,6,5,6,6,4,4,-1,6,5,-1,-1,-1,-1,-1,-1,-1,-1,-1,-1,-1,-1,-1,264,"problem solving, theory",Mathematics
Science,4,5,5,6,4,6,-1,5,-1,-1,6,-1,-1,-1,-1,-1,-1,-1,-1,-1,-1,-1,290,"weather, climate",Meteorology
Science,4,4,5,6,5,5,-1,1,-1,5,-1,-1,-1,-1,-1,-1,-1,-1,-1,-1,-1,-1,314,"forest conservation, wildlife management",Forestry
Art,4,4,5,-1,-1,-1,-1,-1,-1,-1,-1,5,4,5,6,4,-1,5,-1,-1,-1,-1,186,"politics, leadership",Political Science
Art,1,5,5,-1,-1,-1,-1,-1,-1,-1,-1,5,5,5,4,5,-1,-1,-1,6,-1,-1,219,"customer service, travel",Tourism and Hospitality
Art,3,5,5,-1,-1,-1,-1,-1,-1,-1,-1,6,4,4,6,6,-1,-1,5,-1,-1,-1,155,"posters, creativity",Graphics Design
Art,1,5,6,-1,-1,-1,-1,-1,-1,-1,-1,5,4,6,6,6,4,-1,-1,-1,-1,-1,194,"branding, creativity",Graphics Design
Commercial,6,4,6,-1,-1,-1,-1,-1,-1,-1,-1,4,4,-1,4,-1,-1,-1,-1,-1,5,4,241,"distribution, inventory management",Supply Chain Management
Science,6,5,4,6,4,1,-1,6,-1,-1,-1,-1,-1,-1,-1,-1,-1,-1,-1,-1,-1,-1,245,"IT systems, computers",Information Technology
Science,4,4,6,4,5,3,4,5,-1,-1,-1,-1,-1,-1,-1,-1,-1,-1,-1,-1,-1,-1,274,"medical devices, health technology",Biomedical Engineering
Science,5,6,6,6,4,1,6,4,-1,-1,-1,-1,-1,-1,-1,-1,-1,-1,-1,-1,-1,-1,222,"real estate, property management",Estate Management
Science,5,5,4,6,4,4,-1,5,4,-1,-1,-1,-1,-1,-1,-1,-1,-1,-1,-1,-1,-1,252,"diagnosis, imaging",Radiology
Science,5,4,4,3,6,6,-1,5,6,-1,-1,-1,-1,-1,-1,-1,-1,-1,-1,-1,-1,-1,240,"disease prevention, community health",Public Health
Science,6,5,5,5,5,4,-1,6,5,-1,-1,-1,-1,-1,-1,-1,-1,-1,-1,-1,-1,-1,233,"biological molecules, lab work",Biochemistry
Science,4,5,6,6,4,4,-1,5,-1,-1,6,-1,-1,-1,-1,-1,-1,-1,-1,-1,-1,-1,301,"climate, environment",Environmental Science
Science,4,5,5,6,4,5,-1,2,-1,4,-1,-1,-1,-1,-1,-1,-1,-1,-1,-1,-1,-1,272,"community outreach, rural advisory services",Agricultural Extension
Art,4,4,6,-1,-1,-1,-1,-1,-1,-1,-1,4,4,5,6,6,-1,5,-1,-1,-1,-1,206,"community service, social justice",Human Rights and Advocacy
Art,3,6,4,-1,-1,-1,-1,-1,-1,-1,-1,5,5,4,4,5,-1,-1,-1,4,-1,-1,235,"data gathering, problem solving",Research and Policy Analysis
Art,2,6,5,-1,-1,-1,-1,-1,-1,-1,-1,6,4,5,6,5,-1,-1,5,-1,-1,-1,171,"Sketching, drawing",Illustration
Art,2,6,6,-1,-1,-1,-1,-1,-1,-1,-1,6,5,4,4,4,6,-1,-1,-1,-1,-1,210,"Sketching, drawing",Illustration
Commercial,5,4,4,-1,-1,-1,-1,-1,-1,-1,-1,6,6,-1,4,-1,-1,-1,-1,-1,5,4,265,"business startup, innovation",Entrepreneurship
Science,6,5,6,4,6,1,-1,4,-1,-1,-1,-1,-1,-1,-1,-1,-1,-1,-1,-1,-1,-1,274,"hacking, security",Cyber Security
Science,4,4,4,5,4,1,4,5,-1,-1,-1,-1,-1,-1,-1,-1,-1,-1,-1,-1,-1,-1,271,"cars, automobiles",Automotive Engineering
Science,5,6,5,4,6,3,6,6,-1,-1,-1,-1,-1,-1,-1,-1,-1,-1,-1,-1,-1,-1,242,"geographic information system, land measurement",Surveying and Geoinformatics
Science,5,4,4,5,5,4,-1,6,4,-1,-1,-1,-1,-1,-1,-1,-1,-1,-1,-1,-1,-1,319,"medical science, human body",Anatomy
Science,4,6,4,2,4,4,-1,4,5,-1,-1,-1,-1,-1,-1,-1,-1,-1,-1,-1,-1,-1,245,"disease prevention, community health",Public Health
Science,6,6,5,6,6,4,-1,5,6,-1,-1,-1,-1,-1,-1,-1,-1,-1,-1,-1,-1,-1,264,"energy, experiments",Physics
Science,4,5,6,4,4,5,-1,6,-1,-1,5,-1,-1,-1,-1,-1,-1,-1,-1,-1,-1,-1,314,"marine life, oceans",Marine Science
Science,5,6,6,6,4,4,-1,1,-1,6,-1,-1,-1,-1,-1,-1,-1,-1,-1,-1,-1,-1,316,"crops, crop management",Agronomy
Art,4,6,4,-1,-1,-1,-1,-1,-1,-1,-1,5,4,4,4,5,-1,5,-1,-1,-1,-1,181,"cultural studies, social behavior",Sociology
Art,3,4,6,-1,-1,-1,-1,-1,-1,-1,-1,6,6,4,4,4,-1,-1,-1,6,-1,-1,239,"research, analysis",Research and Policy Analysis
Art,3,5,5,-1,-1,-1,-1,-1,-1,-1,-1,6,4,6,6,5,-1,-1,5,-1,-1,-1,214,"drawing tablets, Creative software",Digital Art
Art,2,4,6,-1,-1,-1,-1,-1,-1,-1,-1,6,6,5,4,5,5,-1,-1,-1,-1,-1,182,"digital painting, Creative software",Digital Art
Commercial,4,5,5,-1,-1,-1,-1,-1,-1,-1,-1,5,4,-1,6,-1,-1,-1,-1,-1,4,5,331,"auditing, financial records",Accounting
Science,4,4,4,5,4,2,-1,6,-1,-1,-1,-1,-1,-1,-1,-1,-1,-1,-1,-1,-1,-1,272,"business IT, systems",Information Systems
Science,4,5,6,6,4,2,4,4,-1,-1,-1,-1,-1,-1,-1,-1,-1,-1,-1,-1,-1,-1,257,"chemicals, production",Chemical Engineering
Science,6,5,6,6,6,2,6,4,-1,-1,-1,-1,-1,-1,-1,-1,-1,-1,-1,-1,-1,-1,233,"construction costs, project budgeting",Quantity Surveying
Science,6,5,4,4,5,5,-1,6,4,-1,-1,-1,-1,-1,-1,-1,-1,-1,-1,-1,-1,-1,261,"healthcare, medicine",Medicine and Surgery
Science,5,6,4,3,6,5,-1,4,5,-1,-1,-1,-1,-1,-1,-1,-1,-1,-1,-1,-1,-1,292,"health diet, food",Nutrition and Dietetics
Science,5,6,6,4,4,4,-1,4,6,-1,-1,-1,-1,-1,-1,-1,-1,-1,-1,-1,-1,-1,235,"bioengineering, genetics",Biotechnology
Science,4,6,6,5,4,5,-1,4,-1,-1,5,-1,-1,-1,-1,-1,-1,-1,-1,-1,-1,-1,313,"earth structure, seismology",Geophysics
Science,4,6,6,6,6,4,-1,3,-1,6,-1,-1,-1,-1,-1,-1,-1,-1,-1,-1,-1,-1,301,"farming, crop management",Agronomy
Art,4,4,6,-1,-1,-1,-1,-1,-1,-1,-1,6,5,6,4,4,-1,5,-1,-1,-1,-1,194,"crime investigation, criminal justice",Criminology
Art,1,4,5,-1,-1,-1,-1,-1,-1,-1,-1,5,5,4,6,4,-1,-1,-1,6,-1,-1,206,"tourism, heritage",Museum and Heritage Studies
Art,2,5,6,-1,-1,-1,-1,-1,-1,-1,-1,6,6,4,6,5,-1,-1,5,-1,-1,-1,144,"textiles, fashion trends",Fashion Design
Art,3,4,6,-1,-1,-1,-1,-1,-1,-1,-1,4,5,6,6,5,4,-1,-1,-1,-1,-1,197,"drawing outfits, clothing",Fashion Design
Commercial,6,6,5,-1,-1,-1,-1,-1,-1,-1,-1,6,6,-1,5,-1,-1,-1,-1,-1,5,5,291,"financial records, bookkeeping",Accounting
Science,4,5,4,6,6,2,-1,4,-1,-1,-1,-1,-1,-1,-1,-1,-1,-1,-1,-1,-1,-1,223,"automation, AI",Artificial Intelligence
Science,5,4,5,5,4,3,4,5,-1,-1,-1,-1,-1,-1,-1,-1,-1,-1,-1,-1,-1,-1,257,"electronics, hardware",Electronic Engineering
Science,4,4,4,6,5,3,4,4,-1,-1,-1,-1,-1,-1,-1,-1,-1,-1,-1,-1,-1,-1,272,"design, drawing",Architecture
Science,5,6,6,6,4,6,-1,4,5,-1,-1,-1,-1,-1,-1,-1,-1,-1,-1,-1,-1,-1,266,"hospital, patients",Nursing
Science,4,6,5,1,4,4,-1,5,6,-1,-1,-1,-1,-1,-1,-1,-1,-1,-1,-1,-1,-1,270,"food, health diet",Nutrition and Dietetics
Science,6,5,4,4,6,5,-1,6,4,-1,-1,-1,-1,-1,-1,-1,-1,-1,-1,-1,-1,-1,308,"microorganisms, research",Microbiology
Science,4,6,6,5,4,4,-1,6,-1,-1,5,-1,-1,-1,-1,-1,-1,-1,-1,-1,-1,-1,220,"climate, environment",Environmental Science
Science,6,6,6,4,6,6,-1,2,-1,4,-1,-1,-1,-1,-1,-1,-1,-1,-1,-1,-1,-1,275,"vertinary care, livestock farming",Animal Science
Art,5,6,5,-1,-1,-1,-1,-1,-1,-1,-1,5,4,4,5,4,-1,5,-1,-1,-1,-1,203,"crime investigation, forensic studies",Criminology
Art,1,5,4,-1,-1,-1,-1,-1,-1,-1,-1,4,5,6,6,6,-1,-1,-1,6,-1,-1,187,"tour guiding, customer service",Tourism and Hospitality
Art,3,4,4,-1,-1,-1,-1,-1,-1,-1,-1,6,6,4,6,5,-1,-1,6,-1,-1,-1,149,"visual storytelling, creative editing",Motion Graphics
Art,2,6,4,-1,-1,-1,-1,-1,-1,-1,-1,5,4,4,6,4,6,-1,-1,-1,-1,-1,141,"animation, visual storytelling",Motion Graphics
Commercial,6,6,4,-1,-1,-1,-1,-1,-1,-1,-1,4,5,-1,4,-1,-1,-1,-1,-1,6,4,301,"risk management, claims processing",Insurance
Science,5,4,5,5,4,2,-1,6,-1,-1,-1,-1,-1,-1,-1,-1,-1,-1,-1,-1,-1,-1,273,"software systems, apps",Software Engineering
Science,4,4,6,4,4,3,5,4,-1,-1,-1,-1,-1,-1,-1,-1,-1,-1,-1,-1,-1,-1,277,"oil, drilling",Petroleum Engineering
Science,6,5,6,6,5,2,4,4,-1,-1,-1,-1,-1,-1,-1,-1,-1,-1,-1,-1,-1,-1,288,"land valuation, facility management",Estate Management
Science,4,5,6,4,5,5,-1,6,6,-1,-1,-1,-1,-1,-1,-1,-1,-1,-1,-1,-1,-1,309,"veterinary care, animals",Veterinary Medicine
Science,6,6,4,3,6,5,-1,5,6,-1,-1,-1,-1,-1,-1,-1,-1,-1,-1,-1,-1,-1,251,"disease prevention, community health",Public Health
Science,5,6,5,4,6,6,-1,4,6,-1,-1,-1,-1,-1,-1,-1,-1,-1,-1,-1,-1,-1,264,"research, technology",Applied Physics
Science,6,5,6,4,6,4,-1,4,-1,-1,5,-1,-1,-1,-1,-1,-1,-1,-1,-1,-1,-1,312,"seismology, earth structure",Geophysics
Science,4,4,5,6,6,4,-1,3,-1,6,-1,-1,-1,-1,-1,-1,-1,-1,-1,-1,-1,-1,317,"plants, crop production",Crop Science
Art,4,6,5,-1,-1,-1,-1,-1,-1,-1,-1,6,6,5,6,6,-1,5,-1,-1,-1,-1,194,"crime investigation, forensic studies",Criminology
Art,3,5,5,-1,-1,-1,-1,-1,-1,-1,-1,5,6,4,6,5,-1,-1,-1,4,-1,-1,196,"analysis, research",Research and Policy Analysis
Art,2,6,5,-1,-1,-1,-1,-1,-1,-1,-1,5,6,6,5,4,-1,-1,6,-1,-1,-1,166,"crafts, painting",Painting and Sculpture
Art,1,4,5,-1,-1,-1,-1,-1,-1,-1,-1,4,4,6,6,4,5,-1,-1,-1,-1,-1,145,"fine arts, crafts",Painting and Sculpture
Commercial,5,4,4,-1,-1,-1,-1,-1,-1,-1,-1,6,4,-1,5,-1,-1,-1,-1,-1,6,5,303,"branding, consumer behavior",Marketing
Science,5,5,6,5,4,1,-1,5,-1,-1,-1,-1,-1,-1,-1,-1,-1,-1,-1,-1,-1,-1,247,"IT systems, computers",Information Technology
Science,5,4,4,5,5,3,4,6,-1,-1,-1,-1,-1,-1,-1,-1,-1,-1,-1,-1,-1,-1,259,"structures, materials",Materials Engineering
Science,4,6,5,5,4,3,5,4,-1,-1,-1,-1,-1,-1,-1,-1,-1,-1,-1,-1,-1,-1,260,"environmental planning, transport systems",Urban and Regional Planning
Science,6,4,4,5,5,5,-1,4,4,-1,-1,-1,-1,-1,-1,-1,-1,-1,-1,-1,-1,-1,289,"cancer, treatment",Oncology
Science,4,6,4,1,4,5,-1,5,4,-1,-1,-1,-1,-1,-1,-1,-1,-1,-1,-1,-1,-1,287,"disease prevention, community health",Public Health
Science,6,5,4,5,4,4,-1,6,6,-1,-1,-1,-1,-1,-1,-1,-1,-1,-1,-1,-1,-1,242,"life science, nature",Biology
Science,5,5,6,5,4,5,-1,6,-1,-1,6,-1,-1,-1,-1,-1,-1,-1,-1,-1,-1,-1,265,"marine life, oceans",Marine Science
Science,6,4,6,5,4,6,-1,1,-1,4,-1,-1,-1,-1,-1,-1,-1,-1,-1,-1,-1,-1,232,"tree planting, forest conservation",Forestry
Art,5,4,5,-1,-1,-1,-1,-1,-1,-1,-1,4,6,5,5,6,-1,6,-1,-1,-1,-1,230,"crime investigation, criminal justice",Criminology
Art,2,5,6,-1,-1,-1,-1,-1,-1,-1,-1,6,4,6,5,5,-1,-1,-1,4,-1,-1,179,"analysis, problem solving",Research and Policy Analysis
Art,1,4,6,-1,-1,-1,-1,-1,-1,-1,-1,5,4,5,4,6,-1,-1,6,-1,-1,-1,160,"branding, posters",Graphics Design
Art,3,4,4,-1,-1,-1,-1,-1,-1,-1,-1,4,6,6,6,6,4,-1,-1,-1,-1,-1,200,"posters, design",Graphics Design
Commercial,6,6,6,-1,-1,-1,-1,-1,-1,-1,-1,5,4,-1,5,-1,-1,-1,-1,-1,5,6,250,"risk management, financial protection",Insurance
Science,6,6,6,4,5,3,-1,4,-1,-1,-1,-1,-1,-1,-1,-1,-1,-1,-1,-1,-1,-1,253,"business IT, systems",Information Systems
Science,6,4,5,4,6,2,6,4,-1,-1,-1,-1,-1,-1,-1,-1,-1,-1,-1,-1,-1,-1,255,"health technology, medical devices",Biomedical Engineering
Science,5,4,5,4,4,1,6,5,-1,-1,-1,-1,-1,-1,-1,-1,-1,-1,-1,-1,-1,-1,252,"community planning, environmental planning",Urban and Regional Planning
Science,6,4,6,5,5,4,-1,4,6,-1,-1,-1,-1,-1,-1,-1,-1,-1,-1,-1,-1,-1,314,"veterinary care, animals",Veterinary Medicine
Science,6,6,6,3,4,4,-1,4,5,-1,-1,-1,-1,-1,-1,-1,-1,-1,-1,-1,-1,-1,296,"disease prevention, community health",Public Health
Science,5,4,4,6,4,6,-1,5,5,-1,-1,-1,-1,-1,-1,-1,-1,-1,-1,-1,-1,-1,261,"data analysis, probability",Statistics
Science,6,6,5,5,5,5,-1,4,-1,-1,6,-1,-1,-1,-1,-1,-1,-1,-1,-1,-1,-1,278,"environment, climate",Environmental Science
Science,5,6,5,4,5,5,-1,1,-1,4,-1,-1,-1,-1,-1,-1,-1,-1,-1,-1,-1,-1,293,"flower cultivation, landscaping",Horticulture
Art,5,5,4,-1,-1,-1,-1,-1,-1,-1,-1,5,4,5,4,4,-1,4,-1,-1,-1,-1,191,"social behavior, cultural studies",Sociology
Art,1,5,6,-1,-1,-1,-1,-1,-1,-1,-1,5,6,6,6,4,-1,-1,-1,6,-1,-1,218,"libraries, historical records",Archival Studies
Art,3,6,6,-1,-1,-1,-1,-1,-1,-1,-1,5,5,6,4,6,-1,-1,5,-1,-1,-1,152,"animation, video effects",Motion Graphics
Art,1,6,5,-1,-1,-1,-1,-1,-1,-1,-1,6,6,6,4,6,6,-1,-1,-1,-1,-1,155,"animation, video effects",Motion Graphics
Commercial,5,6,5,-1,-1,-1,-1,-1,-1,-1,-1,4,6,-1,5,-1,-1,-1,-1,-1,6,6,264,"organizational planning, office administration",Business Administration
Science,5,5,6,5,4,1,-1,4,-1,-1,-1,-1,-1,-1,-1,-1,-1,-1,-1,-1,-1,-1,218,"AI, automation",Artificial Intelligence
Science,6,4,5,5,4,3,5,6,-1,-1,-1,-1,-1,-1,-1,-1,-1,-1,-1,-1,-1,-1,252,"structures, buildings",Civil Engineering
Science,5,5,5,6,5,3,5,6,-1,-1,-1,-1,-1,-1,-1,-1,-1,-1,-1,-1,-1,-1,231,"spatial data, land measurement",Surveying and Geoinformatics
Science,6,6,4,4,4,5,-1,5,5,-1,-1,-1,-1,-1,-1,-1,-1,-1,-1,-1,-1,-1,258,"human body, medical science",Anatomy
Science,6,6,6,2,5,6,-1,4,4,-1,-1,-1,-1,-1,-1,-1,-1,-1,-1,-1,-1,-1,225,"disease prevention, community health",Public Health
Science,5,5,4,6,5,4,-1,4,4,-1,-1,-1,-1,-1,-1,-1,-1,-1,-1,-1,-1,-1,307,"research, technology",Applied Physics
Science,5,5,6,4,6,4,-1,5,-1,-1,4,-1,-1,-1,-1,-1,-1,-1,-1,-1,-1,-1,251,"climate, weather",Meteorology
Science,5,6,4,6,6,6,-1,3,-1,4,-1,-1,-1,-1,-1,-1,-1,-1,-1,-1,-1,-1,226,"crop production, harvesting",Crop Science
Art,4,4,5,-1,-1,-1,-1,-1,-1,-1,-1,6,5,6,5,5,-1,5,-1,-1,-1,-1,213,"media, news reporting",Journalism and Media Studies
Art,1,4,5,-1,-1,-1,-1,-1,-1,-1,-1,4,4,5,4,4,-1,-1,-1,6,-1,-1,179,"tour guiding, culture",Tourism and Hospitality
Art,3,5,4,-1,-1,-1,-1,-1,-1,-1,-1,4,4,4,6,5,-1,-1,4,-1,-1,-1,163,"user experience, website layouts",Web Design
Art,1,5,4,-1,-1,-1,-1,-1,-1,-1,-1,5,5,5,4,4,6,-1,-1,-1,-1,-1,168,"website layouts, creative coding",Web Design
Commercial,5,5,6,-1,-1,-1,-1,-1,-1,-1,-1,5,6,-1,5,-1,-1,-1,-1,-1,4,6,304,"auditing, financial records",Accounting
Science,6,6,4,6,5,1,-1,5,-1,-1,-1,-1,-1,-1,-1,-1,-1,-1,-1,-1,-1,-1,210,"data, analysis",Data Science
Science,4,6,6,5,4,1,4,6,-1,-1,-1,-1,-1,-1,-1,-1,-1,-1,-1,-1,-1,-1,250,"engines, automobiles",Automotive Engineering
Science,5,5,5,5,6,3,5,5,-1,-1,-1,-1,-1,-1,-1,-1,-1,-1,-1,-1,-1,-1,259,"facility management, land valuation",Estate Management
Science,6,5,6,5,5,6,-1,4,4,-1,-1,-1,-1,-1,-1,-1,-1,-1,-1,-1,-1,-1,251,"health science, body functions",Physiology
Science,5,4,5,1,4,6,-1,5,4,-1,-1,-1,-1,-1,-1,-1,-1,-1,-1,-1,-1,-1,283,"health diet, food",Nutrition and Dietetics
Science,6,4,4,6,6,4,-1,5,5,-1,-1,-1,-1,-1,-1,-1,-1,-1,-1,-1,-1,-1,246,"biological molecules, lab work",Biochemistry
Science,5,5,4,4,4,6,-1,5,-1,-1,5,-1,-1,-1,-1,-1,-1,-1,-1,-1,-1,-1,235,"oceans, marine life",Marine Science
Science,5,6,4,5,6,5,-1,1,-1,6,-1,-1,-1,-1,-1,-1,-1,-1,-1,-1,-1,-1,274,"market analysis, agribusiness",Agricultural Economics
Art,5,4,4,-1,-1,-1,-1,-1,-1,-1,-1,5,4,6,6,4,-1,5,-1,-1,-1,-1,206,"politics, diplomacy",International Relations
Art,2,5,6,-1,-1,-1,-1,-1,-1,-1,-1,4,4,5,5,5,-1,-1,-1,6,-1,-1,186,"ancient civilization, historical artifacts",Archaeology
Art,3,5,6,-1,-1,-1,-1,-1,-1,-1,-1,6,6,4,6,6,-1,-1,5,-1,-1,-1,191,"user experience, ui design",Web Design
Art,1,5,6,-1,-1,-1,-1,-1,-1,-1,-1,5,4,4,6,6,4,-1,-1,-1,-1,-1,166,"website layouts, ui design",Web Design
Commercial,5,5,6,-1,-1,-1,-1,-1,-1,-1,-1,4,5,-1,6,-1,-1,-1,-1,-1,5,6,236,"office administration, business management",Business Administration
Science,5,5,6,5,4,3,-1,4,-1,-1,-1,-1,-1,-1,-1,-1,-1,-1,-1,-1,-1,-1,214,"development, software systems",Software Engineering
Science,5,5,4,5,4,1,4,6,-1,-1,-1,-1,-1,-1,-1,-1,-1,-1,-1,-1,-1,-1,264,"oil, gas",Petroleum Engineering
Science,4,6,6,6,5,1,5,4,-1,-1,-1,-1,-1,-1,-1,-1,-1,-1,-1,-1,-1,-1,280,"facility management, real estate",Estate Management
Science,5,4,5,4,5,4,-1,6,5,-1,-1,-1,-1,-1,-1,-1,-1,-1,-1,-1,-1,-1,259,"drugs, laboratory",Pharmacy
Science,6,4,6,3,5,5,-1,5,4,-1,-1,-1,-1,-1,-1,-1,-1,-1,-1,-1,-1,-1,225,"health diet, food",Nutrition and Dietetics
Science,4,4,6,4,5,6,-1,4,5,-1,-1,-1,-1,-1,-1,-1,-1,-1,-1,-1,-1,-1,295,"laboratory, reactions",Chemistry
Science,6,5,6,4,5,5,-1,4,-1,-1,5,-1,-1,-1,-1,-1,-1,-1,-1,-1,-1,-1,234,"earth science, rocks",Geology
Science,4,4,4,6,5,4,-1,3,-1,5,-1,-1,-1,-1,-1,-1,-1,-1,-1,-1,-1,-1,231,"fruit production, flower cultivation",Horticulture
Art,6,4,5,-1,-1,-1,-1,-1,-1,-1,-1,5,5,5,6,6,-1,6,-1,-1,-1,-1,182,"social justice, community service",Human Rights and Advocacy
Art,3,6,5,-1,-1,-1,-1,-1,-1,-1,-1,4,6,4,4,5,-1,-1,-1,6,-1,-1,182,"excavation, historical artifacts",Archaeology
Art,3,6,5,-1,-1,-1,-1,-1,-1,-1,-1,4,4,5,6,4,-1,-1,4,-1,-1,-1,187,"creative coding, ui design",Web Design
Art,2,5,4,-1,-1,-1,-1,-1,-1,-1,-1,5,4,6,6,4,6,-1,-1,-1,-1,-1,202,"user experience, website layouts",Web Design
Commercial,5,4,5,-1,-1,-1,-1,-1,-1,-1,-1,5,5,-1,4,-1,-1,-1,-1,-1,5,5,293,"branding, sales strategies",Marketing
Science,5,6,4,4,4,2,-1,4,-1,-1,-1,-1,-1,-1,-1,-1,-1,-1,-1,-1,-1,-1,265,"software, coding",Computer Science
Science,4,4,4,4,4,1,5,6,-1,-1,-1,-1,-1,-1,-1,-1,-1,-1,-1,-1,-1,-1,225,"metals, materials",Materials Engineering
Science,4,4,5,5,5,1,5,5,-1,-1,-1,-1,-1,-1,-1,-1,-1,-1,-1,-1,-1,-1,246,"real estate, property management",Estate Management
Science,5,4,5,6,6,6,-1,6,4,-1,-1,-1,-1,-1,-1,-1,-1,-1,-1,-1,-1,-1,312,"health science, body functions",Physiology
Science,5,6,6,2,4,5,-1,5,6,-1,-1,-1,-1,-1,-1,-1,-1,-1,-1,-1,-1,-1,284,"disease prevention, community health",Public Health
Science,5,5,6,5,6,5,-1,5,5,-1,-1,-1,-1,-1,-1,-1,-1,-1,-1,-1,-1,-1,245,"computation, modeling",Applied Mathematics
Science,5,5,6,6,4,4,-1,5,-1,-1,5,-1,-1,-1,-1,-1,-1,-1,-1,-1,-1,-1,291,"earth science, rocks",Geology
Science,5,5,5,4,5,6,-1,2,-1,4,-1,-1,-1,-1,-1,-1,-1,-1,-1,-1,-1,-1,312,"vertinary care, animal breeding",Animal Science
Art,4,4,4,-1,-1,-1,-1,-1,-1,-1,-1,5,4,6,6,5,-1,4,-1,-1,-1,-1,211,"birth rates, statistical analysis",Demography
Art,1,5,4,-1,-1,-1,-1,-1,-1,-1,-1,5,5,6,5,5,-1,-1,-1,4,-1,-1,206,"excavation, ancient civilization",Archaeology
Art,3,6,5,-1,-1,-1,-1,-1,-1,-1,-1,4,6,5,4,6,-1,-1,4,-1,-1,-1,197,"storytelling, cartoons",Animation
Art,1,5,4,-1,-1,-1,-1,-1,-1,-1,-1,6,4,4,4,4,4,-1,-1,-1,-1,-1,176,"cartoons, motion graphics",Animation
Commercial,6,6,5,-1,-1,-1,-1,-1,-1,-1,-1,5,4,-1,5,-1,-1,-1,-1,-1,4,4,332,"recruitment, employee relations",Human Resource Management
Science,4,4,6,4,5,1,-1,6,-1,-1,-1,-1,-1,-1,-1,-1,-1,-1,-1,-1,-1,-1,219,"machine learning, automation",Artificial Intelligence
Science,6,4,4,6,6,1,5,4,-1,-1,-1,-1,-1,-1,-1,-1,-1,-1,-1,-1,-1,-1,224,"devices, hardware",Electronic Engineering
Science,6,5,6,6,6,1,4,6,-1,-1,-1,-1,-1,-1,-1,-1,-1,-1,-1,-1,-1,-1,223,"design, AutoCad",Architecture
Science,6,6,4,6,6,6,-1,6,5,-1,-1,-1,-1,-1,-1,-1,-1,-1,-1,-1,-1,-1,281,"dental care, teeth",Dentistry
Science,6,6,5,2,6,5,-1,6,5,-1,-1,-1,-1,-1,-1,-1,-1,-1,-1,-1,-1,-1,294,"health diet, food",Nutrition and Dietetics
Science,4,5,5,4,6,6,-1,6,5,-1,-1,-1,-1,-1,-1,-1,-1,-1,-1,-1,-1,-1,250,"research, microorganisms",Microbiology
Science,4,4,6,5,5,4,-1,4,-1,-1,5,-1,-1,-1,-1,-1,-1,-1,-1,-1,-1,-1,267,"earth science, rocks",Geology
Science,5,4,4,5,4,5,-1,3,-1,6,-1,-1,-1,-1,-1,-1,-1,-1,-1,-1,-1,-1,312,"crop production, plant breeding",Crop Science
Art,6,4,6,-1,-1,-1,-1,-1,-1,-1,-1,6,4,6,6,4,-1,5,-1,-1,-1,-1,193,"crime investigation, forensic studies",Criminology
Art,3,5,5,-1,-1,-1,-1,-1,-1,-1,-1,5,6,5,4,4,-1,-1,-1,4,-1,-1,175,"heritage, history preservation",Museum and Heritage Studies
Art,2,4,5,-1,-1,-1,-1,-1,-1,-1,-1,5,6,4,5,6,-1,-1,5,-1,-1,-1,140,"textiles, fashion trends",Fashion Design
Art,2,6,4,-1,-1,-1,-1,-1,-1,-1,-1,6,5,6,5,5,4,-1,-1,-1,-1,-1,153,"textiles, clothing",Fashion Design
Commercial,6,5,6,-1,-1,-1,-1,-1,-1,-1,-1,4,4,-1,6,-1,-1,-1,-1,-1,4,4,297,"task management, projects",Project Management
Science,6,5,6,5,5,1,-1,5,-1,-1,-1,-1,-1,-1,-1,-1,-1,-1,-1,-1,-1,-1,264,"apps, software systems",Software Engineering
Science,6,6,6,4,6,3,4,5,-1,-1,-1,-1,-1,-1,-1,-1,-1,-1,-1,-1,-1,-1,270,"machines, engines",Mechanical Engineering
Science,4,5,4,5,5,1,5,4,-1,-1,-1,-1,-1,-1,-1,-1,-1,-1,-1,-1,-1,-1,242,"cost analysis, building estimation",Quantity Surveying
Science,5,5,4,4,6,6,-1,6,6,-1,-1,-1,-1,-1,-1,-1,-1,-1,-1,-1,-1,-1,305,"medical science, human body",Anatomy
Science,5,5,5,3,6,5,-1,5,6,-1,-1,-1,-1,-1,-1,-1,-1,-1,-1,-1,-1,-1,250,"health diet, food",Nutrition and Dietetics
Science,6,5,4,5,6,5,-1,4,4,-1,-1,-1,-1,-1,-1,-1,-1,-1,-1,-1,-1,-1,231,"technology, research",Applied Physics
Science,4,6,5,6,5,5,-1,6,-1,-1,4,-1,-1,-1,-1,-1,-1,-1,-1,-1,-1,-1,320,"oceans, marine life",Marine Science
Science,5,5,4,5,4,5,-1,2,-1,6,-1,-1,-1,-1,-1,-1,-1,-1,-1,-1,-1,-1,255,"crops, soil",Agronomy
Art,6,4,6,-1,-1,-1,-1,-1,-1,-1,-1,5,5,5,4,4,-1,4,-1,-1,-1,-1,212,"leadership, policy making",Public Administration
Art,1,5,6,-1,-1,-1,-1,-1,-1,-1,-1,4,4,6,5,5,-1,-1,-1,4,-1,-1,219,"documentation, record keeping",Archival Studies
Art,1,5,6,-1,-1,-1,-1,-1,-1,-1,-1,6,6,5,6,4,-1,-1,5,-1,-1,-1,211,"digital painting, drawing tablets",Digital Art
Art,1,6,5,-1,-1,-1,-1,-1,-1,-1,-1,5,4,5,5,6,4,-1,-1,-1,-1,-1,152,"drawing tablets, art technology",Digital Art
Commercial,6,4,6,-1,-1,-1,-1,-1,-1,-1,-1,4,4,-1,4,-1,-1,-1,-1,-1,4,4,242,"risk analysis, insurance mathematics",Actuarial Science
Science,5,4,6,6,5,1,-1,4,-1,-1,-1,-1,-1,-1,-1,-1,-1,-1,-1,-1,-1,-1,238,"software, coding",Computer Science
Science,4,4,4,5,6,1,6,6,-1,-1,-1,-1,-1,-1,-1,-1,-1,-1,-1,-1,-1,-1,276,"production, processes",Chemical Engineering
Science,5,4,4,5,5,3,5,6,-1,-1,-1,-1,-1,-1,-1,-1,-1,-1,-1,-1,-1,-1,287,"geographic information system, mapping",Surveying and Geoinformatics
Science,5,6,6,5,5,5,-1,5,4,-1,-1,-1,-1,-1,-1,-1,-1,-1,-1,-1,-1,-1,299,"veterinary care, animals",Veterinary Medicine
Science,4,4,4,1,4,4,-1,6,5,-1,-1,-1,-1,-1,-1,-1,-1,-1,-1,-1,-1,-1,243,"disease prevention, community health",Public Health
Science,4,6,4,5,5,4,-1,4,5,-1,-1,-1,-1,-1,-1,-1,-1,-1,-1,-1,-1,-1,259,"energy, experiments",Physics
Science,6,5,4,6,6,6,-1,6,-1,-1,4,-1,-1,-1,-1,-1,-1,-1,-1,-1,-1,-1,249,"environment, climate",Environmental Science
Science,5,6,4,6,5,4,-1,2,-1,4,-1,-1,-1,-1,-1,-1,-1,-1,-1,-1,-1,-1,316,"agricultural technology, crop cultivation",Agricultural Science
Art,4,5,4,-1,-1,-1,-1,-1,-1,-1,-1,4,5,5,5,6,-1,6,-1,-1,-1,-1,179,"administration, public serving",Public Administration
Art,1,6,4,-1,-1,-1,-1,-1,-1,-1,-1,6,5,6,4,5,-1,-1,-1,5,-1,-1,202,"tourism, culture",Museum and Heritage Studies
Art,2,5,4,-1,-1,-1,-1,-1,-1,-1,-1,5,6,4,4,5,-1,-1,4,-1,-1,-1,164,"character design, digital art",Illustration
Art,3,6,6,-1,-1,-1,-1,-1,-1,-1,-1,6,5,6,4,5,6,-1,-1,-1,-1,-1,208,"Sketching, digital art",Illustration
Commercial,6,4,5,-1,-1,-1,-1,-1,-1,-1,-1,5,5,-1,6,-1,-1,-1,-1,-1,5,5,325,"financial protection, risk management",Insurance
Science,5,5,6,4,5,1,-1,5,-1,-1,-1,-1,-1,-1,-1,-1,-1,-1,-1,-1,-1,-1,251,"software integration, hardware",Computer Engineering
Science,6,5,4,6,6,3,5,4,-1,-1,-1,-1,-1,-1,-1,-1,-1,-1,-1,-1,-1,-1,244,"materials, metals",Materials Engineering
Science,5,4,4,6,4,3,6,4,-1,-1,-1,-1,-1,-1,-1,-1,-1,-1,-1,-1,-1,-1,261,"land measurement, geographic information system",Surveying and Geoinformatics
Science,5,4,4,4,6,6,-1,6,6,-1,-1,-1,-1,-1,-1,-1,-1,-1,-1,-1,-1,-1,316,"diagnosis, laboratory",Medical Laboratory Science
Science,6,6,5,2,6,6,-1,5,6,-1,-1,-1,-1,-1,-1,-1,-1,-1,-1,-1,-1,-1,273,"food, health diet",Nutrition and Dietetics
Science,6,6,4,6,6,4,-1,5,5,-1,-1,-1,-1,-1,-1,-1,-1,-1,-1,-1,-1,-1,257,"bioengineering, genetics",Biotechnology
Science,6,6,4,5,4,4,-1,5,-1,-1,4,-1,-1,-1,-1,-1,-1,-1,-1,-1,-1,-1,303,"rocks, earth science",Geology
Science,6,6,6,5,5,5,-1,2,-1,6,-1,-1,-1,-1,-1,-1,-1,-1,-1,-1,-1,-1,239,"soil testing, land management",Soil Science
Art,4,6,5,-1,-1,-1,-1,-1,-1,-1,-1,6,4,5,6,4,-1,4,-1,-1,-1,-1,192,"population studies, birth rates",Demography
Art,1,4,5,-1,-1,-1,-1,-1,-1,-1,-1,4,5,5,5,4,-1,-1,-1,4,-1,-1,220,"data gathering, research",Research and Policy Analysis
Art,3,6,5,-1,-1,-1,-1,-1,-1,-1,-1,6,4,6,4,6,-1,-1,6,-1,-1,-1,184,"creative editing, animation",Motion Graphics
Art,1,5,6,-1,-1,-1,-1,-1,-1,-1,-1,6,4,5,4,5,4,-1,-1,-1,-1,-1,201,"animation, creative editing",Motion Graphics
Commercial,4,5,4,-1,-1,-1,-1,-1,-1,-1,-1,4,5,-1,5,-1,-1,-1,-1,-1,6,5,315,"banking, money management",Banking and Finance
Science,4,5,6,6,4,3,-1,5,-1,-1,-1,-1,-1,-1,-1,-1,-1,-1,-1,-1,-1,-1,243,"data, analysis",Data Science
Science,5,4,5,5,4,2,6,6,-1,-1,-1,-1,-1,-1,-1,-1,-1,-1,-1,-1,-1,-1,275,"metals, materials",Materials Engineering
Science,6,6,4,6,4,3,4,6,-1,-1,-1,-1,-1,-1,-1,-1,-1,-1,-1,-1,-1,-1,252,"transport systems, city development",Urban and Regional Planning
Science,5,4,4,4,5,6,-1,4,5,-1,-1,-1,-1,-1,-1,-1,-1,-1,-1,-1,-1,-1,303,"medical science, human body",Anatomy
Science,6,4,4,2,4,4,-1,6,5,-1,-1,-1,-1,-1,-1,-1,-1,-1,-1,-1,-1,-1,280,"community health, disease prevention",Public Health
Science,6,4,4,4,4,5,-1,5,6,-1,-1,-1,-1,-1,-1,-1,-1,-1,-1,-1,-1,-1,254,"bioengineering, genetics",Biotechnology
Science,5,6,6,5,5,5,-1,4,-1,-1,6,-1,-1,-1,-1,-1,-1,-1,-1,-1,-1,-1,250,"earth structure, seismology",Geophysics
Science,6,5,5,6,6,5,-1,2,-1,5,-1,-1,-1,-1,-1,-1,-1,-1,-1,-1,-1,-1,309,"soil testing, land management",Soil Science
Art,6,5,4,-1,-1,-1,-1,-1,-1,-1,-1,4,5,6,6,5,-1,5,-1,-1,-1,-1,165,"law enforcement, crime investigation",Criminology
Art,1,4,4,-1,-1,-1,-1,-1,-1,-1,-1,4,6,5,6,6,-1,-1,-1,4,-1,-1,194,"libraries, documentation",Archival Studies
Art,2,6,4,-1,-1,-1,-1,-1,-1,-1,-1,5,5,4,6,4,-1,-1,5,-1,-1,-1,200,"drawing tablets, art technology",Digital Art
Art,1,4,4,-1,-1,-1,-1,-1,-1,-1,-1,6,4,6,6,6,4,-1,-1,-1,-1,-1,161,"drawing tablets, art technology",Digital Art
Commercial,4,4,5,-1,-1,-1,-1,-1,-1,-1,-1,4,4,-1,4,-1,-1,-1,-1,-1,6,6,287,"branding, consumer behavior",Marketing
Science,6,4,5,5,4,2,-1,5,-1,-1,-1,-1,-1,-1,-1,-1,-1,-1,-1,-1,-1,-1,259,"coding, programming",Computer Science
Science,6,4,5,4,6,3,5,5,-1,-1,-1,-1,-1,-1,-1,-1,-1,-1,-1,-1,-1,-1,280,"production, systems",Industrial Engineering
Science,5,6,5,5,6,1,5,5,-1,-1,-1,-1,-1,-1,-1,-1,-1,-1,-1,-1,-1,-1,286,"transport systems, community planning",Urban and Regional Planning
Science,6,5,5,6,6,6,-1,5,6,-1,-1,-1,-1,-1,-1,-1,-1,-1,-1,-1,-1,-1,279,"hospital, care",Nursing
Science,6,4,5,3,4,5,-1,4,4,-1,-1,-1,-1,-1,-1,-1,-1,-1,-1,-1,-1,-1,231,"disease prevention, community health",Public Health
Science,5,6,4,6,4,5,-1,5,5,-1,-1,-1,-1,-1,-1,-1,-1,-1,-1,-1,-1,-1,315,"motion, energy",Physics
Science,6,4,6,4,6,5,-1,6,-1,-1,6,-1,-1,-1,-1,-1,-1,-1,-1,-1,-1,-1,316,"seismology, earth structure",Geophysics
Science,5,4,5,6,4,5,-1,2,-1,4,-1,-1,-1,-1,-1,-1,-1,-1,-1,-1,-1,-1,312,"crop production, plant breeding",Crop Science
Art,5,5,6,-1,-1,-1,-1,-1,-1,-1,-1,5,6,5,5,6,-1,5,-1,-1,-1,-1,213,"leadership, public serving",Public Administration
Art,3,5,5,-1,-1,-1,-1,-1,-1,-1,-1,6,6,5,6,6,-1,-1,-1,5,-1,-1,231,"culture, travel",Tourism and Hospitality
Art,1,6,4,-1,-1,-1,-1,-1,-1,-1,-1,4,5,6,6,6,-1,-1,4,-1,-1,-1,144,"creative editing, animation",Motion Graphics
Art,1,4,6,-1,-1,-1,-1,-1,-1,-1,-1,6,6,5,6,6,6,-1,-1,-1,-1,-1,149,"creative editing, animation",Motion Graphics
Commercial,6,4,6,-1,-1,-1,-1,-1,-1,-1,-1,5,5,-1,5,-1,-1,-1,-1,-1,4,5,326,"auditing, financial records",Accounting
Science,4,4,4,5,4,1,-1,6,-1,-1,-1,-1,-1,-1,-1,-1,-1,-1,-1,-1,-1,-1,234,"software integration, hardware",Computer Engineering
Science,6,6,5,4,4,3,4,5,-1,-1,-1,-1,-1,-1,-1,-1,-1,-1,-1,-1,-1,-1,286,"drilling, gas",Petroleum Engineering
Science,4,6,5,5,4,2,5,5,-1,-1,-1,-1,-1,-1,-1,-1,-1,-1,-1,-1,-1,-1,285,"drawing, AutoCad",Architecture
Science,5,5,6,6,4,5,-1,6,5,-1,-1,-1,-1,-1,-1,-1,-1,-1,-1,-1,-1,-1,311,"dental care, teeth",Dentistry
Science,6,4,6,2,4,6,-1,4,4,-1,-1,-1,-1,-1,-1,-1,-1,-1,-1,-1,-1,-1,253,"community health, disease prevention",Public Health
Science,4,4,6,6,6,6,-1,5,4,-1,-1,-1,-1,-1,-1,-1,-1,-1,-1,-1,-1,-1,256,"life science, nature",Biology
Science,5,5,4,5,6,6,-1,4,-1,-1,6,-1,-1,-1,-1,-1,-1,-1,-1,-1,-1,-1,237,"oceans, marine life",Marine Science
Science,6,6,6,5,4,5,-1,2,-1,5,-1,-1,-1,-1,-1,-1,-1,-1,-1,-1,-1,-1,281,"tree planting, wildlife management",Forestry
Art,5,5,6,-1,-1,-1,-1,-1,-1,-1,-1,4,5,6,5,6,-1,4,-1,-1,-1,-1,217,"leadership, administration",Public Administration
Art,3,5,6,-1,-1,-1,-1,-1,-1,-1,-1,4,4,4,5,4,-1,-1,-1,5,-1,-1,171,"record keeping, libraries",Archival Studies
Art,1,6,4,-1,-1,-1,-1,-1,-1,-1,-1,4,6,5,6,6,-1,-1,6,-1,-1,-1,187,"fashion trends, textiles",Fashion Design
Art,3,6,5,-1,-1,-1,-1,-1,-1,-1,-1,4,4,4,5,5,4,-1,-1,-1,-1,-1,164,"drawing outfits, fashion trends",Fashion Design
Commercial,5,5,4,-1,-1,-1,-1,-1,-1,-1,-1,6,5,-1,5,-1,-1,-1,-1,-1,6,4,265,"risk analysis, insurance mathematics",Actuarial Science
Science,4,6,4,6,6,2,-1,4,-1,-1,-1,-1,-1,-1,-1,-1,-1,-1,-1,-1,-1,-1,210,"software systems, apps",Software Engineering
Science,6,4,4,5,4,3,5,4,-1,-1,-1,-1,-1,-1,-1,-1,-1,-1,-1,-1,-1,-1,263,"systems, automation",Mechatronics Engineering
Science,5,4,4,6,6,1,4,6,-1,-1,-1,-1,-1,-1,-1,-1,-1,-1,-1,-1,-1,-1,234,"construction costs, building estimation",Quantity Surveying
Science,5,5,6,4,4,4,-1,5,6,-1,-1,-1,-1,-1,-1,-1,-1,-1,-1,-1,-1,-1,303,"testing, laboratory",Medical Laboratory Science
Science,4,4,5,1,5,4,-1,4,4,-1,-1,-1,-1,-1,-1,-1,-1,-1,-1,-1,-1,-1,240,"disease prevention, community health",Public Health
Science,6,6,6,4,4,5,-1,5,5,-1,-1,-1,-1,-1,-1,-1,-1,-1,-1,-1,-1,-1,233,"industry, chemical production",Industrial Chemistry
Science,6,5,4,6,5,5,-1,5,-1,-1,5,-1,-1,-1,-1,-1,-1,-1,-1,-1,-1,-1,280,"weather, climate",Meteorology
Science,5,5,6,5,5,5,-1,1,-1,5,-1,-1,-1,-1,-1,-1,-1,-1,-1,-1,-1,-1,297,"crop management, soil",Agronomy
Art,4,4,4,-1,-1,-1,-1,-1,-1,-1,-1,6,5,6,6,4,-1,4,-1,-1,-1,-1,171,"leadership, public serving",Public Administration
Art,2,4,5,-1,-1,-1,-1,-1,-1,-1,-1,6,4,6,6,5,-1,-1,-1,4,-1,-1,212,"historical records, libraries",Archival Studies
Art,1,6,5,-1,-1,-1,-1,-1,-1,-1,-1,4,4,4,5,4,-1,-1,6,-1,-1,-1,198,"3d animation, motion graphics",Animation
Art,3,6,5,-1,-1,-1,-1,-1,-1,-1,-1,4,5,5,4,6,5,-1,-1,-1,-1,-1,163,"3d animation, cartoons",Animation
Commercial,4,5,4,-1,-1,-1,-1,-1,-1,-1,-1,5,5,-1,4,-1,-1,-1,-1,-1,6,4,268,"projects, task management",Project Management
Science,4,6,6,5,5,3,-1,6,-1,-1,-1,-1,-1,-1,-1,-1,-1,-1,-1,-1,-1,-1,221,"communication systems, internet",Network Engineering
Science,5,4,4,4,5,1,6,4,-1,-1,-1,-1,-1,-1,-1,-1,-1,-1,-1,-1,-1,-1,282,"health technology, medical devices",Biomedical Engineering
Science,4,5,6,4,6,2,4,6,-1,-1,-1,-1,-1,-1,-1,-1,-1,-1,-1,-1,-1,-1,224,"land measurement, spatial data",Surveying and Geoinformatics
Science,4,6,4,4,5,6,-1,6,6,-1,-1,-1,-1,-1,-1,-1,-1,-1,-1,-1,-1,-1,251,"drugs, laboratory",Pharmacy
Science,5,4,5,3,4,4,-1,6,4,-1,-1,-1,-1,-1,-1,-1,-1,-1,-1,-1,-1,-1,275,"food, health diet",Nutrition and Dietetics
Science,4,6,5,6,4,5,-1,6,5,-1,-1,-1,-1,-1,-1,-1,-1,-1,-1,-1,-1,-1,220,"modeling, computation",Applied Mathematics
Science,4,4,4,5,4,5,-1,6,-1,-1,6,-1,-1,-1,-1,-1,-1,-1,-1,-1,-1,-1,286,"environment, climate",Environmental Science
Science,4,6,5,4,5,6,-1,2,-1,4,-1,-1,-1,-1,-1,-1,-1,-1,-1,-1,-1,-1,257,"crop production, plant breeding",Crop Science
Art,6,4,5,-1,-1,-1,-1,-1,-1,-1,-1,4,6,5,5,4,-1,4,-1,-1,-1,-1,209,"cultural studies, community development",Sociology
Art,2,4,4,-1,-1,-1,-1,-1,-1,-1,-1,4,4,4,5,4,-1,-1,-1,5,-1,-1,231,"excavation, ancient civilization",Archaeology
Art,3,5,4,-1,-1,-1,-1,-1,-1,-1,-1,4,5,4,6,6,-1,-1,5,-1,-1,-1,179,"mobile apps, user interface",UI/UX Design
Art,2,4,5,-1,-1,-1,-1,-1,-1,-1,-1,4,4,5,4,6,6,-1,-1,-1,-1,-1,203,"digital products, user experience",UI/UX Design
Commercial,5,5,5,-1,-1,-1,-1,-1,-1,-1,-1,4,6,-1,6,-1,-1,-1,-1,-1,4,6,293,"planning, projects",Project Management
Science,4,4,4,4,6,2,-1,5,-1,-1,-1,-1,-1,-1,-1,-1,-1,-1,-1,-1,-1,-1,275,"support, IT systems",Information Technology
Science,4,4,5,5,4,2,4,4,-1,-1,-1,-1,-1,-1,-1,-1,-1,-1,-1,-1,-1,-1,232,"drilling, gas",Petroleum Engineering
Science,5,5,6,6,6,2,4,6,-1,-1,-1,-1,-1,-1,-1,-1,-1,-1,-1,-1,-1,-1,235,"real estate, facility management",Estate Management
Science,6,5,6,6,6,5,-1,4,5,-1,-1,-1,-1,-1,-1,-1,-1,-1,-1,-1,-1,-1,276,"veterinary care, animals",Veterinary Medicine
Science,6,5,4,1,4,6,-1,5,5,-1,-1,-1,-1,-1,-1,-1,-1,-1,-1,-1,-1,-1,260,"food, health diet",Nutrition and Dietetics
Science,6,4,5,6,5,6,-1,6,6,-1,-1,-1,-1,-1,-1,-1,-1,-1,-1,-1,-1,-1,271,"data analysis, probability",Statistics
Science,4,4,5,6,5,5,-1,5,-1,-1,6,-1,-1,-1,-1,-1,-1,-1,-1,-1,-1,-1,250,"seismology, earth structure",Geophysics
Science,4,5,4,4,5,5,-1,3,-1,6,-1,-1,-1,-1,-1,-1,-1,-1,-1,-1,-1,-1,274,"agricultural technology, food production",Agricultural Science
Art,6,4,4,-1,-1,-1,-1,-1,-1,-1,-1,4,6,4,4,4,-1,6,-1,-1,-1,-1,229,"mental health, emotional wellbeing",Psychology
Art,1,6,4,-1,-1,-1,-1,-1,-1,-1,-1,5,5,5,4,5,-1,-1,-1,5,-1,-1,238,"history preservation, heritage",Museum and Heritage Studies
Art,1,4,5,-1,-1,-1,-1,-1,-1,-1,-1,4,5,5,4,5,-1,-1,4,-1,-1,-1,173,"visual storytelling, creative editing",Motion Graphics
Art,3,6,6,-1,-1,-1,-1,-1,-1,-1,-1,4,4,6,4,5,5,-1,-1,-1,-1,-1,210,"animation, visual storytelling",Motion Graphics
Commercial,6,4,5,-1,-1,-1,-1,-1,-1,-1,-1,5,4,-1,6,-1,-1,-1,-1,-1,6,4,270,"government finance, revenue management",Taxation
Science,6,6,4,6,4,2,-1,6,-1,-1,-1,-1,-1,-1,-1,-1,-1,-1,-1,-1,-1,-1,262,"hacking, security",Cyber Security
Science,6,5,4,5,5,3,6,5,-1,-1,-1,-1,-1,-1,-1,-1,-1,-1,-1,-1,-1,-1,271,"medical devices, health technology",Biomedical Engineering
Science,5,4,5,5,4,2,4,4,-1,-1,-1,-1,-1,-1,-1,-1,-1,-1,-1,-1,-1,-1,249,"building estimation, cost analysis",Quantity Surveying
Science,4,6,6,4,4,4,-1,4,6,-1,-1,-1,-1,-1,-1,-1,-1,-1,-1,-1,-1,-1,303,"veterinary care, animals",Veterinary Medicine
Science,5,5,4,1,4,6,-1,5,5,-1,-1,-1,-1,-1,-1,-1,-1,-1,-1,-1,-1,-1,300,"disease prevention, community health",Public Health
Science,4,6,6,5,5,4,-1,4,5,-1,-1,-1,-1,-1,-1,-1,-1,-1,-1,-1,-1,-1,237,"microorganisms, research",Microbiology
Science,4,4,6,4,5,5,-1,5,-1,-1,6,-1,-1,-1,-1,-1,-1,-1,-1,-1,-1,-1,316,"environment, climate",Environmental Science
Science,5,5,4,5,5,6,-1,1,-1,6,-1,-1,-1,-1,-1,-1,-1,-1,-1,-1,-1,-1,310,"wildlife management, forest conservation",Forestry
Art,4,4,6,-1,-1,-1,-1,-1,-1,-1,-1,6,5,4,5,4,-1,4,-1,-1,-1,-1,183,"community service, social justice",Human Rights and Advocacy
Art,2,5,6,-1,-1,-1,-1,-1,-1,-1,-1,5,6,6,5,6,-1,-1,-1,6,-1,-1,209,"history preservation, heritage",Museum and Heritage Studies
Art,1,5,6,-1,-1,-1,-1,-1,-1,-1,-1,5,5,6,5,4,-1,-1,6,-1,-1,-1,211,"ui design, user experience",Web Design
Art,3,5,6,-1,-1,-1,-1,-1,-1,-1,-1,5,4,6,6,6,6,-1,-1,-1,-1,-1,218,"creative coding, ui design",Web Design
Commercial,6,4,4,-1,-1,-1,-1,-1,-1,-1,-1,5,5,-1,4,-1,-1,-1,-1,-1,4,5,338,"business startup, innovation",Entrepreneurship
Science,4,4,4,6,6,3,-1,4,-1,-1,-1,-1,-1,-1,-1,-1,-1,-1,-1,-1,-1,-1,216,"AI, machine learning",Artificial Intelligence
Science,6,6,5,4,6,2,4,5,-1,-1,-1,-1,-1,-1,-1,-1,-1,-1,-1,-1,-1,-1,277,"buildings, structures",Civil Engineering
Science,5,5,6,5,6,1,4,4,-1,-1,-1,-1,-1,-1,-1,-1,-1,-1,-1,-1,-1,-1,248,"project budgeting, building estimation",Quantity Surveying
Science,5,6,4,5,6,4,-1,5,5,-1,-1,-1,-1,-1,-1,-1,-1,-1,-1,-1,-1,-1,312,"rehabilitation, therapy",Physiotherapy
Science,6,4,5,2,4,4,-1,4,6,-1,-1,-1,-1,-1,-1,-1,-1,-1,-1,-1,-1,-1,283,"health diet, food",Nutrition and Dietetics
Science,5,4,5,5,6,4,-1,4,4,-1,-1,-1,-1,-1,-1,-1,-1,-1,-1,-1,-1,-1,320,"industry, chemical production",Industrial Chemistry
Science,6,5,6,5,5,4,-1,6,-1,-1,5,-1,-1,-1,-1,-1,-1,-1,-1,-1,-1,-1,260,"marine life, oceans",Marine Science
Science,6,4,4,6,4,4,-1,1,-1,5,-1,-1,-1,-1,-1,-1,-1,-1,-1,-1,-1,-1,272,"crop production, plant breeding",Crop Science
Art,4,4,5,-1,-1,-1,-1,-1,-1,-1,-1,5,4,5,4,4,-1,6,-1,-1,-1,-1,182,"government, public policy",Political Science
Art,1,5,4,-1,-1,-1,-1,-1,-1,-1,-1,6,4,5,6,5,-1,-1,-1,6,-1,-1,209,"travel, culture",Tourism and Hospitality
Art,1,6,6,-1,-1,-1,-1,-1,-1,-1,-1,4,6,5,5,6,-1,-1,5,-1,-1,-1,198,"animation, creative editing",Motion Graphics
Art,2,5,5,-1,-1,-1,-1,-1,-1,-1,-1,5,4,6,5,6,4,-1,-1,-1,-1,-1,179,"video effects, creative editing",Motion Graphics
Commercial,4,4,4,-1,-1,-1,-1,-1,-1,-1,-1,4,4,-1,4,-1,-1,-1,-1,-1,5,5,329,"advertising, sales strategies",Marketing
Science,4,5,4,4,4,3,-1,6,-1,-1,-1,-1,-1,-1,-1,-1,-1,-1,-1,-1,-1,-1,235,"hardware, software integration",Computer Engineering
Science,5,6,4,6,4,1,4,6,-1,-1,-1,-1,-1,-1,-1,-1,-1,-1,-1,-1,-1,-1,266,"optimization, systems",Industrial Engineering
Science,6,6,6,5,6,1,6,5,-1,-1,-1,-1,-1,-1,-1,-1,-1,-1,-1,-1,-1,-1,259,"transport systems, environmental planning",Urban and Regional Planning
Science,4,5,4,4,5,4,-1,6,5,-1,-1,-1,-1,-1,-1,-1,-1,-1,-1,-1,-1,-1,289,"health science, body functions",Physiology
Science,5,6,4,1,4,4,-1,6,6,-1,-1,-1,-1,-1,-1,-1,-1,-1,-1,-1,-1,-1,249,"food, health diet",Nutrition and Dietetics
Science,4,5,5,5,6,6,-1,4,6,-1,-1,-1,-1,-1,-1,-1,-1,-1,-1,-1,-1,-1,244,"research, microorganisms",Microbiology
Science,5,5,5,4,5,6,-1,4,-1,-1,4,-1,-1,-1,-1,-1,-1,-1,-1,-1,-1,-1,235,"climate, weather",Meteorology
Science,5,6,6,5,4,5,-1,1,-1,5,-1,-1,-1,-1,-1,-1,-1,-1,-1,-1,-1,-1,241,"rural advisory services, community outreach",Agricultural Extension
Art,6,6,4,-1,-1,-1,-1,-1,-1,-1,-1,4,6,6,5,6,-1,6,-1,-1,-1,-1,177,"criminal justice, forensic studies",Criminology
Art,3,4,5,-1,-1,-1,-1,-1,-1,-1,-1,6,4,6,4,6,-1,-1,-1,6,-1,-1,184,"culture, heritage",Museum and Heritage Studies
Art,2,4,4,-1,-1,-1,-1,-1,-1,-1,-1,5,6,4,6,4,-1,-1,5,-1,-1,-1,210,"home aesthetics, room decoration",Interior Design
Art,2,5,6,-1,-1,-1,-1,-1,-1,-1,-1,5,5,6,5,5,4,-1,-1,-1,-1,-1,160,"furniture, home aesthetics",Interior Design
Commercial,6,6,4,-1,-1,-1,-1,-1,-1,-1,-1,4,6,-1,6,-1,-1,-1,-1,-1,6,4,337,"sales strategies, advertising",Marketing
Science,4,4,4,5,6,3,-1,4,-1,-1,-1,-1,-1,-1,-1,-1,-1,-1,-1,-1,-1,-1,279,"programming, coding",Computer Science
Science,4,4,6,5,5,3,6,5,-1,-1,-1,-1,-1,-1,-1,-1,-1,-1,-1,-1,-1,-1,262,"automation, systems",Mechatronics Engineering
Science,4,4,4,5,5,1,6,6,-1,-1,-1,-1,-1,-1,-1,-1,-1,-1,-1,-1,-1,-1,267,"mapping, spatial data",Surveying and Geoinformatics
Science,4,6,5,4,4,6,-1,6,5,-1,-1,-1,-1,-1,-1,-1,-1,-1,-1,-1,-1,-1,261,"x_ray, medical imaging",Radiography
Science,6,4,4,2,5,6,-1,5,6,-1,-1,-1,-1,-1,-1,-1,-1,-1,-1,-1,-1,-1,227,"food, health diet",Nutrition and Dietetics
Science,4,5,5,4,4,5,-1,4,4,-1,-1,-1,-1,-1,-1,-1,-1,-1,-1,-1,-1,-1,303,"industry, chemical production",Industrial Chemistry
Science,5,5,5,4,6,4,-1,5,-1,-1,5,-1,-1,-1,-1,-1,-1,-1,-1,-1,-1,-1,238,"environment, climate",Environmental Science
Science,5,6,6,6,6,4,-1,2,-1,5,-1,-1,-1,-1,-1,-1,-1,-1,-1,-1,-1,-1,309,"fruit production, landscaping",Horticulture
Art,4,4,5,-1,-1,-1,-1,-1,-1,-1,-1,5,6,5,6,6,-1,5,-1,-1,-1,-1,225,"advocacy, justice",Law
Art,2,4,6,-1,-1,-1,-1,-1,-1,-1,-1,6,5,4,4,5,-1,-1,-1,6,-1,-1,208,"customer service, culture",Tourism and Hospitality
Art,2,4,4,-1,-1,-1,-1,-1,-1,-1,-1,6,6,5,4,6,-1,-1,5,-1,-1,-1,184,"editing photos, creative visuals",Photography
Art,3,6,4,-1,-1,-1,-1,-1,-1,-1,-1,4,6,5,6,5,4,-1,-1,-1,-1,-1,185,"editing photos, creative visuals",Photography
Commercial,6,6,4,-1,-1,-1,-1,-1,-1,-1,-1,6,4,-1,5,-1,-1,-1,-1,-1,6,6,238,"insurance mathematics, risk analysis",Actuarial Science
Science,5,4,5,5,4,1,-1,6,-1,-1,-1,-1,-1,-1,-1,-1,-1,-1,-1,-1,-1,-1,258,"internet, communication systems",Network Engineering
Science,5,4,6,4,6,1,6,6,-1,-1,-1,-1,-1,-1,-1,-1,-1,-1,-1,-1,-1,-1,274,"space, aircraft",Aerospace Engineering
Science,5,6,4,6,5,3,6,6,-1,-1,-1,-1,-1,-1,-1,-1,-1,-1,-1,-1,-1,-1,242,"spatial data, mapping",Surveying and Geoinformatics
Science,5,6,4,6,5,5,-1,6,5,-1,-1,-1,-1,-1,-1,-1,-1,-1,-1,-1,-1,-1,320,"imaging, diagnosis",Radiology
Science,4,6,5,2,4,5,-1,5,5,-1,-1,-1,-1,-1,-1,-1,-1,-1,-1,-1,-1,-1,268,"community health, disease prevention",Public Health
Science,4,6,5,4,6,4,-1,6,4,-1,-1,-1,-1,-1,-1,-1,-1,-1,-1,-1,-1,-1,278,"genetics, bioengineering",Biotechnology
Science,5,6,6,6,4,5,-1,6,-1,-1,4,-1,-1,-1,-1,-1,-1,-1,-1,-1,-1,-1,287,"oceans, marine life",Marine Science
Science,4,5,4,5,5,6,-1,1,-1,4,-1,-1,-1,-1,-1,-1,-1,-1,-1,-1,-1,-1,292,"landscaping, gardening",Horticulture
Art,5,6,5,-1,-1,-1,-1,-1,-1,-1,-1,5,5,6,5,4,-1,5,-1,-1,-1,-1,184,"social justice, advocacy",Human Rights and Advocacy
Art,3,5,5,-1,-1,-1,-1,-1,-1,-1,-1,4,6,6,6,5,-1,-1,-1,6,-1,-1,216,"historical records, record keeping",Archival Studies
Art,1,4,4,-1,-1,-1,-1,-1,-1,-1,-1,4,6,6,5,6,-1,-1,5,-1,-1,-1,207,"creative editing, visual storytelling",Motion Graphics
Art,2,5,5,-1,-1,-1,-1,-1,-1,-1,-1,5,4,5,6,5,6,-1,-1,-1,-1,-1,207,"animation, creative editing",Motion Graphics
Commercial,4,4,6,-1,-1,-1,-1,-1,-1,-1,-1,5,5,-1,6,-1,-1,-1,-1,-1,4,6,230,"staff management, employee relations",Human Resource Management
Science,4,6,6,6,4,1,-1,4,-1,-1,-1,-1,-1,-1,-1,-1,-1,-1,-1,-1,-1,-1,247,"business IT, systems",Information Systems
Science,4,4,6,6,4,3,5,4,-1,-1,-1,-1,-1,-1,-1,-1,-1,-1,-1,-1,-1,-1,276,"structures, buildings",Civil Engineering
Science,6,5,4,4,4,1,4,6,-1,-1,-1,-1,-1,-1,-1,-1,-1,-1,-1,-1,-1,-1,250,"transport systems, environmental planning",Urban and Regional Planning
Science,5,6,6,4,5,5,-1,5,6,-1,-1,-1,-1,-1,-1,-1,-1,-1,-1,-1,-1,-1,271,"diagnosis, imaging",Radiology
Science,5,6,5,3,4,5,-1,6,5,-1,-1,-1,-1,-1,-1,-1,-1,-1,-1,-1,-1,-1,268,"food, health diet",Nutrition and Dietetics
Science,6,6,4,4,5,5,-1,6,6,-1,-1,-1,-1,-1,-1,-1,-1,-1,-1,-1,-1,-1,316,"reactions, laboratory",Chemistry
Science,4,6,6,6,4,6,-1,5,-1,-1,5,-1,-1,-1,-1,-1,-1,-1,-1,-1,-1,-1,246,"climate, weather",Meteorology
Science,5,5,4,4,5,4,-1,1,-1,6,-1,-1,-1,-1,-1,-1,-1,-1,-1,-1,-1,-1,289,"market analysis, farm management",Agricultural Economics
Art,4,5,6,-1,-1,-1,-1,-1,-1,-1,-1,6,6,6,4,5,-1,5,-1,-1,-1,-1,191,"criminal justice, law enforcement",Criminology
Art,1,4,6,-1,-1,-1,-1,-1,-1,-1,-1,5,4,5,4,4,-1,-1,-1,4,-1,-1,206,"research, analysis",Research and Policy Analysis
Art,3,5,6,-1,-1,-1,-1,-1,-1,-1,-1,4,6,4,6,5,-1,-1,4,-1,-1,-1,191,"character design, drawing",Illustration
Art,1,6,6,-1,-1,-1,-1,-1,-1,-1,-1,4,6,4,5,5,5,-1,-1,-1,-1,-1,184,"character design, digital art",Illustration
Commercial,6,6,6,-1,-1,-1,-1,-1,-1,-1,-1,5,5,-1,6,-1,-1,-1,-1,-1,6,6,314,"claims processing, risk management",Insurance
Science,6,5,5,5,4,2,-1,6,-1,-1,-1,-1,-1,-1,-1,-1,-1,-1,-1,-1,-1,-1,268,"hacking, security",Cyber Security
Science,4,5,4,5,5,3,5,4,-1,-1,-1,-1,-1,-1,-1,-1,-1,-1,-1,-1,-1,-1,278,"medical devices, health technology",Biomedical Engineering
Science,5,6,5,4,6,1,5,4,-1,-1,-1,-1,-1,-1,-1,-1,-1,-1,-1,-1,-1,-1,223,"land measurement, spatial data",Surveying and Geoinformatics
Science,4,4,6,4,5,5,-1,5,5,-1,-1,-1,-1,-1,-1,-1,-1,-1,-1,-1,-1,-1,307,"body functions, health science",Physiology
Science,5,6,6,2,5,4,-1,6,6,-1,-1,-1,-1,-1,-1,-1,-1,-1,-1,-1,-1,-1,269,"health diet, food",Nutrition and Dietetics
Science,4,4,6,6,5,6,-1,4,5,-1,-1,-1,-1,-1,-1,-1,-1,-1,-1,-1,-1,-1,316,"laboratory, reactions",Chemistry
Science,4,5,4,5,6,4,-1,5,-1,-1,5,-1,-1,-1,-1,-1,-1,-1,-1,-1,-1,-1,290,"seismology, earth structure",Geophysics
Science,6,5,5,5,4,6,-1,2,-1,4,-1,-1,-1,-1,-1,-1,-1,-1,-1,-1,-1,-1,300,"fruit production, flower cultivation",Horticulture
Art,6,6,4,-1,-1,-1,-1,-1,-1,-1,-1,6,4,4,4,5,-1,6,-1,-1,-1,-1,163,"population studies, birth rates",Demography
Art,2,4,4,-1,-1,-1,-1,-1,-1,-1,-1,5,5,4,6,4,-1,-1,-1,4,-1,-1,235,"historical artifacts, research",Archaeology
Art,3,5,4,-1,-1,-1,-1,-1,-1,-1,-1,6,4,4,4,6,-1,-1,4,-1,-1,-1,202,"mobile apps, user interface",UI/UX Design
Art,1,6,5,-1,-1,-1,-1,-1,-1,-1,-1,6,4,4,4,5,5,-1,-1,-1,-1,-1,188,"user interface, user experience",UI/UX Design
Commercial,6,5,5,-1,-1,-1,-1,-1,-1,-1,-1,4,5,-1,5,-1,-1,-1,-1,-1,4,4,292,"revenue management, government finance",Taxation
Science,4,4,5,6,4,2,-1,4,-1,-1,-1,-1,-1,-1,-1,-1,-1,-1,-1,-1,-1,-1,272,"computers, support",Information Technology
Science,6,5,6,6,4,2,6,5,-1,-1,-1,-1,-1,-1,-1,-1,-1,-1,-1,-1,-1,-1,260,"ships, marine systems",Marine Engineering
Science,4,6,6,5,4,3,5,5,-1,-1,-1,-1,-1,-1,-1,-1,-1,-1,-1,-1,-1,-1,265,"buildings, AutoCad",Architecture
Science,5,4,6,4,5,4,-1,5,6,-1,-1,-1,-1,-1,-1,-1,-1,-1,-1,-1,-1,-1,313,"dental care, teeth",Dentistry
Science,5,4,6,1,6,5,-1,4,5,-1,-1,-1,-1,-1,-1,-1,-1,-1,-1,-1,-1,-1,297,"disease prevention, community health",Public Health
Science,4,6,6,4,5,6,-1,4,5,-1,-1,-1,-1,-1,-1,-1,-1,-1,-1,-1,-1,-1,311,"microorganisms, research",Microbiology
Science,4,4,4,6,5,5,-1,6,-1,-1,4,-1,-1,-1,-1,-1,-1,-1,-1,-1,-1,-1,290,"climate, weather",Meteorology
Science,4,6,4,6,5,4,-1,1,-1,6,-1,-1,-1,-1,-1,-1,-1,-1,-1,-1,-1,-1,319,"agribusiness, farm management",Agricultural Economics
Art,4,5,6,-1,-1,-1,-1,-1,-1,-1,-1,5,5,6,4,4,-1,6,-1,-1,-1,-1,185,"justice, human rights",Law
Art,1,4,4,-1,-1,-1,-1,-1,-1,-1,-1,6,6,4,5,5,-1,-1,-1,6,-1,-1,175,"tour guiding, culture",Tourism and Hospitality
Art,1,6,6,-1,-1,-1,-1,-1,-1,-1,-1,6,4,4,4,5,-1,-1,5,-1,-1,-1,189,"digital art, drawing",Illustration
Art,1,5,6,-1,-1,-1,-1,-1,-1,-1,-1,5,6,4,4,4,5,-1,-1,-1,-1,-1,164,"Sketching, character design",Illustration
Commercial,4,5,5,-1,-1,-1,-1,-1,-1,-1,-1,5,5,-1,6,-1,-1,-1,-1,-1,4,6,298,"inventory management, logistics",Supply Chain Management
Science,6,4,5,5,6,3,-1,6,-1,-1,-1,-1,-1,-1,-1,-1,-1,-1,-1,-1,-1,-1,234,"apps, development",Software Engineering
Science,5,5,4,5,5,1,5,4,-1,-1,-1,-1,-1,-1,-1,-1,-1,-1,-1,-1,-1,-1,251,"metals, structures",Materials Engineering
Science,6,5,5,4,6,2,4,6,-1,-1,-1,-1,-1,-1,-1,-1,-1,-1,-1,-1,-1,-1,249,"transport systems, city development",Urban and Regional Planning
Science,4,6,6,4,5,5,-1,6,4,-1,-1,-1,-1,-1,-1,-1,-1,-1,-1,-1,-1,-1,279,"medicine, treatment",Medicine and Surgery
Science,4,4,6,3,5,6,-1,4,4,-1,-1,-1,-1,-1,-1,-1,-1,-1,-1,-1,-1,-1,256,"community health, disease prevention",Public Health
Science,6,6,5,5,4,4,-1,5,4,-1,-1,-1,-1,-1,-1,-1,-1,-1,-1,-1,-1,-1,237,"bioengineering, genetics",Biotechnology
Science,5,5,4,6,4,6,-1,6,-1,-1,4,-1,-1,-1,-1,-1,-1,-1,-1,-1,-1,-1,265,"environment, climate",Environmental Science
Science,5,6,6,5,4,4,-1,1,-1,6,-1,-1,-1,-1,-1,-1,-1,-1,-1,-1,-1,-1,240,"crops, crop management",Agronomy
Art,6,4,6,-1,-1,-1,-1,-1,-1,-1,-1,4,6,6,5,5,-1,4,-1,-1,-1,-1,174,"human rights, justice",Law
Art,2,4,4,-1,-1,-1,-1,-1,-1,-1,-1,4,6,4,4,4,-1,-1,-1,5,-1,-1,205,"tour guiding, customer service",Tourism and Hospitality
Art,3,5,4,-1,-1,-1,-1,-1,-1,-1,-1,6,6,6,6,4,-1,-1,4,-1,-1,-1,196,"user experience, digital products",UI/UX Design
Art,2,4,4,-1,-1,-1,-1,-1,-1,-1,-1,4,5,4,6,6,4,-1,-1,-1,-1,-1,207,"digital products, mobile apps",UI/UX Design
Commercial,4,6,5,-1,-1,-1,-1,-1,-1,-1,-1,6,6,-1,6,-1,-1,-1,-1,-1,5,5,252,"banking, money management",Banking and Finance
Science,4,5,6,6,5,3,-1,5,-1,-1,-1,-1,-1,-1,-1,-1,-1,-1,-1,-1,-1,-1,279,"hardware, software integration",Computer Engineering
Science,4,6,5,5,6,1,6,5,-1,-1,-1,-1,-1,-1,-1,-1,-1,-1,-1,-1,-1,-1,278,"chemicals, processes",Chemical Engineering
Science,6,5,6,5,5,3,6,5,-1,-1,-1,-1,-1,-1,-1,-1,-1,-1,-1,-1,-1,-1,248,"facility management, land valuation",Estate Management
Science,5,5,4,6,6,5,-1,6,5,-1,-1,-1,-1,-1,-1,-1,-1,-1,-1,-1,-1,-1,309,"veterinary care, animals",Veterinary Medicine
Science,6,5,6,1,5,6,-1,6,5,-1,-1,-1,-1,-1,-1,-1,-1,-1,-1,-1,-1,-1,296,"food, health diet",Nutrition and Dietetics
Science,5,5,5,4,6,4,-1,6,6,-1,-1,-1,-1,-1,-1,-1,-1,-1,-1,-1,-1,-1,235,"research, microorganisms",Microbiology
Science,6,5,5,5,6,4,-1,5,-1,-1,4,-1,-1,-1,-1,-1,-1,-1,-1,-1,-1,-1,291,"seismology, earth structure",Geophysics
Science,4,4,6,6,4,4,-1,2,-1,5,-1,-1,-1,-1,-1,-1,-1,-1,-1,-1,-1,-1,290,"flower cultivation, landscaping",Horticulture
Art,6,4,4,-1,-1,-1,-1,-1,-1,-1,-1,5,6,6,5,4,-1,4,-1,-1,-1,-1,183,"diplomacy, foreign policy",International Relations
Art,1,5,5,-1,-1,-1,-1,-1,-1,-1,-1,6,4,6,5,4,-1,-1,-1,5,-1,-1,223,"historical artifacts, excavation",Archaeology
Art,2,6,6,-1,-1,-1,-1,-1,-1,-1,-1,6,4,6,5,4,-1,-1,5,-1,-1,-1,162,"painting, sculpting",Painting and Sculpture
Art,2,5,6,-1,-1,-1,-1,-1,-1,-1,-1,6,6,4,5,4,6,-1,-1,-1,-1,-1,158,"crafts, painting",Painting and Sculpture
Commercial,4,6,4,-1,-1,-1,-1,-1,-1,-1,-1,5,6,-1,6,-1,-1,-1,-1,-1,4,6,247,"task management, planning",Project Management
Science,5,6,5,6,4,2,-1,4,-1,-1,-1,-1,-1,-1,-1,-1,-1,-1,-1,-1,-1,-1,252,"AI, automation",Artificial Intelligence
Science,6,6,6,6,5,2,5,4,-1,-1,-1,-1,-1,-1,-1,-1,-1,-1,-1,-1,-1,-1,280,"robots, systems",Mechatronics Engineering
Science,4,5,5,6,5,3,6,4,-1,-1,-1,-1,-1,-1,-1,-1,-1,-1,-1,-1,-1,-1,276,"transport systems, environmental planning",Urban and Regional Planning
Science,6,6,6,5,6,4,-1,4,5,-1,-1,-1,-1,-1,-1,-1,-1,-1,-1,-1,-1,-1,268,"body functions, health science",Physiology
Science,5,4,4,1,6,4,-1,4,6,-1,-1,-1,-1,-1,-1,-1,-1,-1,-1,-1,-1,-1,233,"community health, disease prevention",Public Health
Science,6,5,6,5,5,5,-1,6,6,-1,-1,-1,-1,-1,-1,-1,-1,-1,-1,-1,-1,-1,227,"probability, data analysis",Statistics
Science,6,4,4,6,4,6,-1,4,-1,-1,4,-1,-1,-1,-1,-1,-1,-1,-1,-1,-1,-1,320,"weather, climate",Meteorology
Science,6,5,6,5,4,6,-1,1,-1,4,-1,-1,-1,-1,-1,-1,-1,-1,-1,-1,-1,-1,310,"plants, crop production",Crop Science
Art,4,5,4,-1,-1,-1,-1,-1,-1,-1,-1,4,5,6,5,5,-1,6,-1,-1,-1,-1,203,"population studies, migration patterns",Demography
Art,3,6,4,-1,-1,-1,-1,-1,-1,-1,-1,6,5,4,5,5,-1,-1,-1,4,-1,-1,190,"documentation, historical records",Archival Studies
Art,3,5,6,-1,-1,-1,-1,-1,-1,-1,-1,6,6,4,4,5,-1,-1,4,-1,-1,-1,193,"creativity, design",Graphics Design
Art,2,5,5,-1,-1,-1,-1,-1,-1,-1,-1,5,6,5,5,4,4,-1,-1,-1,-1,-1,203,"design, branding",Graphics Design
Commercial,5,4,5,-1,-1,-1,-1,-1,-1,-1,-1,4,5,-1,4,-1,-1,-1,-1,-1,4,5,247,"branding, advertising",Marketing
Science,4,6,5,6,6,3,-1,5,-1,-1,-1,-1,-1,-1,-1,-1,-1,-1,-1,-1,-1,-1,258,"software integration, hardware",Computer Engineering
Science,6,6,6,4,5,1,5,4,-1,-1,-1,-1,-1,-1,-1,-1,-1,-1,-1,-1,-1,-1,224,"structures, buildings",Civil Engineering
Science,5,6,6,5,6,2,5,5,-1,-1,-1,-1,-1,-1,-1,-1,-1,-1,-1,-1,-1,-1,284,"city development, environmental planning",Urban and Regional Planning
Science,6,5,5,5,4,6,-1,5,5,-1,-1,-1,-1,-1,-1,-1,-1,-1,-1,-1,-1,-1,285,"therapy, movement",Physiotherapy
Science,4,6,5,3,5,5,-1,5,6,-1,-1,-1,-1,-1,-1,-1,-1,-1,-1,-1,-1,-1,256,"community health, disease prevention",Public Health
Science,5,4,5,4,4,5,-1,4,4,-1,-1,-1,-1,-1,-1,-1,-1,-1,-1,-1,-1,-1,272,"biological molecules, lab work",Biochemistry
Science,6,4,4,6,5,4,-1,5,-1,-1,6,-1,-1,-1,-1,-1,-1,-1,-1,-1,-1,-1,256,"environment, climate",Environmental Science
Science,6,4,4,4,4,6,-1,2,-1,5,-1,-1,-1,-1,-1,-1,-1,-1,-1,-1,-1,-1,284,"pond management, fish farming",Fisheries and Aquaculture
Art,4,6,4,-1,-1,-1,-1,-1,-1,-1,-1,5,5,6,5,6,-1,5,-1,-1,-1,-1,199,"human behaviour, mental health",Psychology
Art,3,4,4,-1,-1,-1,-1,-1,-1,-1,-1,4,4,4,4,4,-1,-1,-1,6,-1,-1,173,"analysis, data gathering",Research and Policy Analysis
Art,3,4,5,-1,-1,-1,-1,-1,-1,-1,-1,5,6,5,5,6,-1,-1,4,-1,-1,-1,154,"crafts, painting",Painting and Sculpture
Art,2,4,5,-1,-1,-1,-1,-1,-1,-1,-1,6,4,4,5,5,6,-1,-1,-1,-1,-1,191,"fine arts, painting",Painting and Sculpture
Commercial,5,6,4,-1,-1,-1,-1,-1,-1,-1,-1,6,6,-1,5,-1,-1,-1,-1,-1,6,5,245,"tax laws, government finance",Taxation
Science,4,6,5,4,5,3,-1,5,-1,-1,-1,-1,-1,-1,-1,-1,-1,-1,-1,-1,-1,-1,251,"computers, support",Information Technology
Science,5,5,4,5,4,2,4,5,-1,-1,-1,-1,-1,-1,-1,-1,-1,-1,-1,-1,-1,-1,250,"automobiles, cars",Automotive Engineering
Science,5,6,4,4,5,2,4,4,-1,-1,-1,-1,-1,-1,-1,-1,-1,-1,-1,-1,-1,-1,281,"geographic information system, mapping",Surveying and Geoinformatics
Science,4,5,4,6,5,5,-1,4,4,-1,-1,-1,-1,-1,-1,-1,-1,-1,-1,-1,-1,-1,305,"treatment, medicine",Medicine and Surgery
Science,6,4,4,1,5,6,-1,4,6,-1,-1,-1,-1,-1,-1,-1,-1,-1,-1,-1,-1,-1,222,"disease prevention, community health",Public Health
Science,4,4,4,5,4,6,-1,5,4,-1,-1,-1,-1,-1,-1,-1,-1,-1,-1,-1,-1,-1,298,"research, technology",Applied Physics
Science,4,4,4,4,5,5,-1,4,-1,-1,6,-1,-1,-1,-1,-1,-1,-1,-1,-1,-1,-1,289,"earth structure, seismology",Geophysics
Science,5,4,5,4,6,6,-1,3,-1,5,-1,-1,-1,-1,-1,-1,-1,-1,-1,-1,-1,-1,224,"pond management, aquatic life",Fisheries and Aquaculture
Art,6,4,6,-1,-1,-1,-1,-1,-1,-1,-1,6,4,4,4,4,-1,4,-1,-1,-1,-1,212,"politics, foreign policy",International Relations
Art,1,6,6,-1,-1,-1,-1,-1,-1,-1,-1,4,6,4,6,6,-1,-1,-1,4,-1,-1,227,"tour guiding, travel",Tourism and Hospitality
Art,2,5,6,-1,-1,-1,-1,-1,-1,-1,-1,6,6,6,6,5,-1,-1,4,-1,-1,-1,184,"Creative software, art technology",Digital Art
Art,1,4,5,-1,-1,-1,-1,-1,-1,-1,-1,5,4,5,6,5,4,-1,-1,-1,-1,-1,193,"digital painting, Creative software",Digital Art
Commercial,5,4,5,-1,-1,-1,-1,-1,-1,-1,-1,6,6,-1,4,-1,-1,-1,-1,-1,4,4,295,"policy analysis, claims processing",Insurance
Science,6,6,4,6,4,2,-1,5,-1,-1,-1,-1,-1,-1,-1,-1,-1,-1,-1,-1,-1,-1,230,"hardware, software integration",Computer Engineering
Science,4,4,5,5,5,2,5,5,-1,-1,-1,-1,-1,-1,-1,-1,-1,-1,-1,-1,-1,-1,266,"electricity, power systems",Electrical Engineering
Science,4,6,6,6,4,2,4,6,-1,-1,-1,-1,-1,-1,-1,-1,-1,-1,-1,-1,-1,-1,256,"AutoCad, design",Architecture
Science,5,4,4,4,6,6,-1,6,5,-1,-1,-1,-1,-1,-1,-1,-1,-1,-1,-1,-1,-1,267,"drugs, medication",Pharmacy
Science,4,4,5,3,6,4,-1,5,6,-1,-1,-1,-1,-1,-1,-1,-1,-1,-1,-1,-1,-1,299,"food, health diet",Nutrition and Dietetics
Science,4,4,5,5,5,6,-1,4,4,-1,-1,-1,-1,-1,-1,-1,-1,-1,-1,-1,-1,-1,256,"data analysis, probability",Statistics
Science,5,5,4,6,6,4,-1,6,-1,-1,5,-1,-1,-1,-1,-1,-1,-1,-1,-1,-1,-1,273,"seismology, earth structure",Geophysics
Science,6,4,6,6,5,4,-1,3,-1,6,-1,-1,-1,-1,-1,-1,-1,-1,-1,-1,-1,-1,277,"animal breeding, vertinary care",Animal Science
Art,5,5,6,-1,-1,-1,-1,-1,-1,-1,-1,4,6,4,6,4,-1,4,-1,-1,-1,-1,175,"human behaviour, mental health",Psychology
Art,1,4,6,-1,-1,-1,-1,-1,-1,-1,-1,6,5,6,4,4,-1,-1,-1,6,-1,-1,219,"travel, tour guiding",Tourism and Hospitality
Art,3,5,5,-1,-1,-1,-1,-1,-1,-1,-1,5,6,5,4,4,-1,-1,5,-1,-1,-1,141,"creative editing, video effects",Motion Graphics
Art,2,5,6,-1,-1,-1,-1,-1,-1,-1,-1,5,6,5,5,5,5,-1,-1,-1,-1,-1,198,"video effects, creative editing",Motion Graphics
Commercial,4,6,6,-1,-1,-1,-1,-1,-1,-1,-1,6,6,-1,6,-1,-1,-1,-1,-1,5,6,304,"branding, advertising",Marketing
Science,4,6,4,6,5,2,-1,4,-1,-1,-1,-1,-1,-1,-1,-1,-1,-1,-1,-1,-1,-1,247,"systems, business IT",Information Systems
Science,6,4,6,4,6,2,5,4,-1,-1,-1,-1,-1,-1,-1,-1,-1,-1,-1,-1,-1,-1,243,"cars, engines",Automotive Engineering
Science,6,5,6,4,5,2,5,4,-1,-1,-1,-1,-1,-1,-1,-1,-1,-1,-1,-1,-1,-1,229,"building estimation, project budgeting",Quantity Surveying
Science,4,5,6,4,5,5,-1,6,6,-1,-1,-1,-1,-1,-1,-1,-1,-1,-1,-1,-1,-1,259,"human body, medical science",Anatomy
Science,5,4,6,1,4,5,-1,5,6,-1,-1,-1,-1,-1,-1,-1,-1,-1,-1,-1,-1,-1,275,"community health, disease prevention",Public Health
Science,5,4,5,5,5,4,-1,5,5,-1,-1,-1,-1,-1,-1,-1,-1,-1,-1,-1,-1,-1,320,"biological molecules, lab work",Biochemistry
Science,5,5,5,4,6,6,-1,6,-1,-1,6,-1,-1,-1,-1,-1,-1,-1,-1,-1,-1,-1,262,"climate, weather",Meteorology
Science,6,4,4,4,5,6,-1,3,-1,6,-1,-1,-1,-1,-1,-1,-1,-1,-1,-1,-1,-1,242,"agricultural training, community outreach",Agricultural Extension
Art,6,6,4,-1,-1,-1,-1,-1,-1,-1,-1,6,4,5,5,4,-1,5,-1,-1,-1,-1,167,"diplomacy, politics",International Relations
Art,2,5,5,-1,-1,-1,-1,-1,-1,-1,-1,4,6,4,4,6,-1,-1,-1,5,-1,-1,219,"customer service, culture",Tourism and Hospitality
Art,3,5,4,-1,-1,-1,-1,-1,-1,-1,-1,4,4,6,5,5,-1,-1,6,-1,-1,-1,143,"art technology, drawing tablets",Digital Art
Art,3,5,5,-1,-1,-1,-1,-1,-1,-1,-1,4,6,6,4,6,5,-1,-1,-1,-1,-1,187,"Creative software, art technology",Digital Art
Commercial,4,4,4,-1,-1,-1,-1,-1,-1,-1,-1,4,5,-1,6,-1,-1,-1,-1,-1,4,4,239,"auditing, financial analysis",Accounting
Science,6,5,4,6,6,1,-1,6,-1,-1,-1,-1,-1,-1,-1,-1,-1,-1,-1,-1,-1,-1,218,"machine learning, AI",Artificial Intelligence
Science,6,6,5,6,5,3,5,4,-1,-1,-1,-1,-1,-1,-1,-1,-1,-1,-1,-1,-1,-1,228,"optimization, production",Industrial Engineering
Science,4,6,6,6,5,1,6,4,-1,-1,-1,-1,-1,-1,-1,-1,-1,-1,-1,-1,-1,-1,224,"design, AutoCad",Architecture
Science,4,5,4,6,4,5,-1,4,6,-1,-1,-1,-1,-1,-1,-1,-1,-1,-1,-1,-1,-1,279,"rehabilitation, movement",Physiotherapy
Science,5,4,4,1,5,6,-1,4,4,-1,-1,-1,-1,-1,-1,-1,-1,-1,-1,-1,-1,-1,236,"food, health diet",Nutrition and Dietetics
Science,4,4,6,6,6,5,-1,6,5,-1,-1,-1,-1,-1,-1,-1,-1,-1,-1,-1,-1,-1,309,"logic, theory",Mathematics
Science,5,6,6,4,4,5,-1,6,-1,-1,5,-1,-1,-1,-1,-1,-1,-1,-1,-1,-1,-1,289,"earth structure, seismology",Geophysics
Science,5,6,5,5,4,5,-1,2,-1,4,-1,-1,-1,-1,-1,-1,-1,-1,-1,-1,-1,-1,309,"crop cultivation, agricultural technology",Agricultural Science
Art,4,4,6,-1,-1,-1,-1,-1,-1,-1,-1,4,6,5,4,4,-1,6,-1,-1,-1,-1,206,"forensic studies, criminal justice",Criminology
Art,2,5,6,-1,-1,-1,-1,-1,-1,-1,-1,4,4,5,5,4,-1,-1,-1,6,-1,-1,205,"historical records, documentation",Archival Studies
Art,1,5,5,-1,-1,-1,-1,-1,-1,-1,-1,4,6,5,6,5,-1,-1,5,-1,-1,-1,190,"Creative software, drawing tablets",Digital Art
Art,3,4,5,-1,-1,-1,-1,-1,-1,-1,-1,4,6,4,5,4,4,-1,-1,-1,-1,-1,197,"digital painting, art technology",Digital Art
Commercial,4,6,6,-1,-1,-1,-1,-1,-1,-1,-1,4,5,-1,5,-1,-1,-1,-1,-1,6,4,271,"tax laws, financial compliance",Taxation
Science,4,6,6,5,4,3,-1,5,-1,-1,-1,-1,-1,-1,-1,-1,-1,-1,-1,-1,-1,-1,237,"statistics, analysis",Data Science
Science,5,6,5,5,5,3,4,4,-1,-1,-1,-1,-1,-1,-1,-1,-1,-1,-1,-1,-1,-1,269,"gas, drilling",Petroleum Engineering
Science,5,5,6,6,6,3,4,5,-1,-1,-1,-1,-1,-1,-1,-1,-1,-1,-1,-1,-1,-1,246,"mapping, spatial data",Surveying and Geoinformatics
Science,4,5,6,4,6,5,-1,4,6,-1,-1,-1,-1,-1,-1,-1,-1,-1,-1,-1,-1,-1,318,"patients, hospital",Nursing
Science,6,5,4,2,4,5,-1,5,6,-1,-1,-1,-1,-1,-1,-1,-1,-1,-1,-1,-1,-1,253,"disease prevention, community health",Public Health
Science,5,6,4,5,5,5,-1,4,5,-1,-1,-1,-1,-1,-1,-1,-1,-1,-1,-1,-1,-1,276,"modeling, computation",Applied Mathematics
Science,4,6,4,6,6,5,-1,6,-1,-1,6,-1,-1,-1,-1,-1,-1,-1,-1,-1,-1,-1,262,"earth science, rocks",Geology
Science,5,5,6,5,6,5,-1,1,-1,4,-1,-1,-1,-1,-1,-1,-1,-1,-1,-1,-1,-1,222,"harvesting, plant breeding",Crop Science
Art,5,5,6,-1,-1,-1,-1,-1,-1,-1,-1,6,4,6,4,4,-1,4,-1,-1,-1,-1,196,"cultural studies, social behavior",Sociology
Art,2,6,4,-1,-1,-1,-1,-1,-1,-1,-1,5,4,6,4,4,-1,-1,-1,4,-1,-1,228,"documentation, record keeping",Archival Studies
Art,1,5,6,-1,-1,-1,-1,-1,-1,-1,-1,6,5,5,5,5,-1,-1,6,-1,-1,-1,204,"design, creativity",Graphics Design
Art,2,5,5,-1,-1,-1,-1,-1,-1,-1,-1,6,5,5,6,5,5,-1,-1,-1,-1,-1,162,"posters, creativity",Graphics Design
Commercial,6,4,6,-1,-1,-1,-1,-1,-1,-1,-1,6,5,-1,5,-1,-1,-1,-1,-1,4,4,265,"insurance mathematics, data modelling",Actuarial Science
Science,5,4,6,6,4,3,-1,4,-1,-1,-1,-1,-1,-1,-1,-1,-1,-1,-1,-1,-1,-1,226,"hardware, software integration",Computer Engineering
Science,6,4,5,5,5,2,6,5,-1,-1,-1,-1,-1,-1,-1,-1,-1,-1,-1,-1,-1,-1,287,"structures, metals",Materials Engineering
Science,4,4,4,6,6,2,4,5,-1,-1,-1,-1,-1,-1,-1,-1,-1,-1,-1,-1,-1,-1,269,"buildings, AutoCad",Architecture
Science,4,4,4,4,4,5,-1,4,6,-1,-1,-1,-1,-1,-1,-1,-1,-1,-1,-1,-1,-1,277,"therapy, rehabilitation",Physiotherapy
Science,6,6,5,1,5,6,-1,6,4,-1,-1,-1,-1,-1,-1,-1,-1,-1,-1,-1,-1,-1,278,"food, health diet",Nutrition and Dietetics
Science,6,5,6,4,6,5,-1,4,4,-1,-1,-1,-1,-1,-1,-1,-1,-1,-1,-1,-1,-1,309,"energy, motion",Physics
Science,4,6,6,5,4,4,-1,6,-1,-1,5,-1,-1,-1,-1,-1,-1,-1,-1,-1,-1,-1,252,"environment, climate",Environmental Science
Science,4,5,6,6,4,5,-1,2,-1,4,-1,-1,-1,-1,-1,-1,-1,-1,-1,-1,-1,-1,288,"tree planting, wildlife management",Forestry
Art,5,4,5,-1,-1,-1,-1,-1,-1,-1,-1,6,5,4,4,6,-1,6,-1,-1,-1,-1,218,"politics, public policy",Political Science
Art,3,4,6,-1,-1,-1,-1,-1,-1,-1,-1,4,6,5,5,6,-1,-1,-1,6,-1,-1,240,"excavation, research",Archaeology
Art,3,6,4,-1,-1,-1,-1,-1,-1,-1,-1,4,4,6,6,6,-1,-1,4,-1,-1,-1,205,"textiles, clothing",Fashion Design
Art,2,5,4,-1,-1,-1,-1,-1,-1,-1,-1,6,6,6,6,6,4,-1,-1,-1,-1,-1,181,"drawing outfits, clothing",Fashion Design
Commercial,4,5,4,-1,-1,-1,-1,-1,-1,-1,-1,6,5,-1,4,-1,-1,-1,-1,-1,4,6,276,"insurance mathematics, data modelling",Actuarial Science
Science,6,4,4,4,5,3,-1,5,-1,-1,-1,-1,-1,-1,-1,-1,-1,-1,-1,-1,-1,-1,212,"software systems, development",Software Engineering
Science,5,6,4,5,5,3,4,4,-1,-1,-1,-1,-1,-1,-1,-1,-1,-1,-1,-1,-1,-1,232,"chemicals, production",Chemical Engineering
Science,6,6,6,6,6,2,4,6,-1,-1,-1,-1,-1,-1,-1,-1,-1,-1,-1,-1,-1,-1,272,"real estate, property management",Estate Management
Science,6,6,6,6,6,4,-1,6,5,-1,-1,-1,-1,-1,-1,-1,-1,-1,-1,-1,-1,-1,288,"human body, medical science",Anatomy
Science,4,5,5,3,5,4,-1,4,6,-1,-1,-1,-1,-1,-1,-1,-1,-1,-1,-1,-1,-1,258,"disease prevention, community health",Public Health
Science,5,5,6,6,4,4,-1,5,5,-1,-1,-1,-1,-1,-1,-1,-1,-1,-1,-1,-1,-1,232,"bioengineering, genetics",Biotechnology
Science,4,4,5,6,5,5,-1,5,-1,-1,4,-1,-1,-1,-1,-1,-1,-1,-1,-1,-1,-1,320,"marine life, oceans",Marine Science
Science,5,4,5,6,6,6,-1,1,-1,4,-1,-1,-1,-1,-1,-1,-1,-1,-1,-1,-1,-1,286,"harvesting, plants",Crop Science
Art,6,5,4,-1,-1,-1,-1,-1,-1,-1,-1,5,5,5,4,5,-1,4,-1,-1,-1,-1,204,"birth rates, statistical analysis",Demography
Art,3,4,6,-1,-1,-1,-1,-1,-1,-1,-1,5,4,6,6,5,-1,-1,-1,6,-1,-1,238,"tourism, history preservation",Museum and Heritage Studies
Art,3,5,4,-1,-1,-1,-1,-1,-1,-1,-1,4,6,6,4,5,-1,-1,4,-1,-1,-1,163,"crafts, sculpting",Painting and Sculpture
Art,3,4,4,-1,-1,-1,-1,-1,-1,-1,-1,6,6,5,5,6,4,-1,-1,-1,-1,-1,194,"crafts, fine arts",Painting and Sculpture
Commercial,6,6,5,-1,-1,-1,-1,-1,-1,-1,-1,5,6,-1,5,-1,-1,-1,-1,-1,4,4,313,"financial compliance, revenue management",Taxation
Science,5,5,6,6,5,1,-1,4,-1,-1,-1,-1,-1,-1,-1,-1,-1,-1,-1,-1,-1,-1,259,"hacking, network protection",Cyber Security
Science,5,5,4,4,4,3,5,4,-1,-1,-1,-1,-1,-1,-1,-1,-1,-1,-1,-1,-1,-1,234,"circuits, electronics",Electronic Engineering
Science,5,4,5,6,5,2,4,6,-1,-1,-1,-1,-1,-1,-1,-1,-1,-1,-1,-1,-1,-1,260,"real estate, property management",Estate Management
Science,5,5,4,6,4,4,-1,4,6,-1,-1,-1,-1,-1,-1,-1,-1,-1,-1,-1,-1,-1,293,"medical science, human body",Anatomy
Science,4,5,6,1,5,4,-1,4,5,-1,-1,-1,-1,-1,-1,-1,-1,-1,-1,-1,-1,-1,264,"community health, disease prevention",Public Health
Science,6,4,5,6,6,6,-1,5,6,-1,-1,-1,-1,-1,-1,-1,-1,-1,-1,-1,-1,-1,269,"life science, nature",Biology
Science,4,6,5,4,5,4,-1,5,-1,-1,4,-1,-1,-1,-1,-1,-1,-1,-1,-1,-1,-1,316,"oceans, marine life",Marine Science
Science,4,6,5,5,5,5,-1,1,-1,5,-1,-1,-1,-1,-1,-1,-1,-1,-1,-1,-1,-1,242,"environmental conservation, soil testing",Soil Science
Art,4,4,4,-1,-1,-1,-1,-1,-1,-1,-1,4,4,5,6,5,-1,4,-1,-1,-1,-1,229,"public serving, policy making",Public Administration
Art,2,6,5,-1,-1,-1,-1,-1,-1,-1,-1,5,5,6,6,4,-1,-1,-1,5,-1,-1,240,"problem solving, research",Research and Policy Analysis
Art,1,4,4,-1,-1,-1,-1,-1,-1,-1,-1,6,4,5,4,6,-1,-1,5,-1,-1,-1,169,"fine arts, sculpting",Painting and Sculpture
Art,2,6,6,-1,-1,-1,-1,-1,-1,-1,-1,5,5,5,5,6,6,-1,-1,-1,-1,-1,220,"sculpting, crafts",Painting and Sculpture
Commercial,6,4,6,-1,-1,-1,-1,-1,-1,-1,-1,5,6,-1,4,-1,-1,-1,-1,-1,4,5,319,"policy analysis, claims processing",Insurance
Science,5,5,5,4,5,3,-1,6,-1,-1,-1,-1,-1,-1,-1,-1,-1,-1,-1,-1,-1,-1,250,"networks, internet",Network Engineering
Science,6,4,5,6,6,2,6,4,-1,-1,-1,-1,-1,-1,-1,-1,-1,-1,-1,-1,-1,-1,233,"space, aircraft",Aerospace Engineering
Science,6,4,5,6,5,2,4,5,-1,-1,-1,-1,-1,-1,-1,-1,-1,-1,-1,-1,-1,-1,222,"construction costs, project budgeting",Quantity Surveying
Science,5,4,4,4,6,6,-1,5,6,-1,-1,-1,-1,-1,-1,-1,-1,-1,-1,-1,-1,-1,268,"animals, veterinary care",Veterinary Medicine
Science,5,4,4,2,5,5,-1,5,5,-1,-1,-1,-1,-1,-1,-1,-1,-1,-1,-1,-1,-1,279,"food, health diet",Nutrition and Dietetics
Science,4,5,6,4,4,5,-1,6,4,-1,-1,-1,-1,-1,-1,-1,-1,-1,-1,-1,-1,-1,240,"laboratory, reactions",Chemistry
Science,6,6,6,4,6,5,-1,4,-1,-1,6,-1,-1,-1,-1,-1,-1,-1,-1,-1,-1,-1,282,"environment, climate",Environmental Science
Science,5,5,5,5,5,5,-1,1,-1,4,-1,-1,-1,-1,-1,-1,-1,-1,-1,-1,-1,-1,259,"soil testing, environmental conservation",Soil Science
Art,4,4,4,-1,-1,-1,-1,-1,-1,-1,-1,6,4,4,4,4,-1,5,-1,-1,-1,-1,170,"birth rates, statistical analysis",Demography
Art,1,6,6,-1,-1,-1,-1,-1,-1,-1,-1,4,5,4,4,6,-1,-1,-1,6,-1,-1,209,"travel, tour guiding",Tourism and Hospitality
Art,1,4,6,-1,-1,-1,-1,-1,-1,-1,-1,6,5,6,4,6,-1,-1,6,-1,-1,-1,216,"painting, sculpting",Painting and Sculpture
Art,3,5,5,-1,-1,-1,-1,-1,-1,-1,-1,6,6,4,5,5,5,-1,-1,-1,-1,-1,197,"fine arts, painting",Painting and Sculpture
Commercial,5,6,4,-1,-1,-1,-1,-1,-1,-1,-1,5,6,-1,5,-1,-1,-1,-1,-1,4,4,337,"banking, money management",Banking and Finance
Science,5,5,6,6,6,3,-1,5,-1,-1,-1,-1,-1,-1,-1,-1,-1,-1,-1,-1,-1,-1,257,"software integration, hardware",Computer Engineering
Science,4,5,4,4,6,2,4,4,-1,-1,-1,-1,-1,-1,-1,-1,-1,-1,-1,-1,-1,-1,253,"robotics, mechanics",Mechanical Engineering
Science,4,6,6,4,4,2,5,5,-1,-1,-1,-1,-1,-1,-1,-1,-1,-1,-1,-1,-1,-1,222,"drawing, design",Architecture
Science,5,4,5,5,6,4,-1,6,4,-1,-1,-1,-1,-1,-1,-1,-1,-1,-1,-1,-1,-1,301,"movement, therapy",Physiotherapy
Science,5,5,5,1,6,5,-1,5,4,-1,-1,-1,-1,-1,-1,-1,-1,-1,-1,-1,-1,-1,299,"disease prevention, community health",Public Health
Science,5,4,6,4,4,4,-1,4,5,-1,-1,-1,-1,-1,-1,-1,-1,-1,-1,-1,-1,-1,236,"data analysis, probability",Statistics
Science,5,4,5,4,4,4,-1,4,-1,-1,5,-1,-1,-1,-1,-1,-1,-1,-1,-1,-1,-1,250,"climate, weather",Meteorology
Science,4,5,6,6,6,6,-1,3,-1,6,-1,-1,-1,-1,-1,-1,-1,-1,-1,-1,-1,-1,274,"farmer education, rural advisory services",Agricultural Extension
Art,5,4,4,-1,-1,-1,-1,-1,-1,-1,-1,6,5,5,6,5,-1,4,-1,-1,-1,-1,230,"society, community development",Sociology
Art,2,6,4,-1,-1,-1,-1,-1,-1,-1,-1,6,6,6,5,6,-1,-1,-1,6,-1,-1,231,"documentation, record keeping",Archival Studies
Art,3,5,5,-1,-1,-1,-1,-1,-1,-1,-1,5,4,4,6,5,-1,-1,6,-1,-1,-1,201,"storytelling, motion graphics",Animation
Art,3,6,4,-1,-1,-1,-1,-1,-1,-1,-1,5,5,4,4,6,6,-1,-1,-1,-1,-1,196,"cartoons, storytelling",Animation
Commercial,4,6,5,-1,-1,-1,-1,-1,-1,-1,-1,5,6,-1,4,-1,-1,-1,-1,-1,6,6,262,"distribution, logistics",Supply Chain Management
Science,5,5,6,4,6,1,-1,5,-1,-1,-1,-1,-1,-1,-1,-1,-1,-1,-1,-1,-1,-1,212,"AI, automation",Artificial Intelligence
Science,4,4,5,5,4,2,6,4,-1,-1,-1,-1,-1,-1,-1,-1,-1,-1,-1,-1,-1,-1,237,"optimization, production",Industrial Engineering
Science,4,4,4,5,4,2,6,4,-1,-1,-1,-1,-1,-1,-1,-1,-1,-1,-1,-1,-1,-1,280,"real estate, property management",Estate Management
Science,5,4,4,5,5,4,-1,4,4,-1,-1,-1,-1,-1,-1,-1,-1,-1,-1,-1,-1,-1,250,"animals, veterinary care",Veterinary Medicine
Science,6,6,4,1,6,6,-1,5,4,-1,-1,-1,-1,-1,-1,-1,-1,-1,-1,-1,-1,-1,296,"disease prevention, community health",Public Health
Science,5,4,5,5,6,4,-1,5,6,-1,-1,-1,-1,-1,-1,-1,-1,-1,-1,-1,-1,-1,304,"motion, experiments",Physics
Science,5,5,6,6,6,6,-1,6,-1,-1,6,-1,-1,-1,-1,-1,-1,-1,-1,-1,-1,-1,258,"environment, climate",Environmental Science
Science,5,6,4,5,4,6,-1,3,-1,6,-1,-1,-1,-1,-1,-1,-1,-1,-1,-1,-1,-1,273,"food production, farming",Agricultural Science
Art,5,6,6,-1,-1,-1,-1,-1,-1,-1,-1,4,6,4,4,4,-1,4,-1,-1,-1,-1,199,"statistical analysis, migration patterns",Demography
Art,2,5,6,-1,-1,-1,-1,-1,-1,-1,-1,4,6,6,6,6,-1,-1,-1,6,-1,-1,239,"historical artifacts, research",Archaeology
Art,1,6,6,-1,-1,-1,-1,-1,-1,-1,-1,4,4,5,6,6,-1,-1,4,-1,-1,-1,154,"visual storytelling, creative editing",Motion Graphics
Art,2,5,4,-1,-1,-1,-1,-1,-1,-1,-1,4,4,6,4,4,4,-1,-1,-1,-1,-1,209,"creative editing, video effects",Motion Graphics
Commercial,6,5,5,-1,-1,-1,-1,-1,-1,-1,-1,6,6,-1,5,-1,-1,-1,-1,-1,5,4,283,"auditing, bookkeeping",Accounting
Science,6,6,4,6,6,3,-1,6,-1,-1,-1,-1,-1,-1,-1,-1,-1,-1,-1,-1,-1,-1,262,"machine learning, AI",Artificial Intelligence
Science,5,5,5,5,5,1,4,6,-1,-1,-1,-1,-1,-1,-1,-1,-1,-1,-1,-1,-1,-1,265,"robots, automation",Mechatronics Engineering
Science,6,5,5,6,6,2,6,4,-1,-1,-1,-1,-1,-1,-1,-1,-1,-1,-1,-1,-1,-1,263,"land valuation, facility management",Estate Management
Science,6,5,6,6,4,4,-1,6,4,-1,-1,-1,-1,-1,-1,-1,-1,-1,-1,-1,-1,-1,306,"diagnosis, laboratory",Medical Laboratory Science
Science,5,6,6,1,5,4,-1,6,5,-1,-1,-1,-1,-1,-1,-1,-1,-1,-1,-1,-1,-1,223,"food, health diet",Nutrition and Dietetics
Science,5,5,4,6,6,4,-1,6,5,-1,-1,-1,-1,-1,-1,-1,-1,-1,-1,-1,-1,-1,230,"technology, research",Applied Physics
Science,4,4,5,5,4,5,-1,4,-1,-1,5,-1,-1,-1,-1,-1,-1,-1,-1,-1,-1,-1,250,"climate, environment",Environmental Science
Science,5,5,5,4,4,5,-1,2,-1,5,-1,-1,-1,-1,-1,-1,-1,-1,-1,-1,-1,-1,269,"environmental conservation, land management",Soil Science
Art,4,5,6,-1,-1,-1,-1,-1,-1,-1,-1,5,5,4,4,5,-1,6,-1,-1,-1,-1,174,"criminal justice, forensic studies",Criminology
Art,3,4,4,-1,-1,-1,-1,-1,-1,-1,-1,6,6,4,5,4,-1,-1,-1,5,-1,-1,172,"historical records, documentation",Archival Studies
Art,2,5,5,-1,-1,-1,-1,-1,-1,-1,-1,6,5,4,6,5,-1,-1,5,-1,-1,-1,153,"design, creativity",Graphics Design
Art,3,6,6,-1,-1,-1,-1,-1,-1,-1,-1,4,5,4,5,4,4,-1,-1,-1,-1,-1,214,"design, posters",Graphics Design
Commercial,6,6,5,-1,-1,-1,-1,-1,-1,-1,-1,4,6,-1,6,-1,-1,-1,-1,-1,6,6,240,"risk management, claims processing",Insurance
Science,6,6,4,5,4,2,-1,4,-1,-1,-1,-1,-1,-1,-1,-1,-1,-1,-1,-1,-1,-1,263,"automation, AI",Artificial Intelligence
Science,4,6,5,5,5,1,5,5,-1,-1,-1,-1,-1,-1,-1,-1,-1,-1,-1,-1,-1,-1,258,"hardware, circuits",Electronic Engineering
Science,6,4,5,4,4,2,4,6,-1,-1,-1,-1,-1,-1,-1,-1,-1,-1,-1,-1,-1,-1,286,"property management, land valuation",Estate Management
Science,6,6,6,5,4,4,-1,6,6,-1,-1,-1,-1,-1,-1,-1,-1,-1,-1,-1,-1,-1,310,"patients, hospital",Nursing
Science,6,5,6,3,5,4,-1,4,5,-1,-1,-1,-1,-1,-1,-1,-1,-1,-1,-1,-1,-1,278,"health diet, food",Nutrition and Dietetics
Science,6,5,5,6,4,5,-1,6,6,-1,-1,-1,-1,-1,-1,-1,-1,-1,-1,-1,-1,-1,259,"chemical production, industry",Industrial Chemistry
Science,4,4,6,5,4,6,-1,4,-1,-1,6,-1,-1,-1,-1,-1,-1,-1,-1,-1,-1,-1,228,"environment, climate",Environmental Science
Science,6,4,6,4,5,4,-1,1,-1,4,-1,-1,-1,-1,-1,-1,-1,-1,-1,-1,-1,-1,293,"crops, crop management",Agronomy
Art,6,6,4,-1,-1,-1,-1,-1,-1,-1,-1,4,6,6,6,5,-1,6,-1,-1,-1,-1,216,"communication, writing",Journalism and Media Studies
Art,2,6,4,-1,-1,-1,-1,-1,-1,-1,-1,5,6,6,6,5,-1,-1,-1,6,-1,-1,226,"history preservation, culture",Museum and Heritage Studies
Art,3,5,5,-1,-1,-1,-1,-1,-1,-1,-1,5,6,4,6,6,-1,-1,4,-1,-1,-1,163,"storytelling, motion graphics",Animation
Art,1,6,4,-1,-1,-1,-1,-1,-1,-1,-1,5,4,4,4,5,4,-1,-1,-1,-1,-1,163,"storytelling, cartoons",Animation
Commercial,6,4,4,-1,-1,-1,-1,-1,-1,-1,-1,4,6,-1,5,-1,-1,-1,-1,-1,5,4,311,"financial protection, risk management",Insurance
Science,5,5,5,4,5,2,-1,4,-1,-1,-1,-1,-1,-1,-1,-1,-1,-1,-1,-1,-1,-1,244,"data, statistics",Data Science
Science,4,6,6,5,5,1,5,6,-1,-1,-1,-1,-1,-1,-1,-1,-1,-1,-1,-1,-1,-1,253,"devices, electronics",Electronic Engineering
Science,5,5,4,6,4,2,4,4,-1,-1,-1,-1,-1,-1,-1,-1,-1,-1,-1,-1,-1,-1,290,"community planning, environmental planning",Urban and Regional Planning
Science,4,5,5,6,4,5,-1,4,4,-1,-1,-1,-1,-1,-1,-1,-1,-1,-1,-1,-1,-1,310,"hospital, patients",Nursing
Science,6,6,6,2,5,4,-1,4,6,-1,-1,-1,-1,-1,-1,-1,-1,-1,-1,-1,-1,-1,254,"community health, disease prevention",Public Health
Science,5,6,5,6,5,4,-1,5,5,-1,-1,-1,-1,-1,-1,-1,-1,-1,-1,-1,-1,-1,226,"problem solving, theory",Mathematics
Science,4,4,4,5,5,4,-1,5,-1,-1,4,-1,-1,-1,-1,-1,-1,-1,-1,-1,-1,-1,278,"environment, climate",Environmental Science
Science,6,5,4,4,4,5,-1,1,-1,5,-1,-1,-1,-1,-1,-1,-1,-1,-1,-1,-1,-1,229,"plant breeding, plants",Crop Science
Art,5,6,6,-1,-1,-1,-1,-1,-1,-1,-1,5,4,4,5,5,-1,5,-1,-1,-1,-1,205,"policy making, public serving",Public Administration
Art,1,4,4,-1,-1,-1,-1,-1,-1,-1,-1,5,4,5,4,5,-1,-1,-1,5,-1,-1,189,"excavation, ancient civilization",Archaeology
Art,2,4,6,-1,-1,-1,-1,-1,-1,-1,-1,4,5,5,5,6,-1,-1,4,-1,-1,-1,151,"drawing outfits, textiles",Fashion Design
Art,2,4,4,-1,-1,-1,-1,-1,-1,-1,-1,6,6,6,4,4,6,-1,-1,-1,-1,-1,207,"textiles, drawing outfits",Fashion Design
Commercial,5,4,5,-1,-1,-1,-1,-1,-1,-1,-1,6,4,-1,5,-1,-1,-1,-1,-1,6,4,325,"claims processing, risk management",Insurance
Science,6,5,5,6,5,1,-1,5,-1,-1,-1,-1,-1,-1,-1,-1,-1,-1,-1,-1,-1,-1,245,"networks, internet",Network Engineering
Science,5,4,5,6,5,1,6,5,-1,-1,-1,-1,-1,-1,-1,-1,-1,-1,-1,-1,-1,-1,285,"optimization, systems",Industrial Engineering
Science,5,5,4,6,6,3,6,6,-1,-1,-1,-1,-1,-1,-1,-1,-1,-1,-1,-1,-1,-1,274,"environmental planning, transport systems",Urban and Regional Planning
Science,5,5,6,4,6,4,-1,6,5,-1,-1,-1,-1,-1,-1,-1,-1,-1,-1,-1,-1,-1,282,"animals, veterinary care",Veterinary Medicine
Science,5,6,6,3,6,5,-1,6,5,-1,-1,-1,-1,-1,-1,-1,-1,-1,-1,-1,-1,-1,242,"community health, disease prevention",Public Health
Science,5,6,6,4,5,5,-1,4,4,-1,-1,-1,-1,-1,-1,-1,-1,-1,-1,-1,-1,-1,282,"biological molecules, lab work",Biochemistry
Science,6,6,5,5,4,4,-1,6,-1,-1,5,-1,-1,-1,-1,-1,-1,-1,-1,-1,-1,-1,244,"earth science, rocks",Geology
Science,4,4,4,4,5,5,-1,1,-1,5,-1,-1,-1,-1,-1,-1,-1,-1,-1,-1,-1,-1,250,"farm management, rural development",Agricultural Economics
Art,5,6,5,-1,-1,-1,-1,-1,-1,-1,-1,6,5,4,5,5,-1,6,-1,-1,-1,-1,169,"communication, media",Journalism and Media Studies
Art,3,5,6,-1,-1,-1,-1,-1,-1,-1,-1,6,6,4,4,6,-1,-1,-1,6,-1,-1,189,"heritage, culture",Museum and Heritage Studies
Art,3,6,5,-1,-1,-1,-1,-1,-1,-1,-1,4,6,4,6,6,-1,-1,5,-1,-1,-1,182,"mobile apps, user experience",UI/UX Design
Art,1,6,6,-1,-1,-1,-1,-1,-1,-1,-1,4,5,6,5,4,6,-1,-1,-1,-1,-1,147,"user experience, digital products",UI/UX Design
Commercial,4,4,5,-1,-1,-1,-1,-1,-1,-1,-1,4,5,-1,6,-1,-1,-1,-1,-1,4,4,277,"organizational planning, leadership",Business Administration
Science,5,6,5,5,4,1,-1,6,-1,-1,-1,-1,-1,-1,-1,-1,-1,-1,-1,-1,-1,-1,258,"hardware, software integration",Computer Engineering
Science,6,5,5,5,5,3,6,5,-1,-1,-1,-1,-1,-1,-1,-1,-1,-1,-1,-1,-1,-1,240,"electronics, electricity",Electrical Engineering
Science,5,6,5,6,6,3,5,6,-1,-1,-1,-1,-1,-1,-1,-1,-1,-1,-1,-1,-1,-1,265,"property management, facility management",Estate Management
Science,5,6,5,5,6,4,-1,4,6,-1,-1,-1,-1,-1,-1,-1,-1,-1,-1,-1,-1,-1,252,"diagnosis, laboratory",Medical Laboratory Science
Science,4,4,6,2,5,6,-1,5,5,-1,-1,-1,-1,-1,-1,-1,-1,-1,-1,-1,-1,-1,269,"community health, disease prevention",Public Health
Science,6,6,4,4,4,6,-1,6,5,-1,-1,-1,-1,-1,-1,-1,-1,-1,-1,-1,-1,-1,289,"modeling, computation",Applied Mathematics
Science,5,4,6,5,5,6,-1,4,-1,-1,6,-1,-1,-1,-1,-1,-1,-1,-1,-1,-1,-1,293,"environment, climate",Environmental Science
Science,4,4,4,5,4,4,-1,1,-1,5,-1,-1,-1,-1,-1,-1,-1,-1,-1,-1,-1,-1,244,"fruit production, landscaping",Horticulture
Art,5,6,5,-1,-1,-1,-1,-1,-1,-1,-1,6,4,6,4,5,-1,5,-1,-1,-1,-1,191,"foreign policy, diplomacy",International Relations
Art,2,5,6,-1,-1,-1,-1,-1,-1,-1,-1,5,4,5,6,6,-1,-1,-1,6,-1,-1,206,"travel, culture",Tourism and Hospitality
Art,1,6,4,-1,-1,-1,-1,-1,-1,-1,-1,6,5,5,6,5,-1,-1,4,-1,-1,-1,160,"3d animation, motion graphics",Animation
Art,1,4,5,-1,-1,-1,-1,-1,-1,-1,-1,6,6,6,5,4,4,-1,-1,-1,-1,-1,186,"motion graphics, 3d animation",Animation
Commercial,6,4,4,-1,-1,-1,-1,-1,-1,-1,-1,5,4,-1,6,-1,-1,-1,-1,-1,4,5,255,"advertising, sales strategies",Marketing
Science,6,5,4,4,4,1,-1,5,-1,-1,-1,-1,-1,-1,-1,-1,-1,-1,-1,-1,-1,-1,259,"software integration, hardware",Computer Engineering
Science,5,5,5,5,5,3,4,5,-1,-1,-1,-1,-1,-1,-1,-1,-1,-1,-1,-1,-1,-1,246,"ocean, ships",Marine Engineering
Science,6,4,4,5,5,2,6,6,-1,-1,-1,-1,-1,-1,-1,-1,-1,-1,-1,-1,-1,-1,271,"building estimation, cost analysis",Quantity Surveying
Science,4,4,5,4,4,4,-1,4,5,-1,-1,-1,-1,-1,-1,-1,-1,-1,-1,-1,-1,-1,319,"imaging, diagnosis",Radiology
Science,6,6,4,2,6,6,-1,5,6,-1,-1,-1,-1,-1,-1,-1,-1,-1,-1,-1,-1,-1,247,"health diet, food",Nutrition and Dietetics
Science,4,4,6,5,5,4,-1,5,4,-1,-1,-1,-1,-1,-1,-1,-1,-1,-1,-1,-1,-1,303,"data analysis, probability",Statistics
Science,6,6,4,5,4,4,-1,6,-1,-1,6,-1,-1,-1,-1,-1,-1,-1,-1,-1,-1,-1,228,"weather, climate",Meteorology
Science,5,5,4,5,4,6,-1,2,-1,4,-1,-1,-1,-1,-1,-1,-1,-1,-1,-1,-1,-1,237,"harvesting, plant breeding",Crop Science
Art,4,6,4,-1,-1,-1,-1,-1,-1,-1,-1,4,4,4,5,6,-1,5,-1,-1,-1,-1,163,"advocacy, human rights",Human Rights and Advocacy
Art,1,6,5,-1,-1,-1,-1,-1,-1,-1,-1,4,6,6,6,6,-1,-1,-1,6,-1,-1,238,"culture, customer service",Tourism and Hospitality
Art,3,5,4,-1,-1,-1,-1,-1,-1,-1,-1,4,6,6,5,4,-1,-1,6,-1,-1,-1,159,"digital art, Sketching",Illustration
Art,2,6,4,-1,-1,-1,-1,-1,-1,-1,-1,5,6,4,6,4,6,-1,-1,-1,-1,-1,220,"character design, drawing",Illustration
Commercial,6,5,4,-1,-1,-1,-1,-1,-1,-1,-1,6,4,-1,6,-1,-1,-1,-1,-1,6,6,305,"financial protection, claims processing",Insurance
Science,6,5,5,5,4,3,-1,4,-1,-1,-1,-1,-1,-1,-1,-1,-1,-1,-1,-1,-1,-1,212,"hacking, security",Cyber Security
Science,5,6,6,4,6,1,6,5,-1,-1,-1,-1,-1,-1,-1,-1,-1,-1,-1,-1,-1,-1,229,"oil, gas",Petroleum Engineering
Science,4,4,5,6,6,1,6,6,-1,-1,-1,-1,-1,-1,-1,-1,-1,-1,-1,-1,-1,-1,223,"cost analysis, construction costs",Quantity Surveying
Science,6,5,6,4,6,6,-1,4,4,-1,-1,-1,-1,-1,-1,-1,-1,-1,-1,-1,-1,-1,276,"x_ray, medical imaging",Radiography
Science,5,4,6,2,6,5,-1,4,6,-1,-1,-1,-1,-1,-1,-1,-1,-1,-1,-1,-1,-1,300,"health diet, food",Nutrition and Dietetics
Science,4,6,6,5,5,6,-1,4,5,-1,-1,-1,-1,-1,-1,-1,-1,-1,-1,-1,-1,-1,271,"modeling, computation",Applied Mathematics
Science,4,4,5,5,5,5,-1,4,-1,-1,6,-1,-1,-1,-1,-1,-1,-1,-1,-1,-1,-1,268,"climate, weather",Meteorology
Science,6,6,6,5,5,4,-1,2,-1,6,-1,-1,-1,-1,-1,-1,-1,-1,-1,-1,-1,-1,246,"aquatic life, seafood production",Fisheries and Aquaculture
Art,4,4,6,-1,-1,-1,-1,-1,-1,-1,-1,4,5,4,4,4,-1,6,-1,-1,-1,-1,216,"criminal justice, crime investigation",Criminology
Art,1,6,5,-1,-1,-1,-1,-1,-1,-1,-1,6,4,6,6,5,-1,-1,-1,5,-1,-1,184,"culture, tourism",Museum and Heritage Studies
Art,2,5,5,-1,-1,-1,-1,-1,-1,-1,-1,4,4,6,4,4,-1,-1,5,-1,-1,-1,172,"taking pictures, creative visuals",Photography
Art,2,4,6,-1,-1,-1,-1,-1,-1,-1,-1,4,6,5,5,6,6,-1,-1,-1,-1,-1,214,"creative visuals, editing photos",Photography
Commercial,5,6,4,-1,-1,-1,-1,-1,-1,-1,-1,6,6,-1,4,-1,-1,-1,-1,-1,5,6,296,"recruitment, employee relations",Human Resource Management
Science,6,6,6,5,5,1,-1,5,-1,-1,-1,-1,-1,-1,-1,-1,-1,-1,-1,-1,-1,-1,256,"apps, development",Software Engineering
Science,5,4,5,6,4,1,4,5,-1,-1,-1,-1,-1,-1,-1,-1,-1,-1,-1,-1,-1,-1,279,"gas, drilling",Petroleum Engineering
Science,4,4,4,6,4,2,6,4,-1,-1,-1,-1,-1,-1,-1,-1,-1,-1,-1,-1,-1,-1,234,"facility management, property management",Estate Management
Science,4,5,6,4,6,6,-1,6,4,-1,-1,-1,-1,-1,-1,-1,-1,-1,-1,-1,-1,-1,282,"imaging, diagnosis",Radiology
Science,6,6,5,3,4,6,-1,5,6,-1,-1,-1,-1,-1,-1,-1,-1,-1,-1,-1,-1,-1,223,"community health, disease prevention",Public Health
Science,5,4,5,6,4,6,-1,6,5,-1,-1,-1,-1,-1,-1,-1,-1,-1,-1,-1,-1,-1,287,"microorganisms, research",Microbiology
Science,6,5,5,4,5,5,-1,4,-1,-1,5,-1,-1,-1,-1,-1,-1,-1,-1,-1,-1,-1,252,"climate, environment",Environmental Science
Science,4,4,5,5,5,5,-1,2,-1,5,-1,-1,-1,-1,-1,-1,-1,-1,-1,-1,-1,-1,222,"pond management, seafood production",Fisheries and Aquaculture
Art,6,4,5,-1,-1,-1,-1,-1,-1,-1,-1,5,5,5,4,5,-1,6,-1,-1,-1,-1,207,"cultural studies, social behavior",Sociology
Art,2,6,5,-1,-1,-1,-1,-1,-1,-1,-1,6,6,5,6,5,-1,-1,-1,5,-1,-1,234,"problem solving, research",Research and Policy Analysis
Art,3,6,6,-1,-1,-1,-1,-1,-1,-1,-1,5,5,4,5,5,-1,-1,5,-1,-1,-1,156,"digital painting, Creative software",Digital Art
Art,3,6,4,-1,-1,-1,-1,-1,-1,-1,-1,5,4,4,5,6,4,-1,-1,-1,-1,-1,155,"digital painting, Creative software",Digital Art
Commercial,6,5,5,-1,-1,-1,-1,-1,-1,-1,-1,5,5,-1,4,-1,-1,-1,-1,-1,4,4,336,"organizational planning, leadership",Business Administration
Science,4,5,4,5,4,1,-1,6,-1,-1,-1,-1,-1,-1,-1,-1,-1,-1,-1,-1,-1,-1,255,"IT systems, support",Information Technology
Science,4,6,4,4,6,2,6,6,-1,-1,-1,-1,-1,-1,-1,-1,-1,-1,-1,-1,-1,-1,283,"space, aircraft",Aerospace Engineering
Science,5,6,6,5,4,1,4,6,-1,-1,-1,-1,-1,-1,-1,-1,-1,-1,-1,-1,-1,-1,230,"environmental planning, community planning",Urban and Regional Planning
Science,6,4,5,5,4,5,-1,5,6,-1,-1,-1,-1,-1,-1,-1,-1,-1,-1,-1,-1,-1,272,"medical imaging, x_ray",Radiography
Science,4,6,6,2,5,6,-1,6,5,-1,-1,-1,-1,-1,-1,-1,-1,-1,-1,-1,-1,-1,294,"food, health diet",Nutrition and Dietetics
Science,5,4,4,4,5,4,-1,6,6,-1,-1,-1,-1,-1,-1,-1,-1,-1,-1,-1,-1,-1,266,"chemical production, industry",Industrial Chemistry
Science,5,5,5,4,5,6,-1,4,-1,-1,4,-1,-1,-1,-1,-1,-1,-1,-1,-1,-1,-1,296,"environment, climate",Environmental Science
Science,6,4,6,6,5,4,-1,2,-1,6,-1,-1,-1,-1,-1,-1,-1,-1,-1,-1,-1,-1,253,"agribusiness, rural development",Agricultural Economics
Art,4,5,5,-1,-1,-1,-1,-1,-1,-1,-1,6,4,6,5,4,-1,4,-1,-1,-1,-1,223,"human behaviour, emotional wellbeing",Psychology
Art,3,5,4,-1,-1,-1,-1,-1,-1,-1,-1,6,4,6,5,6,-1,-1,-1,5,-1,-1,170,"history preservation, culture",Museum and Heritage Studies
Art,2,6,4,-1,-1,-1,-1,-1,-1,-1,-1,4,4,5,4,6,-1,-1,6,-1,-1,-1,179,"character design, digital art",Illustration
Art,1,6,6,-1,-1,-1,-1,-1,-1,-1,-1,6,5,6,6,4,6,-1,-1,-1,-1,-1,142,"Sketching, drawing",Illustration
Commercial,5,5,6,-1,-1,-1,-1,-1,-1,-1,-1,6,4,-1,5,-1,-1,-1,-1,-1,5,6,313,"financial markets, banking",Banking and Finance
Science,6,6,5,6,5,3,-1,5,-1,-1,-1,-1,-1,-1,-1,-1,-1,-1,-1,-1,-1,-1,280,"AI, automation",Artificial Intelligence
Science,6,5,6,4,5,1,5,6,-1,-1,-1,-1,-1,-1,-1,-1,-1,-1,-1,-1,-1,-1,249,"production, systems",Industrial Engineering
Science,4,6,4,6,5,2,6,4,-1,-1,-1,-1,-1,-1,-1,-1,-1,-1,-1,-1,-1,-1,276,"environmental planning, community planning",Urban and Regional Planning
Science,5,5,4,5,5,4,-1,4,5,-1,-1,-1,-1,-1,-1,-1,-1,-1,-1,-1,-1,-1,259,"healthcare, treatment",Medicine and Surgery
Science,5,6,6,1,4,4,-1,6,6,-1,-1,-1,-1,-1,-1,-1,-1,-1,-1,-1,-1,-1,253,"health diet, food",Nutrition and Dietetics
Science,6,6,5,5,6,6,-1,6,5,-1,-1,-1,-1,-1,-1,-1,-1,-1,-1,-1,-1,-1,297,"research, technology",Applied Physics
Science,6,5,4,5,6,6,-1,6,-1,-1,4,-1,-1,-1,-1,-1,-1,-1,-1,-1,-1,-1,224,"rocks, earth science",Geology
Science,5,4,5,4,5,4,-1,2,-1,5,-1,-1,-1,-1,-1,-1,-1,-1,-1,-1,-1,-1,298,"environmental protection, forest conservation",Forestry
Art,6,5,6,-1,-1,-1,-1,-1,-1,-1,-1,6,5,4,4,4,-1,6,-1,-1,-1,-1,181,"government, public policy",Political Science
Art,2,5,6,-1,-1,-1,-1,-1,-1,-1,-1,5,6,6,4,5,-1,-1,-1,6,-1,-1,214,"excavation, research",Archaeology
Art,1,4,6,-1,-1,-1,-1,-1,-1,-1,-1,6,5,6,5,5,-1,-1,6,-1,-1,-1,161,"user interface, user experience",UI/UX Design
Art,1,6,6,-1,-1,-1,-1,-1,-1,-1,-1,6,6,6,6,5,6,-1,-1,-1,-1,-1,175,"user interface, digital products",UI/UX Design
Commercial,4,4,5,-1,-1,-1,-1,-1,-1,-1,-1,6,4,-1,6,-1,-1,-1,-1,-1,4,5,250,"procurement, inventory management",Supply Chain Management
Science,6,5,6,4,4,3,-1,5,-1,-1,-1,-1,-1,-1,-1,-1,-1,-1,-1,-1,-1,-1,278,"software, programming",Computer Science
Science,4,5,5,5,6,2,4,4,-1,-1,-1,-1,-1,-1,-1,-1,-1,-1,-1,-1,-1,-1,272,"circuits, hardware",Electronic Engineering
Science,4,4,4,6,4,1,6,6,-1,-1,-1,-1,-1,-1,-1,-1,-1,-1,-1,-1,-1,-1,287,"property management, real estate",Estate Management
Science,4,4,6,5,6,6,-1,4,5,-1,-1,-1,-1,-1,-1,-1,-1,-1,-1,-1,-1,-1,264,"medical imaging, x_ray",Radiography
Science,6,5,5,3,6,4,-1,4,5,-1,-1,-1,-1,-1,-1,-1,-1,-1,-1,-1,-1,-1,282,"health diet, food",Nutrition and Dietetics
Science,5,6,5,4,4,5,-1,6,6,-1,-1,-1,-1,-1,-1,-1,-1,-1,-1,-1,-1,-1,254,"biological molecules, lab work",Biochemistry
Science,5,6,6,6,6,6,-1,5,-1,-1,6,-1,-1,-1,-1,-1,-1,-1,-1,-1,-1,-1,252,"seismology, earth structure",Geophysics
Science,4,6,4,6,5,5,-1,2,-1,4,-1,-1,-1,-1,-1,-1,-1,-1,-1,-1,-1,-1,257,"aquatic life, fish farming",Fisheries and Aquaculture
Art,5,5,6,-1,-1,-1,-1,-1,-1,-1,-1,5,6,5,4,6,-1,4,-1,-1,-1,-1,189,"public policy, politics",Political Science
Art,2,5,5,-1,-1,-1,-1,-1,-1,-1,-1,6,5,6,4,5,-1,-1,-1,6,-1,-1,172,"ancient civilization, research",Archaeology
Art,1,4,5,-1,-1,-1,-1,-1,-1,-1,-1,6,4,4,5,6,-1,-1,5,-1,-1,-1,192,"cartoons, storytelling",Animation
Art,2,6,5,-1,-1,-1,-1,-1,-1,-1,-1,4,5,4,6,6,5,-1,-1,-1,-1,-1,203,"motion graphics, storytelling",Animation
Commercial,6,5,6,-1,-1,-1,-1,-1,-1,-1,-1,4,4,-1,5,-1,-1,-1,-1,-1,5,4,287,"problem solving, innovation",Entrepreneurship
Science,5,4,6,4,6,3,-1,4,-1,-1,-1,-1,-1,-1,-1,-1,-1,-1,-1,-1,-1,-1,247,"software, coding",Computer Science
Science,6,5,6,4,5,2,4,4,-1,-1,-1,-1,-1,-1,-1,-1,-1,-1,-1,-1,-1,-1,285,"ocean, marine systems",Marine Engineering
Science,5,6,6,6,5,2,5,4,-1,-1,-1,-1,-1,-1,-1,-1,-1,-1,-1,-1,-1,-1,239,"construction costs, building estimation",Quantity Surveying
Science,4,4,5,6,5,4,-1,4,6,-1,-1,-1,-1,-1,-1,-1,-1,-1,-1,-1,-1,-1,296,"cancer, treatment",Oncology
Science,6,5,5,2,6,4,-1,5,6,-1,-1,-1,-1,-1,-1,-1,-1,-1,-1,-1,-1,-1,277,"disease prevention, community health",Public Health
Science,5,5,6,4,5,5,-1,4,6,-1,-1,-1,-1,-1,-1,-1,-1,-1,-1,-1,-1,-1,247,"bioengineering, genetics",Biotechnology
Science,4,5,5,5,5,4,-1,6,-1,-1,5,-1,-1,-1,-1,-1,-1,-1,-1,-1,-1,-1,224,"oceans, marine life",Marine Science
Science,4,6,4,6,4,4,-1,3,-1,4,-1,-1,-1,-1,-1,-1,-1,-1,-1,-1,-1,-1,299,"gardening, fruit production",Horticulture
Art,4,6,4,-1,-1,-1,-1,-1,-1,-1,-1,6,5,5,6,6,-1,4,-1,-1,-1,-1,194,"population studies, migration patterns",Demography
Art,3,4,6,-1,-1,-1,-1,-1,-1,-1,-1,4,5,5,6,5,-1,-1,-1,6,-1,-1,199,"ancient civilization, research",Archaeology
Art,3,4,5,-1,-1,-1,-1,-1,-1,-1,-1,6,4,5,5,5,-1,-1,5,-1,-1,-1,140,"video effects, animation",Motion Graphics
Art,2,5,4,-1,-1,-1,-1,-1,-1,-1,-1,5,5,6,4,5,4,-1,-1,-1,-1,-1,176,"video effects, visual storytelling",Motion Graphics
Commercial,6,5,4,-1,-1,-1,-1,-1,-1,-1,-1,6,5,-1,5,-1,-1,-1,-1,-1,5,6,290,"policy analysis, claims processing",Insurance
Science,6,4,4,4,4,3,-1,5,-1,-1,-1,-1,-1,-1,-1,-1,-1,-1,-1,-1,-1,-1,260,"hardware, software integration",Computer Engineering
Science,6,6,6,4,6,3,5,5,-1,-1,-1,-1,-1,-1,-1,-1,-1,-1,-1,-1,-1,-1,266,"systems, robots",Mechatronics Engineering
Science,5,4,4,5,5,1,6,5,-1,-1,-1,-1,-1,-1,-1,-1,-1,-1,-1,-1,-1,-1,272,"land measurement, geographic information system",Surveying and Geoinformatics
Science,5,4,6,6,6,5,-1,5,6,-1,-1,-1,-1,-1,-1,-1,-1,-1,-1,-1,-1,-1,284,"eyes, vision",Optometry
Science,6,4,6,2,6,4,-1,6,4,-1,-1,-1,-1,-1,-1,-1,-1,-1,-1,-1,-1,-1,228,"health diet, food",Nutrition and Dietetics
Science,6,4,6,6,5,6,-1,5,6,-1,-1,-1,-1,-1,-1,-1,-1,-1,-1,-1,-1,-1,232,"life science, nature",Biology
Science,4,5,4,6,6,6,-1,6,-1,-1,5,-1,-1,-1,-1,-1,-1,-1,-1,-1,-1,-1,284,"climate, weather",Meteorology
Science,6,6,4,5,4,6,-1,3,-1,5,-1,-1,-1,-1,-1,-1,-1,-1,-1,-1,-1,-1,277,"farm management, rural development",Agricultural Economics
Art,6,5,4,-1,-1,-1,-1,-1,-1,-1,-1,4,5,6,4,4,-1,5,-1,-1,-1,-1,163,"cultural studies, social behavior",Sociology
Art,3,4,4,-1,-1,-1,-1,-1,-1,-1,-1,4,6,5,5,4,-1,-1,-1,6,-1,-1,173,"customer service, tour guiding",Tourism and Hospitality
Art,1,6,5,-1,-1,-1,-1,-1,-1,-1,-1,6,4,4,4,6,-1,-1,4,-1,-1,-1,177,"digital art, Sketching",Illustration
Art,1,5,5,-1,-1,-1,-1,-1,-1,-1,-1,5,4,4,5,4,6,-1,-1,-1,-1,-1,195,"character design, drawing",Illustration
Commercial,6,6,4,-1,-1,-1,-1,-1,-1,-1,-1,6,5,-1,5,-1,-1,-1,-1,-1,5,5,287,"policy analysis, financial protection",Insurance
Science,5,4,5,6,5,2,-1,4,-1,-1,-1,-1,-1,-1,-1,-1,-1,-1,-1,-1,-1,-1,220,"hacking, network protection",Cyber Security
Science,4,6,5,5,6,1,5,5,-1,-1,-1,-1,-1,-1,-1,-1,-1,-1,-1,-1,-1,-1,280,"metals, materials",Materials Engineering
Science,4,4,4,5,6,2,6,5,-1,-1,-1,-1,-1,-1,-1,-1,-1,-1,-1,-1,-1,-1,227,"transport systems, environmental planning",Urban and Regional Planning
Science,4,5,4,6,4,5,-1,5,4,-1,-1,-1,-1,-1,-1,-1,-1,-1,-1,-1,-1,-1,292,"health science, body functions",Physiology
Science,4,5,4,2,5,6,-1,5,6,-1,-1,-1,-1,-1,-1,-1,-1,-1,-1,-1,-1,-1,220,"community health, disease prevention",Public Health
Science,6,5,5,6,4,4,-1,6,4,-1,-1,-1,-1,-1,-1,-1,-1,-1,-1,-1,-1,-1,258,"data analysis, probability",Statistics
Science,5,6,4,6,6,5,-1,5,-1,-1,6,-1,-1,-1,-1,-1,-1,-1,-1,-1,-1,-1,316,"marine life, oceans",Marine Science
Science,5,5,5,5,6,4,-1,1,-1,5,-1,-1,-1,-1,-1,-1,-1,-1,-1,-1,-1,-1,251,"flower cultivation, fruit production",Horticulture
Art,4,4,4,-1,-1,-1,-1,-1,-1,-1,-1,5,4,5,6,5,-1,5,-1,-1,-1,-1,215,"government, leadership",Political Science
Art,3,6,6,-1,-1,-1,-1,-1,-1,-1,-1,6,6,5,4,4,-1,-1,-1,4,-1,-1,185,"culture, tour guiding",Tourism and Hospitality
Art,2,5,5,-1,-1,-1,-1,-1,-1,-1,-1,6,5,4,5,6,-1,-1,4,-1,-1,-1,191,"digital art, character design",Illustration
Art,2,6,4,-1,-1,-1,-1,-1,-1,-1,-1,5,6,6,6,4,5,-1,-1,-1,-1,-1,200,"drawing, digital art",Illustration
Commercial,4,5,6,-1,-1,-1,-1,-1,-1,-1,-1,4,5,-1,5,-1,-1,-1,-1,-1,6,4,255,"staff management, workplace development",Human Resource Management
Science,4,6,6,4,5,2,-1,4,-1,-1,-1,-1,-1,-1,-1,-1,-1,-1,-1,-1,-1,-1,256,"software systems, development",Software Engineering
Science,5,6,4,5,4,1,6,4,-1,-1,-1,-1,-1,-1,-1,-1,-1,-1,-1,-1,-1,-1,249,"systems, optimization",Industrial Engineering
Science,4,5,5,5,5,2,5,4,-1,-1,-1,-1,-1,-1,-1,-1,-1,-1,-1,-1,-1,-1,282,"facility management, land valuation",Estate Management
Science,5,4,6,6,4,4,-1,5,5,-1,-1,-1,-1,-1,-1,-1,-1,-1,-1,-1,-1,-1,308,"testing, diagnosis",Medical Laboratory Science
Science,6,5,6,1,6,6,-1,5,4,-1,-1,-1,-1,-1,-1,-1,-1,-1,-1,-1,-1,-1,290,"food, health diet",Nutrition and Dietetics
Science,4,6,6,5,6,5,-1,4,6,-1,-1,-1,-1,-1,-1,-1,-1,-1,-1,-1,-1,-1,246,"probability, data analysis",Statistics
Science,6,5,6,4,5,4,-1,4,-1,-1,6,-1,-1,-1,-1,-1,-1,-1,-1,-1,-1,-1,227,"earth structure, seismology",Geophysics
Science,6,5,4,5,4,5,-1,2,-1,4,-1,-1,-1,-1,-1,-1,-1,-1,-1,-1,-1,-1,276,"agribusiness, farm management",Agricultural Economics
Art,5,5,6,-1,-1,-1,-1,-1,-1,-1,-1,6,6,5,5,4,-1,5,-1,-1,-1,-1,180,"counselling, mental health",Psychology
Art,3,4,4,-1,-1,-1,-1,-1,-1,-1,-1,6,6,4,6,6,-1,-1,-1,5,-1,-1,201,"customer service, tour guiding",Tourism and Hospitality
Art,1,6,4,-1,-1,-1,-1,-1,-1,-1,-1,5,4,5,6,4,-1,-1,5,-1,-1,-1,173,"furniture, room decoration",Interior Design
Art,2,5,5,-1,-1,-1,-1,-1,-1,-1,-1,5,6,4,5,6,4,-1,-1,-1,-1,-1,147,"home aesthetics, room decoration",Interior Design
Commercial,5,4,6,-1,-1,-1,-1,-1,-1,-1,-1,4,4,-1,5,-1,-1,-1,-1,-1,6,4,230,"auditing, financial records",Accounting
Science,4,6,6,6,5,1,-1,4,-1,-1,-1,-1,-1,-1,-1,-1,-1,-1,-1,-1,-1,-1,241,"networks, communication systems",Network Engineering
Science,5,6,5,4,5,1,6,5,-1,-1,-1,-1,-1,-1,-1,-1,-1,-1,-1,-1,-1,-1,248,"automation, robots",Mechatronics Engineering
Science,5,5,5,6,5,3,5,6,-1,-1,-1,-1,-1,-1,-1,-1,-1,-1,-1,-1,-1,-1,258,"community planning, city development",Urban and Regional Planning
Science,6,4,4,4,4,6,-1,4,4,-1,-1,-1,-1,-1,-1,-1,-1,-1,-1,-1,-1,-1,300,"imaging, diagnosis",Radiology
Science,4,6,6,2,4,5,-1,4,6,-1,-1,-1,-1,-1,-1,-1,-1,-1,-1,-1,-1,-1,224,"food, health diet",Nutrition and Dietetics
Science,6,6,5,6,6,4,-1,6,4,-1,-1,-1,-1,-1,-1,-1,-1,-1,-1,-1,-1,-1,250,"biological molecules, lab work",Biochemistry
Science,4,4,5,6,4,5,-1,6,-1,-1,4,-1,-1,-1,-1,-1,-1,-1,-1,-1,-1,-1,271,"environment, climate",Environmental Science
Science,4,5,4,5,5,4,-1,1,-1,6,-1,-1,-1,-1,-1,-1,-1,-1,-1,-1,-1,-1,226,"food production, agricultural technology",Agricultural Science
Art,6,4,6,-1,-1,-1,-1,-1,-1,-1,-1,4,5,4,4,5,-1,4,-1,-1,-1,-1,175,"politics, diplomacy",International Relations
Art,1,4,4,-1,-1,-1,-1,-1,-1,-1,-1,6,4,5,5,4,-1,-1,-1,6,-1,-1,235,"research, problem solving",Research and Policy Analysis
Art,3,6,5,-1,-1,-1,-1,-1,-1,-1,-1,6,6,5,4,4,-1,-1,6,-1,-1,-1,176,"mobile apps, user experience",UI/UX Design
Art,3,6,4,-1,-1,-1,-1,-1,-1,-1,-1,4,4,5,4,4,6,-1,-1,-1,-1,-1,156,"digital products, user interface",UI/UX Design
Commercial,5,5,4,-1,-1,-1,-1,-1,-1,-1,-1,4,5,-1,5,-1,-1,-1,-1,-1,4,5,232,"sales strategies, advertising",Marketing
Science,6,4,5,5,4,1,-1,5,-1,-1,-1,-1,-1,-1,-1,-1,-1,-1,-1,-1,-1,-1,225,"communication systems, internet",Network Engineering
Science,5,6,4,5,4,2,4,4,-1,-1,-1,-1,-1,-1,-1,-1,-1,-1,-1,-1,-1,-1,257,"health technology, medical devices",Biomedical Engineering
Science,4,4,4,5,4,1,6,6,-1,-1,-1,-1,-1,-1,-1,-1,-1,-1,-1,-1,-1,-1,258,"land measurement, mapping",Surveying and Geoinformatics
Science,6,6,6,6,5,5,-1,5,4,-1,-1,-1,-1,-1,-1,-1,-1,-1,-1,-1,-1,-1,265,"human body, medical science",Anatomy
Science,6,4,5,2,5,4,-1,4,4,-1,-1,-1,-1,-1,-1,-1,-1,-1,-1,-1,-1,-1,269,"food, health diet",Nutrition and Dietetics
Science,4,4,6,6,5,4,-1,6,5,-1,-1,-1,-1,-1,-1,-1,-1,-1,-1,-1,-1,-1,319,"probability, data analysis",Statistics
Science,4,4,5,5,6,4,-1,6,-1,-1,4,-1,-1,-1,-1,-1,-1,-1,-1,-1,-1,-1,267,"climate, weather",Meteorology
Science,5,6,5,4,5,6,-1,3,-1,6,-1,-1,-1,-1,-1,-1,-1,-1,-1,-1,-1,-1,227,"livestock farming, animal breeding",Animal Science
Art,6,5,6,-1,-1,-1,-1,-1,-1,-1,-1,5,4,6,6,4,-1,4,-1,-1,-1,-1,198,"human rights, debate",Law
Art,3,6,5,-1,-1,-1,-1,-1,-1,-1,-1,5,6,5,4,5,-1,-1,-1,4,-1,-1,212,"research, historical artifacts",Archaeology
Art,1,5,4,-1,-1,-1,-1,-1,-1,-1,-1,4,5,4,5,5,-1,-1,5,-1,-1,-1,155,"user experience, website layouts",Web Design
Art,1,6,4,-1,-1,-1,-1,-1,-1,-1,-1,5,4,6,6,5,5,-1,-1,-1,-1,-1,177,"user experience, ui design",Web Design
Commercial,6,5,5,-1,-1,-1,-1,-1,-1,-1,-1,5,4,-1,4,-1,-1,-1,-1,-1,5,4,296,"sales strategies, advertising",Marketing
Science,4,5,4,5,4,2,-1,4,-1,-1,-1,-1,-1,-1,-1,-1,-1,-1,-1,-1,-1,-1,279,"software systems, development",Software Engineering
Science,4,5,4,4,6,2,5,5,-1,-1,-1,-1,-1,-1,-1,-1,-1,-1,-1,-1,-1,-1,287,"robots, systems",Mechatronics Engineering
Science,4,6,4,4,6,3,4,4,-1,-1,-1,-1,-1,-1,-1,-1,-1,-1,-1,-1,-1,-1,270,"land measurement, spatial data",Surveying and Geoinformatics
Science,5,5,6,6,6,4,-1,6,5,-1,-1,-1,-1,-1,-1,-1,-1,-1,-1,-1,-1,-1,318,"medical imaging, x_ray",Radiography
Science,5,5,5,1,6,5,-1,6,6,-1,-1,-1,-1,-1,-1,-1,-1,-1,-1,-1,-1,-1,295,"food, health diet",Nutrition and Dietetics
Science,5,5,4,6,5,5,-1,6,5,-1,-1,-1,-1,-1,-1,-1,-1,-1,-1,-1,-1,-1,308,"data analysis, probability",Statistics
Science,4,6,6,5,5,5,-1,6,-1,-1,6,-1,-1,-1,-1,-1,-1,-1,-1,-1,-1,-1,310,"oceans, marine life",Marine Science
Science,5,5,6,6,6,6,-1,2,-1,4,-1,-1,-1,-1,-1,-1,-1,-1,-1,-1,-1,-1,222,"soil, crop management",Agronomy
Art,5,6,5,-1,-1,-1,-1,-1,-1,-1,-1,6,4,6,6,4,-1,4,-1,-1,-1,-1,230,"debate, advocacy",Law
Art,2,4,5,-1,-1,-1,-1,-1,-1,-1,-1,4,6,5,4,4,-1,-1,-1,6,-1,-1,178,"tour guiding, customer service",Tourism and Hospitality
Art,2,6,4,-1,-1,-1,-1,-1,-1,-1,-1,6,6,4,4,4,-1,-1,6,-1,-1,-1,205,"video effects, animation",Motion Graphics
Art,3,6,4,-1,-1,-1,-1,-1,-1,-1,-1,4,4,4,4,4,6,-1,-1,-1,-1,-1,210,"creative editing, video effects",Motion Graphics
Commercial,5,5,5,-1,-1,-1,-1,-1,-1,-1,-1,5,4,-1,6,-1,-1,-1,-1,-1,5,6,231,"insurance mathematics, risk analysis",Actuarial Science
Science,5,6,4,5,4,3,-1,4,-1,-1,-1,-1,-1,-1,-1,-1,-1,-1,-1,-1,-1,-1,278,"software integration, hardware",Computer Engineering
Science,6,5,4,5,4,3,4,5,-1,-1,-1,-1,-1,-1,-1,-1,-1,-1,-1,-1,-1,-1,279,"health technology, medical devices",Biomedical Engineering
Science,6,5,6,4,5,2,4,6,-1,-1,-1,-1,-1,-1,-1,-1,-1,-1,-1,-1,-1,-1,273,"project budgeting, cost analysis",Quantity Surveying
Science,6,5,5,6,6,5,-1,6,5,-1,-1,-1,-1,-1,-1,-1,-1,-1,-1,-1,-1,-1,312,"body functions, health science",Physiology
Science,4,5,5,3,6,4,-1,5,5,-1,-1,-1,-1,-1,-1,-1,-1,-1,-1,-1,-1,-1,276,"disease prevention, community health",Public Health
Science,6,5,5,4,5,4,-1,5,5,-1,-1,-1,-1,-1,-1,-1,-1,-1,-1,-1,-1,-1,223,"motion, energy",Physics
Science,4,5,6,5,4,5,-1,4,-1,-1,6,-1,-1,-1,-1,-1,-1,-1,-1,-1,-1,-1,259,"seismology, earth structure",Geophysics
Science,5,5,4,6,6,5,-1,3,-1,6,-1,-1,-1,-1,-1,-1,-1,-1,-1,-1,-1,-1,317,"rural advisory services, community outreach",Agricultural Extension
Art,6,4,4,-1,-1,-1,-1,-1,-1,-1,-1,4,4,4,4,4,-1,6,-1,-1,-1,-1,189,"counselling, mental health",Psychology
Art,1,5,5,-1,-1,-1,-1,-1,-1,-1,-1,5,6,4,5,4,-1,-1,-1,4,-1,-1,207,"data gathering, problem solving",Research and Policy Analysis
Art,3,4,4,-1,-1,-1,-1,-1,-1,-1,-1,4,5,4,4,4,-1,-1,4,-1,-1,-1,190,"fine arts, crafts",Painting and Sculpture
Art,2,5,4,-1,-1,-1,-1,-1,-1,-1,-1,4,6,6,5,6,4,-1,-1,-1,-1,-1,173,"painting, fine arts",Painting and Sculpture
Commercial,4,5,6,-1,-1,-1,-1,-1,-1,-1,-1,4,5,-1,5,-1,-1,-1,-1,-1,6,6,330,"problem solving, business oppurtunities",Entrepreneurship
Science,6,4,4,5,5,2,-1,6,-1,-1,-1,-1,-1,-1,-1,-1,-1,-1,-1,-1,-1,-1,229,"software, coding",Computer Science
Science,6,6,4,6,4,2,5,4,-1,-1,-1,-1,-1,-1,-1,-1,-1,-1,-1,-1,-1,-1,271,"drilling, gas",Petroleum Engineering
Science,4,5,5,5,4,2,6,5,-1,-1,-1,-1,-1,-1,-1,-1,-1,-1,-1,-1,-1,-1,276,"AutoCad, buildings",Architecture
Science,5,5,6,4,6,4,-1,6,6,-1,-1,-1,-1,-1,-1,-1,-1,-1,-1,-1,-1,-1,294,"diagnosis, imaging",Radiology
Science,6,6,6,2,6,5,-1,6,4,-1,-1,-1,-1,-1,-1,-1,-1,-1,-1,-1,-1,-1,249,"food, health diet",Nutrition and Dietetics
Science,6,5,5,4,5,4,-1,4,6,-1,-1,-1,-1,-1,-1,-1,-1,-1,-1,-1,-1,-1,257,"theory, problem solving",Mathematics
Science,5,5,6,5,4,4,-1,4,-1,-1,5,-1,-1,-1,-1,-1,-1,-1,-1,-1,-1,-1,281,"marine life, oceans",Marine Science
Science,6,6,5,6,4,4,-1,3,-1,6,-1,-1,-1,-1,-1,-1,-1,-1,-1,-1,-1,-1,304,"agricultural training, farmer education",Agricultural Extension
Art,4,5,5,-1,-1,-1,-1,-1,-1,-1,-1,5,4,5,6,4,-1,5,-1,-1,-1,-1,215,"mental health, counselling",Psychology
Art,3,4,4,-1,-1,-1,-1,-1,-1,-1,-1,6,6,4,6,4,-1,-1,-1,6,-1,-1,209,"documentation, libraries",Archival Studies
Art,1,4,6,-1,-1,-1,-1,-1,-1,-1,-1,5,6,5,4,4,-1,-1,4,-1,-1,-1,217,"crafts, painting",Painting and Sculpture
Art,1,6,4,-1,-1,-1,-1,-1,-1,-1,-1,5,6,6,5,6,6,-1,-1,-1,-1,-1,199,"sculpting, crafts",Painting and Sculpture
Commercial,6,5,5,-1,-1,-1,-1,-1,-1,-1,-1,6,5,-1,4,-1,-1,-1,-1,-1,4,4,248,"advertising, sales strategies",Marketing
Science,6,5,4,4,4,3,-1,6,-1,-1,-1,-1,-1,-1,-1,-1,-1,-1,-1,-1,-1,-1,252,"automation, AI",Artificial Intelligence
Science,6,6,6,5,5,3,5,4,-1,-1,-1,-1,-1,-1,-1,-1,-1,-1,-1,-1,-1,-1,274,"marine systems, ships",Marine Engineering
Science,4,5,4,5,5,3,6,5,-1,-1,-1,-1,-1,-1,-1,-1,-1,-1,-1,-1,-1,-1,222,"drawing, design",Architecture
Science,4,5,4,5,4,5,-1,4,6,-1,-1,-1,-1,-1,-1,-1,-1,-1,-1,-1,-1,-1,312,"hospital, care",Nursing
Science,5,5,5,2,4,4,-1,6,4,-1,-1,-1,-1,-1,-1,-1,-1,-1,-1,-1,-1,-1,222,"community health, disease prevention",Public Health
Science,4,5,4,5,4,4,-1,5,6,-1,-1,-1,-1,-1,-1,-1,-1,-1,-1,-1,-1,-1,245,"laboratory, reactions",Chemistry
Science,6,6,5,5,5,6,-1,4,-1,-1,6,-1,-1,-1,-1,-1,-1,-1,-1,-1,-1,-1,247,"rocks, earth science",Geology
Science,6,5,5,6,4,4,-1,3,-1,6,-1,-1,-1,-1,-1,-1,-1,-1,-1,-1,-1,-1,302,"agribusiness, market analysis",Agricultural Economics
Art,6,6,6,-1,-1,-1,-1,-1,-1,-1,-1,6,5,5,5,4,-1,4,-1,-1,-1,-1,208,"foreign policy, politics",International Relations
Art,2,6,4,-1,-1,-1,-1,-1,-1,-1,-1,5,4,5,5,4,-1,-1,-1,4,-1,-1,204,"heritage, tourism",Museum and Heritage Studies
Art,2,5,4,-1,-1,-1,-1,-1,-1,-1,-1,5,4,4,6,6,-1,-1,4,-1,-1,-1,160,"mobile apps, user interface",UI/UX Design
Art,2,4,6,-1,-1,-1,-1,-1,-1,-1,-1,5,4,6,5,4,4,-1,-1,-1,-1,-1,145,"digital products, mobile apps",UI/UX Design
Commercial,4,6,4,-1,-1,-1,-1,-1,-1,-1,-1,5,4,-1,6,-1,-1,-1,-1,-1,6,5,250,"consumer behavior, sales strategies",Marketing
Science,5,5,4,5,4,1,-1,4,-1,-1,-1,-1,-1,-1,-1,-1,-1,-1,-1,-1,-1,-1,237,"systems, business IT",Information Systems
Science,4,6,5,5,4,3,4,4,-1,-1,-1,-1,-1,-1,-1,-1,-1,-1,-1,-1,-1,-1,283,"marine systems, ships",Marine Engineering
Science,6,4,4,4,6,1,4,4,-1,-1,-1,-1,-1,-1,-1,-1,-1,-1,-1,-1,-1,-1,227,"drawing, AutoCad",Architecture
Science,5,6,6,5,6,5,-1,5,4,-1,-1,-1,-1,-1,-1,-1,-1,-1,-1,-1,-1,-1,310,"medication, laboratory",Pharmacy
Science,6,4,4,2,4,4,-1,6,6,-1,-1,-1,-1,-1,-1,-1,-1,-1,-1,-1,-1,-1,237,"health diet, food",Nutrition and Dietetics
Science,5,6,4,6,6,6,-1,4,6,-1,-1,-1,-1,-1,-1,-1,-1,-1,-1,-1,-1,-1,258,"biological molecules, lab work",Biochemistry
Science,4,4,4,4,4,5,-1,4,-1,-1,6,-1,-1,-1,-1,-1,-1,-1,-1,-1,-1,-1,248,"climate, weather",Meteorology
Science,4,6,6,5,4,5,-1,1,-1,6,-1,-1,-1,-1,-1,-1,-1,-1,-1,-1,-1,-1,301,"food production, farming",Agricultural Science
Art,4,6,6,-1,-1,-1,-1,-1,-1,-1,-1,5,4,4,6,5,-1,4,-1,-1,-1,-1,210,"emotional wellbeing, counselling",Psychology
Art,2,4,4,-1,-1,-1,-1,-1,-1,-1,-1,4,4,6,6,6,-1,-1,-1,5,-1,-1,185,"travel, culture",Tourism and Hospitality
Art,2,6,5,-1,-1,-1,-1,-1,-1,-1,-1,6,5,4,4,4,-1,-1,5,-1,-1,-1,161,"fashion trends, textiles",Fashion Design
Art,2,5,6,-1,-1,-1,-1,-1,-1,-1,-1,6,6,5,6,5,6,-1,-1,-1,-1,-1,202,"drawing outfits, textiles",Fashion Design
Commercial,6,5,5,-1,-1,-1,-1,-1,-1,-1,-1,4,4,-1,6,-1,-1,-1,-1,-1,4,4,320,"risk management, policy analysis",Insurance
Science,5,5,5,6,4,2,-1,4,-1,-1,-1,-1,-1,-1,-1,-1,-1,-1,-1,-1,-1,-1,274,"statistics, analysis",Data Science
Science,5,5,4,4,4,2,5,4,-1,-1,-1,-1,-1,-1,-1,-1,-1,-1,-1,-1,-1,-1,268,"engines, mechanics",Mechanical Engineering
Science,4,6,6,4,5,2,6,4,-1,-1,-1,-1,-1,-1,-1,-1,-1,-1,-1,-1,-1,-1,222,"spatial data, land measurement",Surveying and Geoinformatics
Science,5,5,6,5,5,6,-1,4,6,-1,-1,-1,-1,-1,-1,-1,-1,-1,-1,-1,-1,-1,291,"laboratory, medication",Pharmacy
Science,4,6,4,2,5,5,-1,5,6,-1,-1,-1,-1,-1,-1,-1,-1,-1,-1,-1,-1,-1,253,"community health, disease prevention",Public Health
Science,5,5,4,5,6,5,-1,4,4,-1,-1,-1,-1,-1,-1,-1,-1,-1,-1,-1,-1,-1,275,"laboratory, reactions",Chemistry
Science,5,6,6,5,4,4,-1,6,-1,-1,6,-1,-1,-1,-1,-1,-1,-1,-1,-1,-1,-1,238,"earth science, rocks",Geology
Science,5,6,6,6,4,4,-1,2,-1,5,-1,-1,-1,-1,-1,-1,-1,-1,-1,-1,-1,-1,319,"food production, crop cultivation",Agricultural Science
Art,4,4,6,-1,-1,-1,-1,-1,-1,-1,-1,6,4,4,6,5,-1,5,-1,-1,-1,-1,215,"social behavior, community development",Sociology
Art,2,5,4,-1,-1,-1,-1,-1,-1,-1,-1,4,4,5,6,4,-1,-1,-1,6,-1,-1,233,"data gathering, research",Research and Policy Analysis
Art,3,6,6,-1,-1,-1,-1,-1,-1,-1,-1,6,4,5,5,6,-1,-1,4,-1,-1,-1,189,"mobile apps, digital products",UI/UX Design
Art,3,6,4,-1,-1,-1,-1,-1,-1,-1,-1,5,5,4,4,4,6,-1,-1,-1,-1,-1,174,"digital products, user experience",UI/UX Design
Commercial,6,6,4,-1,-1,-1,-1,-1,-1,-1,-1,5,6,-1,5,-1,-1,-1,-1,-1,5,4,296,"employee relations, recruitment",Human Resource Management
Science,4,6,6,6,6,3,-1,5,-1,-1,-1,-1,-1,-1,-1,-1,-1,-1,-1,-1,-1,-1,244,"programming, software",Computer Science
Science,5,6,5,6,5,2,6,6,-1,-1,-1,-1,-1,-1,-1,-1,-1,-1,-1,-1,-1,-1,254,"structures, metals",Materials Engineering
Science,5,4,5,5,4,2,4,5,-1,-1,-1,-1,-1,-1,-1,-1,-1,-1,-1,-1,-1,-1,280,"project budgeting, building estimation",Quantity Surveying
Science,5,6,4,5,5,5,-1,6,5,-1,-1,-1,-1,-1,-1,-1,-1,-1,-1,-1,-1,-1,276,"veterinary care, animals",Veterinary Medicine
Science,5,6,6,1,6,6,-1,5,4,-1,-1,-1,-1,-1,-1,-1,-1,-1,-1,-1,-1,-1,280,"food, health diet",Nutrition and Dietetics
Science,5,5,6,5,5,6,-1,6,5,-1,-1,-1,-1,-1,-1,-1,-1,-1,-1,-1,-1,-1,300,"microorganisms, research",Microbiology
Science,5,6,5,5,6,5,-1,4,-1,-1,6,-1,-1,-1,-1,-1,-1,-1,-1,-1,-1,-1,222,"weather, climate",Meteorology
Science,4,6,4,5,4,6,-1,2,-1,4,-1,-1,-1,-1,-1,-1,-1,-1,-1,-1,-1,-1,241,"livestock farming, vertinary care",Animal Science
Art,4,6,6,-1,-1,-1,-1,-1,-1,-1,-1,5,6,6,6,6,-1,4,-1,-1,-1,-1,204,"cultural studies, social behavior",Sociology
Art,3,6,6,-1,-1,-1,-1,-1,-1,-1,-1,6,4,6,6,5,-1,-1,-1,4,-1,-1,205,"research, data gathering",Research and Policy Analysis
Art,2,5,6,-1,-1,-1,-1,-1,-1,-1,-1,6,5,6,5,4,-1,-1,4,-1,-1,-1,196,"design, creativity",Graphics Design
Art,2,5,6,-1,-1,-1,-1,-1,-1,-1,-1,5,5,6,6,6,6,-1,-1,-1,-1,-1,210,"creativity, posters",Graphics Design
Commercial,5,6,4,-1,-1,-1,-1,-1,-1,-1,-1,6,6,-1,4,-1,-1,-1,-1,-1,5,6,284,"bookkeeping, financial analysis",Accounting
Science,6,6,5,5,5,3,-1,4,-1,-1,-1,-1,-1,-1,-1,-1,-1,-1,-1,-1,-1,-1,270,"systems, business IT",Information Systems
Science,6,4,5,4,5,3,6,4,-1,-1,-1,-1,-1,-1,-1,-1,-1,-1,-1,-1,-1,-1,257,"metals, structures",Materials Engineering
Science,5,4,4,4,5,2,6,5,-1,-1,-1,-1,-1,-1,-1,-1,-1,-1,-1,-1,-1,-1,224,"design, drawing",Architecture
Science,4,5,6,5,6,5,-1,4,6,-1,-1,-1,-1,-1,-1,-1,-1,-1,-1,-1,-1,-1,271,"therapy, movement",Physiotherapy
Science,4,5,4,1,5,5,-1,4,4,-1,-1,-1,-1,-1,-1,-1,-1,-1,-1,-1,-1,-1,300,"community health, disease prevention",Public Health
Science,5,4,5,5,4,5,-1,6,4,-1,-1,-1,-1,-1,-1,-1,-1,-1,-1,-1,-1,-1,277,"probability, data analysis",Statistics
Science,6,6,6,5,4,5,-1,5,-1,-1,4,-1,-1,-1,-1,-1,-1,-1,-1,-1,-1,-1,305,"climate, weather",Meteorology
Science,6,4,4,5,6,6,-1,1,-1,5,-1,-1,-1,-1,-1,-1,-1,-1,-1,-1,-1,-1,264,"vertinary care, animal breeding",Animal Science
Art,4,6,6,-1,-1,-1,-1,-1,-1,-1,-1,4,6,6,5,5,-1,4,-1,-1,-1,-1,203,"forensic studies, criminal justice",Criminology
Art,3,6,5,-1,-1,-1,-1,-1,-1,-1,-1,5,4,5,4,5,-1,-1,-1,6,-1,-1,214,"problem solving, research",Research and Policy Analysis
Art,2,6,6,-1,-1,-1,-1,-1,-1,-1,-1,4,6,4,5,4,-1,-1,6,-1,-1,-1,206,"mobile apps, user experience",UI/UX Design
Art,1,6,4,-1,-1,-1,-1,-1,-1,-1,-1,5,5,4,6,5,5,-1,-1,-1,-1,-1,197,"user interface, user experience",UI/UX Design
Commercial,6,4,6,-1,-1,-1,-1,-1,-1,-1,-1,5,5,-1,4,-1,-1,-1,-1,-1,6,4,321,"statistics, insurance mathematics",Actuarial Science
Science,5,4,4,4,6,2,-1,4,-1,-1,-1,-1,-1,-1,-1,-1,-1,-1,-1,-1,-1,-1,268,"internet, networks",Network Engineering
Science,5,6,4,5,6,2,6,5,-1,-1,-1,-1,-1,-1,-1,-1,-1,-1,-1,-1,-1,-1,228,"space, aircraft",Aerospace Engineering
Science,5,4,5,4,6,3,4,6,-1,-1,-1,-1,-1,-1,-1,-1,-1,-1,-1,-1,-1,-1,276,"construction costs, building estimation",Quantity Surveying
Science,5,4,5,4,5,5,-1,4,5,-1,-1,-1,-1,-1,-1,-1,-1,-1,-1,-1,-1,-1,265,"teeth, dental care",Dentistry
Science,4,5,5,2,5,6,-1,4,4,-1,-1,-1,-1,-1,-1,-1,-1,-1,-1,-1,-1,-1,289,"community health, disease prevention",Public Health
Science,6,4,5,4,4,4,-1,6,5,-1,-1,-1,-1,-1,-1,-1,-1,-1,-1,-1,-1,-1,237,"biological molecules, lab work",Biochemistry
Science,4,6,6,4,4,4,-1,5,-1,-1,4,-1,-1,-1,-1,-1,-1,-1,-1,-1,-1,-1,288,"rocks, earth science",Geology
Science,6,5,6,5,4,5,-1,2,-1,5,-1,-1,-1,-1,-1,-1,-1,-1,-1,-1,-1,-1,295,"environmental conservation, land management",Soil Science
Art,6,4,5,-1,-1,-1,-1,-1,-1,-1,-1,4,5,4,4,5,-1,6,-1,-1,-1,-1,225,"statistical analysis, birth rates",Demography
Art,3,5,4,-1,-1,-1,-1,-1,-1,-1,-1,6,5,4,6,4,-1,-1,-1,6,-1,-1,215,"culture, history preservation",Museum and Heritage Studies
Art,2,4,4,-1,-1,-1,-1,-1,-1,-1,-1,6,6,5,4,6,-1,-1,5,-1,-1,-1,208,"character design, digital art",Illustration
Art,1,5,6,-1,-1,-1,-1,-1,-1,-1,-1,6,6,6,5,5,5,-1,-1,-1,-1,-1,165,"character design, drawing",Illustration
Commercial,6,4,5,-1,-1,-1,-1,-1,-1,-1,-1,6,6,-1,4,-1,-1,-1,-1,-1,4,4,259,"money management, financial markets",Banking and Finance
Science,6,6,6,5,4,2,-1,5,-1,-1,-1,-1,-1,-1,-1,-1,-1,-1,-1,-1,-1,-1,251,"machine learning, AI",Artificial Intelligence
Science,4,4,6,5,5,1,5,4,-1,-1,-1,-1,-1,-1,-1,-1,-1,-1,-1,-1,-1,-1,285,"optimization, production",Industrial Engineering
Science,6,6,5,5,6,1,5,4,-1,-1,-1,-1,-1,-1,-1,-1,-1,-1,-1,-1,-1,-1,229,"building estimation, construction costs",Quantity Surveying
Science,5,6,5,4,6,5,-1,6,5,-1,-1,-1,-1,-1,-1,-1,-1,-1,-1,-1,-1,-1,252,"medical imaging, x_ray",Radiography
Science,5,4,5,1,4,5,-1,6,6,-1,-1,-1,-1,-1,-1,-1,-1,-1,-1,-1,-1,-1,292,"disease prevention, community health",Public Health
Science,4,6,4,6,6,6,-1,6,6,-1,-1,-1,-1,-1,-1,-1,-1,-1,-1,-1,-1,-1,248,"logic, problem solving",Mathematics
Science,6,5,5,6,6,6,-1,5,-1,-1,5,-1,-1,-1,-1,-1,-1,-1,-1,-1,-1,-1,267,"rocks, earth science",Geology
Science,5,5,6,4,6,6,-1,3,-1,5,-1,-1,-1,-1,-1,-1,-1,-1,-1,-1,-1,-1,275,"pond management, aquatic life",Fisheries and Aquaculture
Art,6,4,6,-1,-1,-1,-1,-1,-1,-1,-1,5,5,4,6,6,-1,5,-1,-1,-1,-1,213,"global affairs, diplomacy",International Relations
Art,2,5,5,-1,-1,-1,-1,-1,-1,-1,-1,6,5,4,4,5,-1,-1,-1,5,-1,-1,184,"customer service, travel",Tourism and Hospitality
Art,1,6,4,-1,-1,-1,-1,-1,-1,-1,-1,6,6,4,5,5,-1,-1,5,-1,-1,-1,217,"furniture, space planning",Interior Design
Art,1,4,4,-1,-1,-1,-1,-1,-1,-1,-1,5,6,4,4,4,6,-1,-1,-1,-1,-1,196,"room decoration, home aesthetics",Interior Design
Commercial,6,4,4,-1,-1,-1,-1,-1,-1,-1,-1,6,5,-1,5,-1,-1,-1,-1,-1,6,5,248,"business management, leadership",Business Administration
Science,5,4,5,6,4,3,-1,5,-1,-1,-1,-1,-1,-1,-1,-1,-1,-1,-1,-1,-1,-1,226,"apps, development",Software Engineering
Science,4,4,4,5,6,1,5,5,-1,-1,-1,-1,-1,-1,-1,-1,-1,-1,-1,-1,-1,-1,288,"drilling, oil",Petroleum Engineering
Science,5,5,5,4,6,2,4,5,-1,-1,-1,-1,-1,-1,-1,-1,-1,-1,-1,-1,-1,-1,260,"property management, real estate",Estate Management
Science,4,5,6,4,6,6,-1,5,4,-1,-1,-1,-1,-1,-1,-1,-1,-1,-1,-1,-1,-1,278,"testing, diagnosis",Medical Laboratory Science
Science,4,6,4,3,6,6,-1,5,5,-1,-1,-1,-1,-1,-1,-1,-1,-1,-1,-1,-1,-1,221,"health diet, food",Nutrition and Dietetics
Science,6,6,4,4,4,6,-1,5,5,-1,-1,-1,-1,-1,-1,-1,-1,-1,-1,-1,-1,-1,232,"nature, life science",Biology
Science,4,5,6,4,6,6,-1,6,-1,-1,6,-1,-1,-1,-1,-1,-1,-1,-1,-1,-1,-1,222,"earth structure, seismology",Geophysics
Science,4,6,6,5,5,5,-1,2,-1,5,-1,-1,-1,-1,-1,-1,-1,-1,-1,-1,-1,-1,259,"farm management, agribusiness",Agricultural Economics
Art,6,5,4,-1,-1,-1,-1,-1,-1,-1,-1,4,5,5,5,4,-1,5,-1,-1,-1,-1,169,"public serving, administration",Public Administration
Art,2,6,4,-1,-1,-1,-1,-1,-1,-1,-1,6,6,5,5,4,-1,-1,-1,4,-1,-1,189,"research, problem solving",Research and Policy Analysis
Art,1,5,5,-1,-1,-1,-1,-1,-1,-1,-1,5,4,6,5,5,-1,-1,5,-1,-1,-1,149,"Sketching, drawing",Illustration
Art,1,6,4,-1,-1,-1,-1,-1,-1,-1,-1,4,5,4,6,4,6,-1,-1,-1,-1,-1,192,"drawing, Sketching",Illustration
Commercial,5,4,4,-1,-1,-1,-1,-1,-1,-1,-1,6,4,-1,6,-1,-1,-1,-1,-1,6,6,313,"task management, projects",Project Management
Science,4,5,6,5,4,2,-1,6,-1,-1,-1,-1,-1,-1,-1,-1,-1,-1,-1,-1,-1,-1,256,"machine learning, AI",Artificial Intelligence
Science,5,5,6,6,6,2,4,4,-1,-1,-1,-1,-1,-1,-1,-1,-1,-1,-1,-1,-1,-1,271,"automobiles, cars",Automotive Engineering
Science,5,6,5,5,6,3,4,6,-1,-1,-1,-1,-1,-1,-1,-1,-1,-1,-1,-1,-1,-1,245,"drawing, design",Architecture
Science,6,6,4,5,6,5,-1,6,6,-1,-1,-1,-1,-1,-1,-1,-1,-1,-1,-1,-1,-1,255,"cancer, treatment",Oncology
Science,4,4,4,1,6,5,-1,5,5,-1,-1,-1,-1,-1,-1,-1,-1,-1,-1,-1,-1,-1,228,"community health, disease prevention",Public Health
Science,4,5,6,6,5,6,-1,4,6,-1,-1,-1,-1,-1,-1,-1,-1,-1,-1,-1,-1,-1,249,"experiments, motion",Physics
Science,4,4,6,5,5,4,-1,5,-1,-1,6,-1,-1,-1,-1,-1,-1,-1,-1,-1,-1,-1,273,"marine life, oceans",Marine Science
Science,4,5,4,6,6,5,-1,1,-1,5,-1,-1,-1,-1,-1,-1,-1,-1,-1,-1,-1,-1,318,"livestock farming, vertinary care",Animal Science
Art,6,6,4,-1,-1,-1,-1,-1,-1,-1,-1,5,4,5,6,5,-1,5,-1,-1,-1,-1,164,"politics, government",Political Science
Art,1,4,5,-1,-1,-1,-1,-1,-1,-1,-1,6,6,5,5,6,-1,-1,-1,4,-1,-1,176,"historical artifacts, ancient civilization",Archaeology
Art,2,5,6,-1,-1,-1,-1,-1,-1,-1,-1,4,4,5,4,5,-1,-1,6,-1,-1,-1,199,"user experience, mobile apps",UI/UX Design
Art,1,5,6,-1,-1,-1,-1,-1,-1,-1,-1,4,4,5,5,6,6,-1,-1,-1,-1,-1,175,"user experience, digital products",UI/UX Design
Commercial,5,6,6,-1,-1,-1,-1,-1,-1,-1,-1,4,5,-1,6,-1,-1,-1,-1,-1,4,6,334,"statistics, data modelling",Actuarial Science
Science,5,6,6,4,6,3,-1,6,-1,-1,-1,-1,-1,-1,-1,-1,-1,-1,-1,-1,-1,-1,243,"development, software systems",Software Engineering
Science,5,4,6,5,6,2,4,5,-1,-1,-1,-1,-1,-1,-1,-1,-1,-1,-1,-1,-1,-1,277,"production, systems",Industrial Engineering
Science,4,4,5,6,4,1,4,6,-1,-1,-1,-1,-1,-1,-1,-1,-1,-1,-1,-1,-1,-1,265,"city development, transport systems",Urban and Regional Planning
Science,6,6,5,4,5,5,-1,5,4,-1,-1,-1,-1,-1,-1,-1,-1,-1,-1,-1,-1,-1,268,"human body, medical science",Anatomy
Science,4,4,4,1,5,6,-1,5,4,-1,-1,-1,-1,-1,-1,-1,-1,-1,-1,-1,-1,-1,276,"community health, disease prevention",Public Health
Science,5,5,5,5,5,5,-1,6,5,-1,-1,-1,-1,-1,-1,-1,-1,-1,-1,-1,-1,-1,222,"lab work, biological molecules",Biochemistry
Science,4,6,5,6,5,5,-1,6,-1,-1,4,-1,-1,-1,-1,-1,-1,-1,-1,-1,-1,-1,277,"earth science, rocks",Geology
Science,5,5,6,5,4,6,-1,2,-1,6,-1,-1,-1,-1,-1,-1,-1,-1,-1,-1,-1,-1,301,"land management, soil testing",Soil Science
Art,5,5,4,-1,-1,-1,-1,-1,-1,-1,-1,4,6,6,5,5,-1,4,-1,-1,-1,-1,226,"public serving, leadership",Public Administration
Art,1,4,4,-1,-1,-1,-1,-1,-1,-1,-1,5,4,6,6,5,-1,-1,-1,6,-1,-1,215,"analysis, data gathering",Research and Policy Analysis
Art,1,6,4,-1,-1,-1,-1,-1,-1,-1,-1,4,4,6,6,6,-1,-1,4,-1,-1,-1,142,"design, posters",Graphics Design
Art,1,6,5,-1,-1,-1,-1,-1,-1,-1,-1,6,5,5,5,4,4,-1,-1,-1,-1,-1,179,"design, branding",Graphics Design
Commercial,5,6,6,-1,-1,-1,-1,-1,-1,-1,-1,6,6,-1,4,-1,-1,-1,-1,-1,4,4,276,"logistics, inventory management",Supply Chain Management
Science,5,5,5,6,4,2,-1,5,-1,-1,-1,-1,-1,-1,-1,-1,-1,-1,-1,-1,-1,-1,237,"IT systems, support",Information Technology
Science,4,5,5,4,4,3,4,6,-1,-1,-1,-1,-1,-1,-1,-1,-1,-1,-1,-1,-1,-1,270,"machines, engines",Mechanical Engineering
Science,6,4,6,5,5,2,4,6,-1,-1,-1,-1,-1,-1,-1,-1,-1,-1,-1,-1,-1,-1,222,"property management, real estate",Estate Management
Science,4,4,4,5,5,4,-1,4,4,-1,-1,-1,-1,-1,-1,-1,-1,-1,-1,-1,-1,-1,318,"imaging, diagnosis",Radiology
Science,6,6,5,1,6,6,-1,5,4,-1,-1,-1,-1,-1,-1,-1,-1,-1,-1,-1,-1,-1,245,"community health, disease prevention",Public Health
Science,4,5,6,6,4,5,-1,5,6,-1,-1,-1,-1,-1,-1,-1,-1,-1,-1,-1,-1,-1,251,"biological molecules, lab work",Biochemistry
Science,6,4,5,6,5,5,-1,4,-1,-1,6,-1,-1,-1,-1,-1,-1,-1,-1,-1,-1,-1,278,"oceans, marine life",Marine Science
Science,6,5,6,4,5,4,-1,1,-1,6,-1,-1,-1,-1,-1,-1,-1,-1,-1,-1,-1,-1,315,"plant breeding, harvesting",Crop Science
Art,6,6,5,-1,-1,-1,-1,-1,-1,-1,-1,4,5,6,4,4,-1,5,-1,-1,-1,-1,164,"justice, debate",Law
Art,1,4,6,-1,-1,-1,-1,-1,-1,-1,-1,5,5,4,6,6,-1,-1,-1,5,-1,-1,232,"travel, tour guiding",Tourism and Hospitality
Art,2,5,5,-1,-1,-1,-1,-1,-1,-1,-1,5,5,5,4,5,-1,-1,6,-1,-1,-1,192,"creative visuals, editing photos",Photography
Art,2,4,6,-1,-1,-1,-1,-1,-1,-1,-1,6,6,6,4,5,6,-1,-1,-1,-1,-1,146,"editing photos, creative visuals",Photography
Commercial,6,5,4,-1,-1,-1,-1,-1,-1,-1,-1,5,6,-1,4,-1,-1,-1,-1,-1,4,4,312,"auditing, financial records",Accounting
Science,4,5,5,4,4,3,-1,5,-1,-1,-1,-1,-1,-1,-1,-1,-1,-1,-1,-1,-1,-1,280,"analysis, data",Data Science
Science,4,5,5,4,4,1,4,5,-1,-1,-1,-1,-1,-1,-1,-1,-1,-1,-1,-1,-1,-1,245,"drilling, gas",Petroleum Engineering
Science,5,4,5,5,6,1,6,6,-1,-1,-1,-1,-1,-1,-1,-1,-1,-1,-1,-1,-1,-1,277,"mapping, spatial data",Surveying and Geoinformatics
Science,5,6,5,6,4,6,-1,5,6,-1,-1,-1,-1,-1,-1,-1,-1,-1,-1,-1,-1,-1,256,"treatment, medicine",Medicine and Surgery
Science,6,5,4,1,6,6,-1,5,6,-1,-1,-1,-1,-1,-1,-1,-1,-1,-1,-1,-1,-1,294,"disease prevention, community health",Public Health
Science,4,5,5,6,4,4,-1,4,5,-1,-1,-1,-1,-1,-1,-1,-1,-1,-1,-1,-1,-1,234,"modeling, computation",Applied Mathematics
Science,6,6,4,5,6,6,-1,5,-1,-1,5,-1,-1,-1,-1,-1,-1,-1,-1,-1,-1,-1,222,"climate, weather",Meteorology
Science,6,4,5,4,6,5,-1,2,-1,5,-1,-1,-1,-1,-1,-1,-1,-1,-1,-1,-1,-1,253,"harvesting, plant breeding",Crop Science
Art,4,6,5,-1,-1,-1,-1,-1,-1,-1,-1,4,6,4,6,6,-1,5,-1,-1,-1,-1,217,"news reporting, media",Journalism and Media Studies
Art,2,5,4,-1,-1,-1,-1,-1,-1,-1,-1,6,4,6,5,5,-1,-1,-1,6,-1,-1,196,"record keeping, libraries",Archival Studies
Art,3,4,6,-1,-1,-1,-1,-1,-1,-1,-1,4,5,6,5,4,-1,-1,5,-1,-1,-1,144,"portraits, taking pictures",Photography
Art,2,6,4,-1,-1,-1,-1,-1,-1,-1,-1,6,4,6,4,4,6,-1,-1,-1,-1,-1,208,"editing photos, creative visuals",Photography
Commercial,5,4,6,-1,-1,-1,-1,-1,-1,-1,-1,6,5,-1,6,-1,-1,-1,-1,-1,6,4,267,"logistics, distribution",Supply Chain Management
Science,6,4,5,5,4,1,-1,4,-1,-1,-1,-1,-1,-1,-1,-1,-1,-1,-1,-1,-1,-1,230,"hardware, software integration",Computer Engineering
Science,6,4,5,4,4,2,4,6,-1,-1,-1,-1,-1,-1,-1,-1,-1,-1,-1,-1,-1,-1,220,"structures, metals",Materials Engineering
Science,5,5,4,5,6,2,6,4,-1,-1,-1,-1,-1,-1,-1,-1,-1,-1,-1,-1,-1,-1,222,"land measurement, geographic information system",Surveying and Geoinformatics
Science,6,4,5,6,5,6,-1,4,6,-1,-1,-1,-1,-1,-1,-1,-1,-1,-1,-1,-1,-1,313,"medical imaging, x_ray",Radiography
Science,4,4,5,2,4,6,-1,5,4,-1,-1,-1,-1,-1,-1,-1,-1,-1,-1,-1,-1,-1,247,"health diet, food",Nutrition and Dietetics
Science,4,5,6,6,4,5,-1,6,4,-1,-1,-1,-1,-1,-1,-1,-1,-1,-1,-1,-1,-1,231,"energy, motion",Physics
Science,5,5,6,4,6,4,-1,4,-1,-1,6,-1,-1,-1,-1,-1,-1,-1,-1,-1,-1,-1,267,"weather, climate",Meteorology
Science,4,5,6,4,5,5,-1,2,-1,6,-1,-1,-1,-1,-1,-1,-1,-1,-1,-1,-1,-1,243,"community outreach, rural advisory services",Agricultural Extension
Art,6,5,4,-1,-1,-1,-1,-1,-1,-1,-1,4,4,5,4,6,-1,5,-1,-1,-1,-1,187,"foreign policy, global affairs",International Relations
Art,2,4,5,-1,-1,-1,-1,-1,-1,-1,-1,5,5,4,4,5,-1,-1,-1,4,-1,-1,177,"travel, tour guiding",Tourism and Hospitality
Art,1,5,6,-1,-1,-1,-1,-1,-1,-1,-1,6,4,5,4,6,-1,-1,4,-1,-1,-1,178,"creative visuals, taking pictures",Photography
Art,3,6,5,-1,-1,-1,-1,-1,-1,-1,-1,5,5,4,4,6,4,-1,-1,-1,-1,-1,142,"portraits, taking pictures",Photography
Commercial,4,5,4,-1,-1,-1,-1,-1,-1,-1,-1,4,6,-1,5,-1,-1,-1,-1,-1,6,4,327,"planning, task management",Project Management
Science,4,6,6,5,4,1,-1,6,-1,-1,-1,-1,-1,-1,-1,-1,-1,-1,-1,-1,-1,-1,270,"communication systems, internet",Network Engineering
Science,5,6,4,5,4,3,6,4,-1,-1,-1,-1,-1,-1,-1,-1,-1,-1,-1,-1,-1,-1,251,"structures, construction",Civil Engineering
Science,6,5,4,4,6,3,6,6,-1,-1,-1,-1,-1,-1,-1,-1,-1,-1,-1,-1,-1,-1,227,"AutoCad, drawing",Architecture
Science,6,5,6,5,4,5,-1,6,5,-1,-1,-1,-1,-1,-1,-1,-1,-1,-1,-1,-1,-1,306,"eyes, vision",Optometry
Science,4,5,4,2,6,5,-1,6,4,-1,-1,-1,-1,-1,-1,-1,-1,-1,-1,-1,-1,-1,283,"disease prevention, community health",Public Health
Science,4,5,6,4,4,6,-1,4,6,-1,-1,-1,-1,-1,-1,-1,-1,-1,-1,-1,-1,-1,229,"bioengineering, genetics",Biotechnology
Science,6,5,6,6,5,4,-1,6,-1,-1,5,-1,-1,-1,-1,-1,-1,-1,-1,-1,-1,-1,259,"earth structure, seismology",Geophysics
Science,5,5,4,4,6,4,-1,1,-1,5,-1,-1,-1,-1,-1,-1,-1,-1,-1,-1,-1,-1,254,"landscaping, gardening",Horticulture
Art,6,5,5,-1,-1,-1,-1,-1,-1,-1,-1,6,4,5,6,4,-1,6,-1,-1,-1,-1,200,"global affairs, foreign policy",International Relations
Art,2,5,5,-1,-1,-1,-1,-1,-1,-1,-1,5,5,6,4,4,-1,-1,-1,4,-1,-1,236,"analysis, data gathering",Research and Policy Analysis
Art,1,6,4,-1,-1,-1,-1,-1,-1,-1,-1,6,6,4,6,5,-1,-1,5,-1,-1,-1,161,"drawing tablets, Creative software",Digital Art
Art,3,4,6,-1,-1,-1,-1,-1,-1,-1,-1,5,6,6,4,6,4,-1,-1,-1,-1,-1,181,"drawing tablets, art technology",Digital Art
Commercial,6,4,4,-1,-1,-1,-1,-1,-1,-1,-1,5,4,-1,5,-1,-1,-1,-1,-1,5,4,273,"claims processing, financial protection",Insurance
Science,4,6,5,6,5,1,-1,4,-1,-1,-1,-1,-1,-1,-1,-1,-1,-1,-1,-1,-1,-1,236,"business IT, systems",Information Systems
Science,4,5,5,4,6,2,4,4,-1,-1,-1,-1,-1,-1,-1,-1,-1,-1,-1,-1,-1,-1,269,"electronics, electricity",Electrical Engineering
Science,6,6,6,4,5,1,4,5,-1,-1,-1,-1,-1,-1,-1,-1,-1,-1,-1,-1,-1,-1,243,"design, drawing",Architecture
Science,6,6,6,4,5,5,-1,5,6,-1,-1,-1,-1,-1,-1,-1,-1,-1,-1,-1,-1,-1,258,"human body, medical science",Anatomy
Science,4,5,6,1,4,5,-1,5,4,-1,-1,-1,-1,-1,-1,-1,-1,-1,-1,-1,-1,-1,237,"community health, disease prevention",Public Health
Science,6,4,6,4,4,6,-1,6,4,-1,-1,-1,-1,-1,-1,-1,-1,-1,-1,-1,-1,-1,255,"modeling, computation",Applied Mathematics
Science,5,5,4,5,4,6,-1,5,-1,-1,4,-1,-1,-1,-1,-1,-1,-1,-1,-1,-1,-1,269,"oceans, marine life",Marine Science
Science,4,6,4,5,5,5,-1,1,-1,4,-1,-1,-1,-1,-1,-1,-1,-1,-1,-1,-1,-1,225,"fruit production, landscaping",Horticulture
Art,5,6,4,-1,-1,-1,-1,-1,-1,-1,-1,6,4,5,6,5,-1,4,-1,-1,-1,-1,214,"politics, government",Political Science
Art,1,5,6,-1,-1,-1,-1,-1,-1,-1,-1,6,6,5,5,4,-1,-1,-1,4,-1,-1,233,"history preservation, culture",Museum and Heritage Studies
Art,1,4,5,-1,-1,-1,-1,-1,-1,-1,-1,6,4,4,5,4,-1,-1,6,-1,-1,-1,169,"motion graphics, 3d animation",Animation
Art,3,4,5,-1,-1,-1,-1,-1,-1,-1,-1,5,6,5,6,5,6,-1,-1,-1,-1,-1,146,"storytelling, motion graphics",Animation
Commercial,4,6,4,-1,-1,-1,-1,-1,-1,-1,-1,6,5,-1,4,-1,-1,-1,-1,-1,4,4,321,"consumer behavior, advertising",Marketing
Science,5,6,6,4,4,1,-1,6,-1,-1,-1,-1,-1,-1,-1,-1,-1,-1,-1,-1,-1,-1,226,"analysis, statistics",Data Science
Science,4,5,5,4,6,1,5,4,-1,-1,-1,-1,-1,-1,-1,-1,-1,-1,-1,-1,-1,-1,257,"medical devices, health technology",Biomedical Engineering
Science,6,5,4,5,5,1,5,4,-1,-1,-1,-1,-1,-1,-1,-1,-1,-1,-1,-1,-1,-1,266,"project budgeting, building estimation",Quantity Surveying
Science,6,6,4,4,6,5,-1,5,5,-1,-1,-1,-1,-1,-1,-1,-1,-1,-1,-1,-1,-1,320,"diagnosis, imaging",Radiology
Science,4,4,5,1,5,6,-1,4,6,-1,-1,-1,-1,-1,-1,-1,-1,-1,-1,-1,-1,-1,272,"community health, disease prevention",Public Health
Science,5,4,6,6,5,5,-1,4,4,-1,-1,-1,-1,-1,-1,-1,-1,-1,-1,-1,-1,-1,226,"theory, logic",Mathematics
Science,4,4,4,4,6,5,-1,6,-1,-1,6,-1,-1,-1,-1,-1,-1,-1,-1,-1,-1,-1,250,"rocks, earth science",Geology
Science,6,5,5,5,5,5,-1,3,-1,6,-1,-1,-1,-1,-1,-1,-1,-1,-1,-1,-1,-1,273,"soil, crop management",Agronomy
Art,4,6,5,-1,-1,-1,-1,-1,-1,-1,-1,5,5,5,5,6,-1,6,-1,-1,-1,-1,229,"writing, media",Journalism and Media Studies
Art,3,5,6,-1,-1,-1,-1,-1,-1,-1,-1,4,6,4,4,6,-1,-1,-1,5,-1,-1,204,"ancient civilization, excavation",Archaeology
Art,1,4,5,-1,-1,-1,-1,-1,-1,-1,-1,4,4,4,4,4,-1,-1,5,-1,-1,-1,192,"design, branding",Graphics Design
Art,2,5,5,-1,-1,-1,-1,-1,-1,-1,-1,5,4,5,5,5,4,-1,-1,-1,-1,-1,191,"design, branding",Graphics Design
Commercial,4,4,5,-1,-1,-1,-1,-1,-1,-1,-1,4,4,-1,4,-1,-1,-1,-1,-1,4,4,314,"planning, projects",Project Management
Science,6,5,6,4,5,3,-1,4,-1,-1,-1,-1,-1,-1,-1,-1,-1,-1,-1,-1,-1,-1,230,"software integration, hardware",Computer Engineering
Science,4,5,4,5,5,3,4,6,-1,-1,-1,-1,-1,-1,-1,-1,-1,-1,-1,-1,-1,-1,275,"buildings, construction",Civil Engineering
Science,5,5,5,6,6,3,4,6,-1,-1,-1,-1,-1,-1,-1,-1,-1,-1,-1,-1,-1,-1,275,"land measurement, spatial data",Surveying and Geoinformatics
Science,4,6,5,4,6,5,-1,4,5,-1,-1,-1,-1,-1,-1,-1,-1,-1,-1,-1,-1,-1,317,"veterinary care, animals",Veterinary Medicine
Science,4,4,5,2,6,5,-1,6,5,-1,-1,-1,-1,-1,-1,-1,-1,-1,-1,-1,-1,-1,297,"community health, disease prevention",Public Health
Science,5,6,6,4,6,4,-1,6,4,-1,-1,-1,-1,-1,-1,-1,-1,-1,-1,-1,-1,-1,232,"motion, experiments",Physics
Science,4,5,5,4,5,4,-1,5,-1,-1,6,-1,-1,-1,-1,-1,-1,-1,-1,-1,-1,-1,246,"climate, weather",Meteorology
Science,4,5,6,6,4,6,-1,1,-1,5,-1,-1,-1,-1,-1,-1,-1,-1,-1,-1,-1,-1,306,"crop cultivation, farming",Agricultural Science
Art,6,4,4,-1,-1,-1,-1,-1,-1,-1,-1,6,4,5,4,4,-1,6,-1,-1,-1,-1,199,"advocacy, human rights",Human Rights and Advocacy
Art,2,5,4,-1,-1,-1,-1,-1,-1,-1,-1,6,6,6,4,4,-1,-1,-1,5,-1,-1,216,"travel, tour guiding",Tourism and Hospitality
Art,1,6,6,-1,-1,-1,-1,-1,-1,-1,-1,6,4,5,6,5,-1,-1,6,-1,-1,-1,160,"Creative software, art technology",Digital Art
Art,2,6,5,-1,-1,-1,-1,-1,-1,-1,-1,5,6,6,4,6,5,-1,-1,-1,-1,-1,168,"art technology, Creative software",Digital Art
Commercial,4,4,6,-1,-1,-1,-1,-1,-1,-1,-1,4,4,-1,6,-1,-1,-1,-1,-1,6,4,273,"banking, financial markets",Banking and Finance
Science,6,4,6,5,5,1,-1,6,-1,-1,-1,-1,-1,-1,-1,-1,-1,-1,-1,-1,-1,-1,251,"IT systems, computers",Information Technology
Science,6,6,5,5,5,1,5,5,-1,-1,-1,-1,-1,-1,-1,-1,-1,-1,-1,-1,-1,-1,276,"electronics, circuits",Electronic Engineering
Science,6,6,4,4,5,1,6,5,-1,-1,-1,-1,-1,-1,-1,-1,-1,-1,-1,-1,-1,-1,279,"land valuation, real estate",Estate Management
Science,6,6,6,5,4,5,-1,4,6,-1,-1,-1,-1,-1,-1,-1,-1,-1,-1,-1,-1,-1,263,"treatment, medicine",Medicine and Surgery
Science,5,5,6,1,5,6,-1,5,6,-1,-1,-1,-1,-1,-1,-1,-1,-1,-1,-1,-1,-1,248,"community health, disease prevention",Public Health
Science,5,4,6,5,6,6,-1,6,6,-1,-1,-1,-1,-1,-1,-1,-1,-1,-1,-1,-1,-1,318,"chemical production, industry",Industrial Chemistry
Science,6,4,6,4,6,5,-1,5,-1,-1,5,-1,-1,-1,-1,-1,-1,-1,-1,-1,-1,-1,276,"rocks, earth science",Geology
Science,5,4,6,4,4,4,-1,2,-1,5,-1,-1,-1,-1,-1,-1,-1,-1,-1,-1,-1,-1,235,"environmental protection, wildlife management",Forestry
Art,4,5,5,-1,-1,-1,-1,-1,-1,-1,-1,4,4,6,6,5,-1,4,-1,-1,-1,-1,160,"community service, social justice",Human Rights and Advocacy
Art,2,5,4,-1,-1,-1,-1,-1,-1,-1,-1,4,6,5,5,4,-1,-1,-1,6,-1,-1,174,"ancient civilization, excavation",Archaeology
Art,1,6,5,-1,-1,-1,-1,-1,-1,-1,-1,5,6,4,6,4,-1,-1,6,-1,-1,-1,156,"art technology, Creative software",Digital Art
Art,1,6,6,-1,-1,-1,-1,-1,-1,-1,-1,4,4,5,4,4,5,-1,-1,-1,-1,-1,179,"art technology, drawing tablets",Digital Art
Commercial,4,6,5,-1,-1,-1,-1,-1,-1,-1,-1,4,6,-1,6,-1,-1,-1,-1,-1,6,4,248,"business management, office administration",Business Administration
Science,5,6,6,6,6,2,-1,6,-1,-1,-1,-1,-1,-1,-1,-1,-1,-1,-1,-1,-1,-1,263,"IT systems, support",Information Technology
Science,6,5,5,4,5,2,4,5,-1,-1,-1,-1,-1,-1,-1,-1,-1,-1,-1,-1,-1,-1,274,"processes, chemicals",Chemical Engineering
Science,4,4,6,4,4,1,5,6,-1,-1,-1,-1,-1,-1,-1,-1,-1,-1,-1,-1,-1,-1,264,"environmental planning, community planning",Urban and Regional Planning
Science,4,4,5,4,6,5,-1,6,5,-1,-1,-1,-1,-1,-1,-1,-1,-1,-1,-1,-1,-1,251,"therapy, rehabilitation",Physiotherapy
Science,4,6,6,3,6,5,-1,4,5,-1,-1,-1,-1,-1,-1,-1,-1,-1,-1,-1,-1,-1,267,"food, health diet",Nutrition and Dietetics
Science,4,4,5,6,5,6,-1,4,4,-1,-1,-1,-1,-1,-1,-1,-1,-1,-1,-1,-1,-1,280,"laboratory, reactions",Chemistry
Science,4,4,5,5,6,5,-1,6,-1,-1,6,-1,-1,-1,-1,-1,-1,-1,-1,-1,-1,-1,319,"oceans, marine life",Marine Science
Science,5,4,5,4,6,5,-1,2,-1,5,-1,-1,-1,-1,-1,-1,-1,-1,-1,-1,-1,-1,301,"environmental conservation, soil testing",Soil Science
Art,4,4,6,-1,-1,-1,-1,-1,-1,-1,-1,6,5,6,4,6,-1,4,-1,-1,-1,-1,162,"advocacy, justice",Law
Art,2,5,5,-1,-1,-1,-1,-1,-1,-1,-1,5,4,5,6,5,-1,-1,-1,6,-1,-1,183,"travel, customer service",Tourism and Hospitality
Art,3,4,6,-1,-1,-1,-1,-1,-1,-1,-1,6,6,4,4,4,-1,-1,4,-1,-1,-1,195,"creative coding, user experience",Web Design
Art,3,6,6,-1,-1,-1,-1,-1,-1,-1,-1,4,6,4,4,5,6,-1,-1,-1,-1,-1,156,"creative coding, ui design",Web Design
Commercial,5,4,4,-1,-1,-1,-1,-1,-1,-1,-1,4,6,-1,5,-1,-1,-1,-1,-1,4,6,302,"advertising, sales strategies",Marketing
Science,5,4,4,5,6,3,-1,4,-1,-1,-1,-1,-1,-1,-1,-1,-1,-1,-1,-1,-1,-1,221,"development, software systems",Software Engineering
Science,6,5,5,6,5,3,5,6,-1,-1,-1,-1,-1,-1,-1,-1,-1,-1,-1,-1,-1,-1,268,"processes, production",Chemical Engineering
Science,4,6,5,4,4,1,6,5,-1,-1,-1,-1,-1,-1,-1,-1,-1,-1,-1,-1,-1,-1,248,"building estimation, project budgeting",Quantity Surveying
Science,5,6,5,6,6,5,-1,4,5,-1,-1,-1,-1,-1,-1,-1,-1,-1,-1,-1,-1,-1,296,"medication, drugs",Pharmacy
Science,4,6,5,3,6,4,-1,4,5,-1,-1,-1,-1,-1,-1,-1,-1,-1,-1,-1,-1,-1,285,"food, health diet",Nutrition and Dietetics
Science,6,4,5,5,5,5,-1,5,5,-1,-1,-1,-1,-1,-1,-1,-1,-1,-1,-1,-1,-1,220,"research, technology",Applied Physics
Science,6,4,4,6,4,5,-1,4,-1,-1,5,-1,-1,-1,-1,-1,-1,-1,-1,-1,-1,-1,237,"weather, climate",Meteorology
Science,4,4,5,5,4,5,-1,1,-1,5,-1,-1,-1,-1,-1,-1,-1,-1,-1,-1,-1,-1,292,"vertinary care, livestock farming",Animal Science
Art,5,4,5,-1,-1,-1,-1,-1,-1,-1,-1,4,4,6,6,5,-1,4,-1,-1,-1,-1,210,"social justice, advocacy",Human Rights and Advocacy
Art,2,4,5,-1,-1,-1,-1,-1,-1,-1,-1,6,4,4,6,5,-1,-1,-1,6,-1,-1,220,"tour guiding, travel",Tourism and Hospitality
Art,1,4,4,-1,-1,-1,-1,-1,-1,-1,-1,4,5,5,4,4,-1,-1,6,-1,-1,-1,218,"creativity, branding",Graphics Design
Art,2,5,5,-1,-1,-1,-1,-1,-1,-1,-1,4,4,4,6,5,5,-1,-1,-1,-1,-1,203,"design, creativity",Graphics Design
Commercial,5,4,4,-1,-1,-1,-1,-1,-1,-1,-1,4,4,-1,5,-1,-1,-1,-1,-1,5,6,307,"task management, planning",Project Management
Science,6,4,4,5,6,1,-1,4,-1,-1,-1,-1,-1,-1,-1,-1,-1,-1,-1,-1,-1,-1,262,"programming, software",Computer Science
Science,6,4,5,5,4,2,6,6,-1,-1,-1,-1,-1,-1,-1,-1,-1,-1,-1,-1,-1,-1,266,"electricity, power systems",Electrical Engineering
Science,4,4,5,6,6,2,6,4,-1,-1,-1,-1,-1,-1,-1,-1,-1,-1,-1,-1,-1,-1,249,"cost analysis, construction costs",Quantity Surveying
Science,5,4,6,5,5,5,-1,5,6,-1,-1,-1,-1,-1,-1,-1,-1,-1,-1,-1,-1,-1,282,"vision, eyes",Optometry
Science,6,6,4,1,6,4,-1,5,6,-1,-1,-1,-1,-1,-1,-1,-1,-1,-1,-1,-1,-1,261,"disease prevention, community health",Public Health
Science,6,4,5,6,4,4,-1,5,6,-1,-1,-1,-1,-1,-1,-1,-1,-1,-1,-1,-1,-1,263,"motion, energy",Physics
Science,4,4,4,5,4,4,-1,5,-1,-1,6,-1,-1,-1,-1,-1,-1,-1,-1,-1,-1,-1,259,"marine life, oceans",Marine Science
Science,4,5,5,4,4,4,-1,1,-1,6,-1,-1,-1,-1,-1,-1,-1,-1,-1,-1,-1,-1,249,"harvesting, plants",Crop Science
Art,5,6,4,-1,-1,-1,-1,-1,-1,-1,-1,5,4,4,5,6,-1,4,-1,-1,-1,-1,182,"leadership, administration",Public Administration
Art,1,4,6,-1,-1,-1,-1,-1,-1,-1,-1,5,5,6,5,6,-1,-1,-1,5,-1,-1,214,"customer service, travel",Tourism and Hospitality
Art,1,6,4,-1,-1,-1,-1,-1,-1,-1,-1,4,5,6,4,5,-1,-1,6,-1,-1,-1,143,"digital painting, art technology",Digital Art
Art,3,4,6,-1,-1,-1,-1,-1,-1,-1,-1,4,5,4,6,5,5,-1,-1,-1,-1,-1,177,"digital painting, Creative software",Digital Art
Commercial,4,4,4,-1,-1,-1,-1,-1,-1,-1,-1,6,5,-1,4,-1,-1,-1,-1,-1,4,5,283,"money management, investment",Banking and Finance
Science,6,4,5,4,6,3,-1,5,-1,-1,-1,-1,-1,-1,-1,-1,-1,-1,-1,-1,-1,-1,266,"computers, support",Information Technology
Science,5,4,6,4,6,1,6,4,-1,-1,-1,-1,-1,-1,-1,-1,-1,-1,-1,-1,-1,-1,265,"electronics, devices",Electronic Engineering
Science,4,4,6,6,6,3,4,4,-1,-1,-1,-1,-1,-1,-1,-1,-1,-1,-1,-1,-1,-1,264,"buildings, drawing",Architecture
Science,4,6,4,6,4,4,-1,5,5,-1,-1,-1,-1,-1,-1,-1,-1,-1,-1,-1,-1,-1,292,"diagnosis, imaging",Radiology
Science,4,6,4,2,5,4,-1,4,6,-1,-1,-1,-1,-1,-1,-1,-1,-1,-1,-1,-1,-1,239,"food, health diet",Nutrition and Dietetics
Science,6,4,6,5,4,5,-1,6,6,-1,-1,-1,-1,-1,-1,-1,-1,-1,-1,-1,-1,-1,285,"theory, logic",Mathematics
Science,6,6,4,5,4,6,-1,4,-1,-1,4,-1,-1,-1,-1,-1,-1,-1,-1,-1,-1,-1,283,"climate, environment",Environmental Science
Science,5,4,4,6,6,4,-1,1,-1,5,-1,-1,-1,-1,-1,-1,-1,-1,-1,-1,-1,-1,258,"rural development, agribusiness",Agricultural Economics
Art,4,6,4,-1,-1,-1,-1,-1,-1,-1,-1,5,6,5,6,6,-1,6,-1,-1,-1,-1,226,"global affairs, diplomacy",International Relations
Art,3,6,6,-1,-1,-1,-1,-1,-1,-1,-1,5,5,4,6,5,-1,-1,-1,6,-1,-1,223,"libraries, historical records",Archival Studies
Art,2,4,4,-1,-1,-1,-1,-1,-1,-1,-1,6,4,4,6,6,-1,-1,5,-1,-1,-1,177,"mobile apps, user experience",UI/UX Design
Art,1,4,5,-1,-1,-1,-1,-1,-1,-1,-1,4,4,5,5,5,6,-1,-1,-1,-1,-1,199,"digital products, user experience",UI/UX Design
Commercial,5,5,5,-1,-1,-1,-1,-1,-1,-1,-1,4,6,-1,5,-1,-1,-1,-1,-1,5,5,244,"risk analysis, data modelling",Actuarial Science
Science,6,5,5,4,6,3,-1,5,-1,-1,-1,-1,-1,-1,-1,-1,-1,-1,-1,-1,-1,-1,256,"business IT, systems",Information Systems
Science,5,6,5,4,5,3,4,5,-1,-1,-1,-1,-1,-1,-1,-1,-1,-1,-1,-1,-1,-1,252,"medical devices, health technology",Biomedical Engineering
Science,5,4,5,5,6,1,6,6,-1,-1,-1,-1,-1,-1,-1,-1,-1,-1,-1,-1,-1,-1,274,"community planning, city development",Urban and Regional Planning
Science,6,5,5,6,5,5,-1,4,4,-1,-1,-1,-1,-1,-1,-1,-1,-1,-1,-1,-1,-1,264,"treatment, medicine",Medicine and Surgery
Science,4,4,6,2,4,5,-1,6,5,-1,-1,-1,-1,-1,-1,-1,-1,-1,-1,-1,-1,-1,226,"food, health diet",Nutrition and Dietetics
Science,5,5,4,6,5,4,-1,5,5,-1,-1,-1,-1,-1,-1,-1,-1,-1,-1,-1,-1,-1,282,"motion, energy",Physics
Science,4,4,5,6,6,5,-1,5,-1,-1,5,-1,-1,-1,-1,-1,-1,-1,-1,-1,-1,-1,284,"weather, climate",Meteorology
Science,6,5,6,6,4,6,-1,2,-1,4,-1,-1,-1,-1,-1,-1,-1,-1,-1,-1,-1,-1,298,"environmental conservation, land management",Soil Science
Art,5,6,5,-1,-1,-1,-1,-1,-1,-1,-1,5,6,5,5,6,-1,5,-1,-1,-1,-1,191,"birth rates, migration patterns",Demography
Art,3,6,5,-1,-1,-1,-1,-1,-1,-1,-1,6,5,4,5,4,-1,-1,-1,6,-1,-1,226,"heritage, history preservation",Museum and Heritage Studies
Art,2,6,5,-1,-1,-1,-1,-1,-1,-1,-1,5,5,4,6,6,-1,-1,6,-1,-1,-1,163,"mobile apps, user experience",UI/UX Design
Art,2,4,4,-1,-1,-1,-1,-1,-1,-1,-1,5,5,6,5,6,6,-1,-1,-1,-1,-1,150,"user experience, mobile apps",UI/UX Design
Commercial,5,4,5,-1,-1,-1,-1,-1,-1,-1,-1,4,6,-1,4,-1,-1,-1,-1,-1,6,5,325,"sales strategies, advertising",Marketing
Science,5,5,6,5,4,1,-1,6,-1,-1,-1,-1,-1,-1,-1,-1,-1,-1,-1,-1,-1,-1,264,"software, programming",Computer Science
Science,6,4,4,4,6,1,4,5,-1,-1,-1,-1,-1,-1,-1,-1,-1,-1,-1,-1,-1,-1,223,"chemicals, production",Chemical Engineering
Science,6,5,5,5,5,1,4,5,-1,-1,-1,-1,-1,-1,-1,-1,-1,-1,-1,-1,-1,-1,233,"building estimation, cost analysis",Quantity Surveying
Science,6,5,4,4,6,4,-1,6,6,-1,-1,-1,-1,-1,-1,-1,-1,-1,-1,-1,-1,-1,301,"body functions, health science",Physiology
Science,5,4,4,2,6,4,-1,4,6,-1,-1,-1,-1,-1,-1,-1,-1,-1,-1,-1,-1,-1,253,"disease prevention, community health",Public Health
Science,4,6,6,5,5,6,-1,5,4,-1,-1,-1,-1,-1,-1,-1,-1,-1,-1,-1,-1,-1,237,"technology, research",Applied Physics
Science,5,4,6,4,5,6,-1,6,-1,-1,5,-1,-1,-1,-1,-1,-1,-1,-1,-1,-1,-1,269,"earth structure, seismology",Geophysics
Science,6,4,6,5,5,4,-1,1,-1,6,-1,-1,-1,-1,-1,-1,-1,-1,-1,-1,-1,-1,243,"environmental conservation, soil testing",Soil Science
Art,6,5,4,-1,-1,-1,-1,-1,-1,-1,-1,6,5,6,4,6,-1,4,-1,-1,-1,-1,182,"politics, leadership",Political Science
Art,3,5,4,-1,-1,-1,-1,-1,-1,-1,-1,6,4,5,4,6,-1,-1,-1,6,-1,-1,205,"data gathering, research",Research and Policy Analysis
Art,3,4,5,-1,-1,-1,-1,-1,-1,-1,-1,4,6,4,4,6,-1,-1,6,-1,-1,-1,142,"animation, video effects",Motion Graphics
Art,2,6,4,-1,-1,-1,-1,-1,-1,-1,-1,6,5,5,6,5,5,-1,-1,-1,-1,-1,206,"creative editing, video effects",Motion Graphics
Commercial,5,5,6,-1,-1,-1,-1,-1,-1,-1,-1,5,4,-1,4,-1,-1,-1,-1,-1,4,5,333,"financial protection, policy analysis",Insurance
Science,5,4,5,4,5,3,-1,5,-1,-1,-1,-1,-1,-1,-1,-1,-1,-1,-1,-1,-1,-1,240,"support, computers",Information Technology
Science,5,4,6,5,4,3,6,5,-1,-1,-1,-1,-1,-1,-1,-1,-1,-1,-1,-1,-1,-1,266,"circuits, electronics",Electrical Engineering
Science,4,5,5,5,6,1,4,6,-1,-1,-1,-1,-1,-1,-1,-1,-1,-1,-1,-1,-1,-1,234,"environmental planning, city development",Urban and Regional Planning
Science,4,5,5,6,4,5,-1,6,5,-1,-1,-1,-1,-1,-1,-1,-1,-1,-1,-1,-1,-1,261,"x_ray, medical imaging",Radiography
Science,4,5,6,2,5,6,-1,4,5,-1,-1,-1,-1,-1,-1,-1,-1,-1,-1,-1,-1,-1,242,"disease prevention, community health",Public Health
Science,5,5,6,5,4,4,-1,6,5,-1,-1,-1,-1,-1,-1,-1,-1,-1,-1,-1,-1,-1,279,"life science, nature",Biology
Science,6,5,5,5,4,6,-1,5,-1,-1,6,-1,-1,-1,-1,-1,-1,-1,-1,-1,-1,-1,253,"climate, environment",Environmental Science
Science,5,6,5,5,5,4,-1,3,-1,5,-1,-1,-1,-1,-1,-1,-1,-1,-1,-1,-1,-1,320,"farming, soil",Agronomy
Art,5,6,6,-1,-1,-1,-1,-1,-1,-1,-1,4,5,5,6,5,-1,4,-1,-1,-1,-1,173,"cultural studies, community development",Sociology
Art,2,4,6,-1,-1,-1,-1,-1,-1,-1,-1,5,5,5,5,4,-1,-1,-1,5,-1,-1,199,"documentation, historical records",Archival Studies
Art,2,5,6,-1,-1,-1,-1,-1,-1,-1,-1,6,5,4,4,4,-1,-1,4,-1,-1,-1,179,"Creative software, drawing tablets",Digital Art
Art,3,6,5,-1,-1,-1,-1,-1,-1,-1,-1,6,6,5,4,4,6,-1,-1,-1,-1,-1,150,"Creative software, digital painting",Digital Art
Commercial,6,6,5,-1,-1,-1,-1,-1,-1,-1,-1,6,4,-1,5,-1,-1,-1,-1,-1,4,6,287,"branding, sales strategies",Marketing
Science,6,5,5,4,6,2,-1,6,-1,-1,-1,-1,-1,-1,-1,-1,-1,-1,-1,-1,-1,-1,228,"hardware, software integration",Computer Engineering
Science,6,4,6,6,4,2,4,5,-1,-1,-1,-1,-1,-1,-1,-1,-1,-1,-1,-1,-1,-1,266,"marine systems, ships",Marine Engineering
Science,4,6,4,5,6,2,6,5,-1,-1,-1,-1,-1,-1,-1,-1,-1,-1,-1,-1,-1,-1,233,"real estate, land valuation",Estate Management
Science,5,6,6,5,4,6,-1,5,5,-1,-1,-1,-1,-1,-1,-1,-1,-1,-1,-1,-1,-1,266,"drugs, medication",Pharmacy
Science,5,6,4,2,6,6,-1,4,4,-1,-1,-1,-1,-1,-1,-1,-1,-1,-1,-1,-1,-1,278,"food, health diet",Nutrition and Dietetics
Science,6,6,4,6,4,5,-1,6,6,-1,-1,-1,-1,-1,-1,-1,-1,-1,-1,-1,-1,-1,309,"modeling, computation",Applied Mathematics
Science,5,5,5,6,6,4,-1,5,-1,-1,4,-1,-1,-1,-1,-1,-1,-1,-1,-1,-1,-1,262,"environment, climate",Environmental Science
Science,4,5,4,4,4,4,-1,1,-1,6,-1,-1,-1,-1,-1,-1,-1,-1,-1,-1,-1,-1,293,"crop production, harvesting",Crop Science
Art,4,5,4,-1,-1,-1,-1,-1,-1,-1,-1,4,5,6,4,5,-1,6,-1,-1,-1,-1,216,"debate, advocacy",Law
Art,1,5,5,-1,-1,-1,-1,-1,-1,-1,-1,4,4,5,4,4,-1,-1,-1,6,-1,-1,196,"record keeping, historical records",Archival Studies
Art,2,4,5,-1,-1,-1,-1,-1,-1,-1,-1,6,4,4,5,4,-1,-1,5,-1,-1,-1,209,"branding, posters",Graphics Design
Art,1,4,4,-1,-1,-1,-1,-1,-1,-1,-1,4,4,5,5,4,4,-1,-1,-1,-1,-1,201,"design, creativity",Graphics Design
Commercial,6,6,6,-1,-1,-1,-1,-1,-1,-1,-1,5,4,-1,4,-1,-1,-1,-1,-1,6,4,242,"staff management, employee relations",Human Resource Management
Science,6,6,5,5,5,2,-1,4,-1,-1,-1,-1,-1,-1,-1,-1,-1,-1,-1,-1,-1,-1,234,"apps, software systems",Software Engineering
Science,4,4,5,5,4,2,6,5,-1,-1,-1,-1,-1,-1,-1,-1,-1,-1,-1,-1,-1,-1,246,"drilling, gas",Petroleum Engineering
Science,4,4,5,6,5,2,5,5,-1,-1,-1,-1,-1,-1,-1,-1,-1,-1,-1,-1,-1,-1,251,"environmental planning, city development",Urban and Regional Planning
Science,5,4,4,5,4,6,-1,6,4,-1,-1,-1,-1,-1,-1,-1,-1,-1,-1,-1,-1,-1,294,"treatment, healthcare",Medicine and Surgery
Science,4,5,5,1,6,5,-1,5,5,-1,-1,-1,-1,-1,-1,-1,-1,-1,-1,-1,-1,-1,241,"food, health diet",Nutrition and Dietetics
Science,6,4,5,6,5,4,-1,4,6,-1,-1,-1,-1,-1,-1,-1,-1,-1,-1,-1,-1,-1,285,"microorganisms, research",Microbiology
Science,6,4,6,6,6,5,-1,6,-1,-1,5,-1,-1,-1,-1,-1,-1,-1,-1,-1,-1,-1,291,"rocks, earth science",Geology
Science,6,6,6,4,4,6,-1,3,-1,4,-1,-1,-1,-1,-1,-1,-1,-1,-1,-1,-1,-1,275,"land management, environmental conservation",Soil Science
Art,4,5,6,-1,-1,-1,-1,-1,-1,-1,-1,4,5,4,6,5,-1,5,-1,-1,-1,-1,171,"media, communication",Journalism and Media Studies
Art,1,6,4,-1,-1,-1,-1,-1,-1,-1,-1,6,4,6,4,5,-1,-1,-1,5,-1,-1,238,"record keeping, documentation",Archival Studies
Art,1,5,5,-1,-1,-1,-1,-1,-1,-1,-1,4,4,6,6,4,-1,-1,6,-1,-1,-1,220,"drawing tablets, Creative software",Digital Art
Art,1,5,6,-1,-1,-1,-1,-1,-1,-1,-1,6,6,4,5,4,5,-1,-1,-1,-1,-1,217,"Creative software, drawing tablets",Digital Art
Commercial,5,4,6,-1,-1,-1,-1,-1,-1,-1,-1,6,6,-1,6,-1,-1,-1,-1,-1,4,4,264,"risk analysis, insurance mathematics",Actuarial Science
Science,6,5,5,4,5,1,-1,4,-1,-1,-1,-1,-1,-1,-1,-1,-1,-1,-1,-1,-1,-1,264,"development, apps",Software Engineering
Science,5,6,6,5,5,2,4,6,-1,-1,-1,-1,-1,-1,-1,-1,-1,-1,-1,-1,-1,-1,285,"hardware, electronics",Electronic Engineering
Science,6,6,6,5,4,2,6,5,-1,-1,-1,-1,-1,-1,-1,-1,-1,-1,-1,-1,-1,-1,261,"buildings, AutoCad",Architecture
Science,4,6,4,4,4,6,-1,6,6,-1,-1,-1,-1,-1,-1,-1,-1,-1,-1,-1,-1,-1,300,"body functions, health science",Physiology
Science,5,5,5,1,5,6,-1,6,6,-1,-1,-1,-1,-1,-1,-1,-1,-1,-1,-1,-1,-1,271,"health diet, food",Nutrition and Dietetics
Science,4,4,6,5,5,5,-1,5,5,-1,-1,-1,-1,-1,-1,-1,-1,-1,-1,-1,-1,-1,295,"microorganisms, research",Microbiology
Science,5,6,6,6,4,5,-1,6,-1,-1,4,-1,-1,-1,-1,-1,-1,-1,-1,-1,-1,-1,302,"environment, climate",Environmental Science
Science,4,5,4,5,4,4,-1,2,-1,6,-1,-1,-1,-1,-1,-1,-1,-1,-1,-1,-1,-1,296,"farm management, market analysis",Agricultural Economics
Art,4,5,5,-1,-1,-1,-1,-1,-1,-1,-1,5,4,5,5,5,-1,6,-1,-1,-1,-1,222,"writing, communication",Journalism and Media Studies
Art,1,5,6,-1,-1,-1,-1,-1,-1,-1,-1,5,4,5,5,5,-1,-1,-1,6,-1,-1,213,"data gathering, problem solving",Research and Policy Analysis
Art,1,6,4,-1,-1,-1,-1,-1,-1,-1,-1,4,5,6,6,4,-1,-1,6,-1,-1,-1,177,"clothing, drawing outfits",Fashion Design
Art,2,6,6,-1,-1,-1,-1,-1,-1,-1,-1,5,4,4,4,4,6,-1,-1,-1,-1,-1,166,"clothing, textiles",Fashion Design
Commercial,4,4,6,-1,-1,-1,-1,-1,-1,-1,-1,4,6,-1,4,-1,-1,-1,-1,-1,5,4,284,"insurance mathematics, statistics",Actuarial Science
Science,6,5,4,4,6,1,-1,4,-1,-1,-1,-1,-1,-1,-1,-1,-1,-1,-1,-1,-1,-1,233,"AI, machine learning",Artificial Intelligence
Science,6,4,6,6,6,1,4,5,-1,-1,-1,-1,-1,-1,-1,-1,-1,-1,-1,-1,-1,-1,256,"construction, buildings",Civil Engineering
Science,4,6,4,4,5,1,4,4,-1,-1,-1,-1,-1,-1,-1,-1,-1,-1,-1,-1,-1,-1,284,"mapping, spatial data",Surveying and Geoinformatics
Science,5,4,5,5,4,4,-1,4,4,-1,-1,-1,-1,-1,-1,-1,-1,-1,-1,-1,-1,-1,293,"diagnosis, imaging",Radiology
Science,4,4,5,1,6,4,-1,5,6,-1,-1,-1,-1,-1,-1,-1,-1,-1,-1,-1,-1,-1,297,"community health, disease prevention",Public Health
Science,4,5,6,5,5,6,-1,6,6,-1,-1,-1,-1,-1,-1,-1,-1,-1,-1,-1,-1,-1,232,"logic, problem solving",Mathematics
Science,4,4,5,4,6,4,-1,6,-1,-1,6,-1,-1,-1,-1,-1,-1,-1,-1,-1,-1,-1,306,"weather, climate",Meteorology
Science,4,6,4,4,6,5,-1,2,-1,5,-1,-1,-1,-1,-1,-1,-1,-1,-1,-1,-1,-1,309,"rural development, market analysis",Agricultural Economics
Art,5,5,6,-1,-1,-1,-1,-1,-1,-1,-1,6,4,4,5,6,-1,4,-1,-1,-1,-1,207,"communication, media",Journalism and Media Studies
Art,3,4,6,-1,-1,-1,-1,-1,-1,-1,-1,6,5,4,4,5,-1,-1,-1,6,-1,-1,188,"culture, heritage",Museum and Heritage Studies
Art,1,5,5,-1,-1,-1,-1,-1,-1,-1,-1,6,6,4,4,4,-1,-1,4,-1,-1,-1,190,"website layouts, user experience",Web Design
Art,2,6,6,-1,-1,-1,-1,-1,-1,-1,-1,4,5,5,5,5,6,-1,-1,-1,-1,-1,204,"creative coding, website layouts",Web Design
Commercial,5,6,4,-1,-1,-1,-1,-1,-1,-1,-1,6,4,-1,6,-1,-1,-1,-1,-1,4,4,332,"branding, consumer behavior",Marketing
Science,6,6,5,4,5,1,-1,4,-1,-1,-1,-1,-1,-1,-1,-1,-1,-1,-1,-1,-1,-1,251,"programming, coding",Computer Science
Science,4,5,6,6,4,2,5,5,-1,-1,-1,-1,-1,-1,-1,-1,-1,-1,-1,-1,-1,-1,273,"marine systems, ocean",Marine Engineering
Science,6,4,6,6,6,1,4,4,-1,-1,-1,-1,-1,-1,-1,-1,-1,-1,-1,-1,-1,-1,222,"land measurement, spatial data",Surveying and Geoinformatics
Science,4,4,5,5,5,5,-1,5,6,-1,-1,-1,-1,-1,-1,-1,-1,-1,-1,-1,-1,-1,274,"treatment, medicine",Medicine and Surgery
Science,4,4,5,3,4,4,-1,5,4,-1,-1,-1,-1,-1,-1,-1,-1,-1,-1,-1,-1,-1,265,"food, health diet",Nutrition and Dietetics
Science,4,6,6,6,5,6,-1,4,4,-1,-1,-1,-1,-1,-1,-1,-1,-1,-1,-1,-1,-1,287,"technology, research",Applied Physics
Science,5,4,4,5,6,6,-1,6,-1,-1,4,-1,-1,-1,-1,-1,-1,-1,-1,-1,-1,-1,242,"earth structure, seismology",Geophysics
Science,5,6,6,5,5,5,-1,1,-1,6,-1,-1,-1,-1,-1,-1,-1,-1,-1,-1,-1,-1,279,"plants, harvesting",Crop Science
Art,6,4,4,-1,-1,-1,-1,-1,-1,-1,-1,5,6,6,6,6,-1,4,-1,-1,-1,-1,195,"communication, news reporting",Journalism and Media Studies
Art,2,6,5,-1,-1,-1,-1,-1,-1,-1,-1,5,5,4,6,5,-1,-1,-1,6,-1,-1,202,"problem solving, research",Research and Policy Analysis
Art,3,6,4,-1,-1,-1,-1,-1,-1,-1,-1,5,5,5,6,5,-1,-1,5,-1,-1,-1,172,"crafts, fine arts",Painting and Sculpture
Art,1,5,5,-1,-1,-1,-1,-1,-1,-1,-1,6,4,5,6,4,5,-1,-1,-1,-1,-1,197,"sculpting, fine arts",Painting and Sculpture
Commercial,4,6,4,-1,-1,-1,-1,-1,-1,-1,-1,4,4,-1,5,-1,-1,-1,-1,-1,6,4,309,"consumer behavior, sales strategies",Marketing
Science,4,4,4,4,6,3,-1,5,-1,-1,-1,-1,-1,-1,-1,-1,-1,-1,-1,-1,-1,-1,228,"software, coding",Computer Science
Science,5,4,6,4,6,3,4,6,-1,-1,-1,-1,-1,-1,-1,-1,-1,-1,-1,-1,-1,-1,289,"automobiles, engines",Automotive Engineering
Science,5,6,6,6,6,2,6,6,-1,-1,-1,-1,-1,-1,-1,-1,-1,-1,-1,-1,-1,-1,269,"spatial data, land measurement",Surveying and Geoinformatics
Science,5,5,5,6,4,4,-1,5,4,-1,-1,-1,-1,-1,-1,-1,-1,-1,-1,-1,-1,-1,277,"body functions, health science",Physiology
Science,4,5,4,2,5,5,-1,4,5,-1,-1,-1,-1,-1,-1,-1,-1,-1,-1,-1,-1,-1,234,"community health, disease prevention",Public Health
Science,6,5,5,6,4,4,-1,4,6,-1,-1,-1,-1,-1,-1,-1,-1,-1,-1,-1,-1,-1,304,"technology, research",Applied Physics
Science,5,6,6,6,5,4,-1,6,-1,-1,6,-1,-1,-1,-1,-1,-1,-1,-1,-1,-1,-1,262,"seismology, earth structure",Geophysics
Science,5,5,4,6,4,4,-1,3,-1,4,-1,-1,-1,-1,-1,-1,-1,-1,-1,-1,-1,-1,235,"crop cultivation, food production",Agricultural Science
Art,4,5,4,-1,-1,-1,-1,-1,-1,-1,-1,5,6,5,6,4,-1,4,-1,-1,-1,-1,226,"policy making, leadership",Public Administration
Art,1,5,6,-1,-1,-1,-1,-1,-1,-1,-1,6,4,4,4,4,-1,-1,-1,5,-1,-1,203,"culture, customer service",Tourism and Hospitality
Art,2,4,6,-1,-1,-1,-1,-1,-1,-1,-1,6,6,6,4,6,-1,-1,6,-1,-1,-1,204,"visual storytelling, creative editing",Motion Graphics
Art,3,4,5,-1,-1,-1,-1,-1,-1,-1,-1,6,4,5,4,4,5,-1,-1,-1,-1,-1,165,"visual storytelling, video effects",Motion Graphics
Commercial,4,4,5,-1,-1,-1,-1,-1,-1,-1,-1,6,4,-1,6,-1,-1,-1,-1,-1,6,6,307,"money management, investment",Banking and Finance
Science,6,4,4,5,6,1,-1,5,-1,-1,-1,-1,-1,-1,-1,-1,-1,-1,-1,-1,-1,-1,237,"software, programming",Computer Science
Science,4,6,5,4,4,2,6,5,-1,-1,-1,-1,-1,-1,-1,-1,-1,-1,-1,-1,-1,-1,285,"mechanics, robotics",Mechanical Engineering
Science,5,4,5,5,4,3,4,4,-1,-1,-1,-1,-1,-1,-1,-1,-1,-1,-1,-1,-1,-1,246,"project budgeting, construction costs",Quantity Surveying
Science,5,5,5,6,5,6,-1,6,5,-1,-1,-1,-1,-1,-1,-1,-1,-1,-1,-1,-1,-1,304,"treatment, medicine",Medicine and Surgery
Science,5,6,4,2,6,4,-1,6,6,-1,-1,-1,-1,-1,-1,-1,-1,-1,-1,-1,-1,-1,277,"disease prevention, community health",Public Health
Science,4,6,6,5,5,4,-1,4,4,-1,-1,-1,-1,-1,-1,-1,-1,-1,-1,-1,-1,-1,245,"lab work, biological molecules",Biochemistry
Science,6,5,6,5,4,4,-1,5,-1,-1,4,-1,-1,-1,-1,-1,-1,-1,-1,-1,-1,-1,301,"weather, climate",Meteorology
Science,6,6,4,6,6,5,-1,3,-1,5,-1,-1,-1,-1,-1,-1,-1,-1,-1,-1,-1,-1,221,"land management, soil testing",Soil Science
Art,5,6,5,-1,-1,-1,-1,-1,-1,-1,-1,4,6,5,6,5,-1,6,-1,-1,-1,-1,209,"advocacy, justice",Law
Art,3,5,4,-1,-1,-1,-1,-1,-1,-1,-1,5,4,5,5,6,-1,-1,-1,4,-1,-1,200,"documentation, record keeping",Archival Studies
Art,2,5,5,-1,-1,-1,-1,-1,-1,-1,-1,4,5,6,5,5,-1,-1,4,-1,-1,-1,195,"art technology, Creative software",Digital Art
Art,1,6,6,-1,-1,-1,-1,-1,-1,-1,-1,5,4,6,5,5,5,-1,-1,-1,-1,-1,171,"drawing tablets, Creative software",Digital Art
Commercial,6,6,5,-1,-1,-1,-1,-1,-1,-1,-1,5,6,-1,6,-1,-1,-1,-1,-1,4,4,278,"claims processing, policy analysis",Insurance
Science,4,5,4,5,5,3,-1,6,-1,-1,-1,-1,-1,-1,-1,-1,-1,-1,-1,-1,-1,-1,261,"automation, machine learning",Artificial Intelligence
Science,6,4,5,4,4,1,5,5,-1,-1,-1,-1,-1,-1,-1,-1,-1,-1,-1,-1,-1,-1,276,"structures, materials",Materials Engineering
Science,6,6,4,5,5,1,6,4,-1,-1,-1,-1,-1,-1,-1,-1,-1,-1,-1,-1,-1,-1,251,"environmental planning, city development",Urban and Regional Planning
Science,5,5,6,6,6,4,-1,5,6,-1,-1,-1,-1,-1,-1,-1,-1,-1,-1,-1,-1,-1,296,"therapy, rehabilitation",Physiotherapy
Science,4,6,5,2,5,6,-1,6,6,-1,-1,-1,-1,-1,-1,-1,-1,-1,-1,-1,-1,-1,253,"community health, disease prevention",Public Health
Science,6,5,5,4,4,6,-1,6,6,-1,-1,-1,-1,-1,-1,-1,-1,-1,-1,-1,-1,-1,313,"industry, chemical production",Industrial Chemistry
Science,6,5,4,5,5,6,-1,4,-1,-1,4,-1,-1,-1,-1,-1,-1,-1,-1,-1,-1,-1,319,"seismology, earth structure",Geophysics
Science,5,6,6,5,5,6,-1,3,-1,6,-1,-1,-1,-1,-1,-1,-1,-1,-1,-1,-1,-1,312,"crop management, crops",Agronomy
Art,6,4,4,-1,-1,-1,-1,-1,-1,-1,-1,6,5,5,4,4,-1,5,-1,-1,-1,-1,188,"population studies, birth rates",Demography
Art,2,6,4,-1,-1,-1,-1,-1,-1,-1,-1,6,5,6,5,5,-1,-1,-1,5,-1,-1,235,"heritage, history preservation",Museum and Heritage Studies
Art,3,4,6,-1,-1,-1,-1,-1,-1,-1,-1,4,5,6,6,4,-1,-1,6,-1,-1,-1,159,"branding, creativity",Graphics Design
Art,2,6,4,-1,-1,-1,-1,-1,-1,-1,-1,6,6,6,4,4,5,-1,-1,-1,-1,-1,203,"posters, branding",Graphics Design
Commercial,6,5,6,-1,-1,-1,-1,-1,-1,-1,-1,6,4,-1,5,-1,-1,-1,-1,-1,5,6,323,"insurance mathematics, data modelling",Actuarial Science
Science,5,4,4,5,4,2,-1,4,-1,-1,-1,-1,-1,-1,-1,-1,-1,-1,-1,-1,-1,-1,276,"network protection, hacking",Cyber Security
Science,4,5,5,5,5,2,6,6,-1,-1,-1,-1,-1,-1,-1,-1,-1,-1,-1,-1,-1,-1,289,"structures, buildings",Civil Engineering
Science,4,6,5,5,5,1,6,5,-1,-1,-1,-1,-1,-1,-1,-1,-1,-1,-1,-1,-1,-1,267,"property management, real estate",Estate Management
Science,5,4,6,5,5,4,-1,5,6,-1,-1,-1,-1,-1,-1,-1,-1,-1,-1,-1,-1,-1,309,"health science, body functions",Physiology
Science,4,4,5,1,4,5,-1,6,5,-1,-1,-1,-1,-1,-1,-1,-1,-1,-1,-1,-1,-1,238,"community health, disease prevention",Public Health
Science,5,5,6,5,6,5,-1,6,6,-1,-1,-1,-1,-1,-1,-1,-1,-1,-1,-1,-1,-1,276,"theory, problem solving",Mathematics
Science,6,4,6,4,4,4,-1,4,-1,-1,6,-1,-1,-1,-1,-1,-1,-1,-1,-1,-1,-1,306,"rocks, earth science",Geology
Science,5,6,5,5,4,4,-1,1,-1,5,-1,-1,-1,-1,-1,-1,-1,-1,-1,-1,-1,-1,236,"harvesting, plant breeding",Crop Science
Art,4,6,4,-1,-1,-1,-1,-1,-1,-1,-1,6,4,5,4,6,-1,6,-1,-1,-1,-1,166,"news reporting, communication",Journalism and Media Studies
Art,2,6,4,-1,-1,-1,-1,-1,-1,-1,-1,4,4,4,5,6,-1,-1,-1,4,-1,-1,214,"tour guiding, culture",Tourism and Hospitality
Art,3,6,4,-1,-1,-1,-1,-1,-1,-1,-1,6,6,6,6,6,-1,-1,5,-1,-1,-1,180,"room decoration, furniture",Interior Design
Art,3,6,6,-1,-1,-1,-1,-1,-1,-1,-1,6,5,6,6,5,4,-1,-1,-1,-1,-1,157,"furniture, room decoration",Interior Design
Commercial,5,6,5,-1,-1,-1,-1,-1,-1,-1,-1,6,4,-1,6,-1,-1,-1,-1,-1,4,5,305,"data modelling, insurance mathematics",Actuarial Science
Science,5,5,4,5,4,2,-1,4,-1,-1,-1,-1,-1,-1,-1,-1,-1,-1,-1,-1,-1,-1,228,"computers, IT systems",Information Technology
Science,6,5,4,4,5,3,5,5,-1,-1,-1,-1,-1,-1,-1,-1,-1,-1,-1,-1,-1,-1,285,"gas, oil",Petroleum Engineering
Science,5,6,6,5,4,3,5,6,-1,-1,-1,-1,-1,-1,-1,-1,-1,-1,-1,-1,-1,-1,262,"project budgeting, cost analysis",Quantity Surveying
Science,4,5,4,5,4,5,-1,4,5,-1,-1,-1,-1,-1,-1,-1,-1,-1,-1,-1,-1,-1,319,"health science, body functions",Physiology
Science,5,5,4,3,6,6,-1,5,5,-1,-1,-1,-1,-1,-1,-1,-1,-1,-1,-1,-1,-1,254,"food, health diet",Nutrition and Dietetics
Science,6,5,5,5,4,4,-1,4,6,-1,-1,-1,-1,-1,-1,-1,-1,-1,-1,-1,-1,-1,314,"technology, research",Applied Physics
Science,4,4,5,4,6,5,-1,5,-1,-1,6,-1,-1,-1,-1,-1,-1,-1,-1,-1,-1,-1,256,"rocks, earth science",Geology
Science,4,4,6,4,6,6,-1,3,-1,6,-1,-1,-1,-1,-1,-1,-1,-1,-1,-1,-1,-1,258,"agricultural technology, food production",Agricultural Science
Art,6,4,6,-1,-1,-1,-1,-1,-1,-1,-1,6,4,4,4,6,-1,6,-1,-1,-1,-1,215,"human behaviour, counselling",Psychology
Art,1,6,5,-1,-1,-1,-1,-1,-1,-1,-1,6,4,6,6,5,-1,-1,-1,5,-1,-1,207,"history preservation, culture",Museum and Heritage Studies
Art,3,4,4,-1,-1,-1,-1,-1,-1,-1,-1,6,4,6,4,4,-1,-1,6,-1,-1,-1,182,"ui design, website layouts",Web Design
Art,3,5,6,-1,-1,-1,-1,-1,-1,-1,-1,6,4,5,5,4,5,-1,-1,-1,-1,-1,197,"creative coding, ui design",Web Design
Commercial,6,6,5,-1,-1,-1,-1,-1,-1,-1,-1,6,6,-1,4,-1,-1,-1,-1,-1,6,6,247,"consumer behavior, branding",Marketing
Science,5,6,6,6,4,3,-1,5,-1,-1,-1,-1,-1,-1,-1,-1,-1,-1,-1,-1,-1,-1,239,"hacking, security",Cyber Security
Science,4,4,5,6,5,2,5,5,-1,-1,-1,-1,-1,-1,-1,-1,-1,-1,-1,-1,-1,-1,258,"automation, robots",Mechatronics Engineering
Science,4,5,5,6,6,3,4,6,-1,-1,-1,-1,-1,-1,-1,-1,-1,-1,-1,-1,-1,-1,228,"buildings, design",Architecture
Science,6,6,4,6,5,6,-1,4,5,-1,-1,-1,-1,-1,-1,-1,-1,-1,-1,-1,-1,-1,274,"x_ray, medical imaging",Radiography
Science,4,4,4,1,5,4,-1,4,6,-1,-1,-1,-1,-1,-1,-1,-1,-1,-1,-1,-1,-1,228,"health diet, food",Nutrition and Dietetics
Science,6,6,4,6,5,5,-1,5,6,-1,-1,-1,-1,-1,-1,-1,-1,-1,-1,-1,-1,-1,279,"probability, data analysis",Statistics
Science,4,4,5,4,4,6,-1,6,-1,-1,5,-1,-1,-1,-1,-1,-1,-1,-1,-1,-1,-1,246,"marine life, oceans",Marine Science
Science,4,6,4,6,4,4,-1,2,-1,5,-1,-1,-1,-1,-1,-1,-1,-1,-1,-1,-1,-1,258,"gardening, landscaping",Horticulture
Art,5,6,5,-1,-1,-1,-1,-1,-1,-1,-1,6,5,5,4,6,-1,6,-1,-1,-1,-1,221,"leadership, public serving",Public Administration
Art,1,5,4,-1,-1,-1,-1,-1,-1,-1,-1,4,6,4,6,6,-1,-1,-1,4,-1,-1,208,"analysis, data gathering",Research and Policy Analysis
Art,3,6,5,-1,-1,-1,-1,-1,-1,-1,-1,5,6,6,5,5,-1,-1,6,-1,-1,-1,215,"cartoons, motion graphics",Animation
Art,2,5,5,-1,-1,-1,-1,-1,-1,-1,-1,5,5,6,4,4,4,-1,-1,-1,-1,-1,172,"motion graphics, 3d animation",Animation
Commercial,5,4,5,-1,-1,-1,-1,-1,-1,-1,-1,6,6,-1,4,-1,-1,-1,-1,-1,6,6,279,"financial compliance, government finance",Taxation
Science,5,4,4,5,4,3,-1,6,-1,-1,-1,-1,-1,-1,-1,-1,-1,-1,-1,-1,-1,-1,238,"IT systems, support",Information Technology
Science,5,4,6,6,4,1,5,6,-1,-1,-1,-1,-1,-1,-1,-1,-1,-1,-1,-1,-1,-1,283,"mechanics, machines",Mechanical Engineering
Science,4,6,5,4,6,3,5,4,-1,-1,-1,-1,-1,-1,-1,-1,-1,-1,-1,-1,-1,-1,282,"project budgeting, construction costs",Quantity Surveying
Science,5,4,4,6,6,5,-1,6,4,-1,-1,-1,-1,-1,-1,-1,-1,-1,-1,-1,-1,-1,307,"medical science, human body",Anatomy
Science,4,6,4,2,5,6,-1,4,5,-1,-1,-1,-1,-1,-1,-1,-1,-1,-1,-1,-1,-1,242,"health diet, food",Nutrition and Dietetics
Science,6,4,5,4,6,5,-1,5,4,-1,-1,-1,-1,-1,-1,-1,-1,-1,-1,-1,-1,-1,312,"industry, chemical production",Industrial Chemistry
Science,5,6,6,5,4,6,-1,6,-1,-1,6,-1,-1,-1,-1,-1,-1,-1,-1,-1,-1,-1,304,"rocks, earth science",Geology
Science,6,6,6,6,6,6,-1,2,-1,6,-1,-1,-1,-1,-1,-1,-1,-1,-1,-1,-1,-1,233,"aquatic life, seafood production",Fisheries and Aquaculture
Art,5,4,6,-1,-1,-1,-1,-1,-1,-1,-1,4,6,4,5,6,-1,6,-1,-1,-1,-1,219,"leadership, government",Political Science
Art,2,5,4,-1,-1,-1,-1,-1,-1,-1,-1,6,4,5,6,4,-1,-1,-1,4,-1,-1,211,"record keeping, documentation",Archival Studies
Art,3,6,5,-1,-1,-1,-1,-1,-1,-1,-1,5,4,6,5,5,-1,-1,4,-1,-1,-1,203,"user experience, user interface",UI/UX Design
Art,3,6,6,-1,-1,-1,-1,-1,-1,-1,-1,5,5,6,5,5,6,-1,-1,-1,-1,-1,189,"mobile apps, user experience",UI/UX Design
Commercial,4,4,6,-1,-1,-1,-1,-1,-1,-1,-1,6,6,-1,4,-1,-1,-1,-1,-1,5,6,328,"data modelling, risk analysis",Actuarial Science
Science,5,5,4,5,5,2,-1,4,-1,-1,-1,-1,-1,-1,-1,-1,-1,-1,-1,-1,-1,-1,244,"communication systems, internet",Network Engineering
Science,5,5,4,5,6,2,5,4,-1,-1,-1,-1,-1,-1,-1,-1,-1,-1,-1,-1,-1,-1,236,"marine systems, ocean",Marine Engineering
Science,5,5,5,4,5,3,4,6,-1,-1,-1,-1,-1,-1,-1,-1,-1,-1,-1,-1,-1,-1,242,"AutoCad, design",Architecture
Science,5,6,6,4,5,4,-1,4,6,-1,-1,-1,-1,-1,-1,-1,-1,-1,-1,-1,-1,-1,264,"care, hospital",Nursing
Science,5,6,6,2,4,5,-1,5,5,-1,-1,-1,-1,-1,-1,-1,-1,-1,-1,-1,-1,-1,298,"health diet, food",Nutrition and Dietetics
Science,4,5,4,5,4,6,-1,4,6,-1,-1,-1,-1,-1,-1,-1,-1,-1,-1,-1,-1,-1,258,"computation, modeling",Applied Mathematics
Science,5,6,6,4,4,6,-1,4,-1,-1,4,-1,-1,-1,-1,-1,-1,-1,-1,-1,-1,-1,311,"rocks, earth science",Geology
Science,6,4,4,5,4,6,-1,3,-1,6,-1,-1,-1,-1,-1,-1,-1,-1,-1,-1,-1,-1,312,"landscaping, gardening",Horticulture
Art,4,4,5,-1,-1,-1,-1,-1,-1,-1,-1,4,6,5,5,4,-1,5,-1,-1,-1,-1,195,"mental health, human behaviour",Psychology
Art,1,4,4,-1,-1,-1,-1,-1,-1,-1,-1,5,6,5,5,4,-1,-1,-1,4,-1,-1,240,"history preservation, culture",Museum and Heritage Studies
Art,3,5,4,-1,-1,-1,-1,-1,-1,-1,-1,4,4,6,5,5,-1,-1,5,-1,-1,-1,195,"branding, creativity",Graphics Design
Art,1,4,4,-1,-1,-1,-1,-1,-1,-1,-1,5,5,6,4,5,6,-1,-1,-1,-1,-1,203,"posters, creativity",Graphics Design
Commercial,6,5,5,-1,-1,-1,-1,-1,-1,-1,-1,5,4,-1,5,-1,-1,-1,-1,-1,5,4,332,"procurement, inventory management",Supply Chain Management
Science,4,5,5,4,4,1,-1,5,-1,-1,-1,-1,-1,-1,-1,-1,-1,-1,-1,-1,-1,-1,279,"hardware, software integration",Computer Engineering
Science,4,6,4,6,5,3,4,5,-1,-1,-1,-1,-1,-1,-1,-1,-1,-1,-1,-1,-1,-1,255,"buildings, structures",Civil Engineering
Science,6,6,5,5,4,3,6,4,-1,-1,-1,-1,-1,-1,-1,-1,-1,-1,-1,-1,-1,-1,261,"land valuation, property management",Estate Management
Science,6,6,6,4,6,4,-1,4,4,-1,-1,-1,-1,-1,-1,-1,-1,-1,-1,-1,-1,-1,255,"body functions, health science",Physiology
Science,6,6,5,3,5,5,-1,4,6,-1,-1,-1,-1,-1,-1,-1,-1,-1,-1,-1,-1,-1,270,"community health, disease prevention",Public Health
Science,6,5,4,6,5,4,-1,6,5,-1,-1,-1,-1,-1,-1,-1,-1,-1,-1,-1,-1,-1,237,"industry, chemical production",Industrial Chemistry
Science,4,6,6,4,4,5,-1,5,-1,-1,4,-1,-1,-1,-1,-1,-1,-1,-1,-1,-1,-1,227,"rocks, earth science",Geology
Science,4,4,4,4,4,6,-1,1,-1,5,-1,-1,-1,-1,-1,-1,-1,-1,-1,-1,-1,-1,225,"soil testing, environmental conservation",Soil Science
Art,5,4,5,-1,-1,-1,-1,-1,-1,-1,-1,5,6,6,4,4,-1,6,-1,-1,-1,-1,196,"law enforcement, criminal justice",Criminology
Art,2,4,5,-1,-1,-1,-1,-1,-1,-1,-1,4,6,6,5,4,-1,-1,-1,5,-1,-1,234,"record keeping, documentation",Archival Studies
Art,3,6,6,-1,-1,-1,-1,-1,-1,-1,-1,5,5,4,5,6,-1,-1,6,-1,-1,-1,149,"digital painting, art technology",Digital Art
Art,1,4,5,-1,-1,-1,-1,-1,-1,-1,-1,6,5,5,4,5,6,-1,-1,-1,-1,-1,191,"art technology, drawing tablets",Digital Art
Commercial,6,4,6,-1,-1,-1,-1,-1,-1,-1,-1,5,4,-1,5,-1,-1,-1,-1,-1,6,5,298,"projects, planning",Project Management
Science,4,4,5,4,5,3,-1,4,-1,-1,-1,-1,-1,-1,-1,-1,-1,-1,-1,-1,-1,-1,211,"IT systems, support",Information Technology
Science,6,6,4,4,4,1,6,6,-1,-1,-1,-1,-1,-1,-1,-1,-1,-1,-1,-1,-1,-1,283,"systems, optimization",Industrial Engineering
Science,4,5,5,6,6,1,5,5,-1,-1,-1,-1,-1,-1,-1,-1,-1,-1,-1,-1,-1,-1,289,"construction costs, project budgeting",Quantity Surveying
Science,4,4,4,5,4,4,-1,4,4,-1,-1,-1,-1,-1,-1,-1,-1,-1,-1,-1,-1,-1,289,"cancer, treatment",Oncology
Science,4,5,6,1,4,4,-1,4,4,-1,-1,-1,-1,-1,-1,-1,-1,-1,-1,-1,-1,-1,259,"disease prevention, community health",Public Health
Science,4,4,6,6,4,6,-1,4,6,-1,-1,-1,-1,-1,-1,-1,-1,-1,-1,-1,-1,-1,281,"probability, data analysis",Statistics
Science,6,6,4,5,6,6,-1,5,-1,-1,4,-1,-1,-1,-1,-1,-1,-1,-1,-1,-1,-1,259,"climate, environment",Environmental Science
Science,6,5,6,5,6,6,-1,3,-1,6,-1,-1,-1,-1,-1,-1,-1,-1,-1,-1,-1,-1,245,"food production, agricultural technology",Agricultural Science
Art,4,4,5,-1,-1,-1,-1,-1,-1,-1,-1,4,4,6,5,5,-1,5,-1,-1,-1,-1,207,"birth rates, population studies",Demography
Art,1,5,4,-1,-1,-1,-1,-1,-1,-1,-1,6,5,4,5,4,-1,-1,-1,6,-1,-1,222,"data gathering, analysis",Research and Policy Analysis
Art,3,6,6,-1,-1,-1,-1,-1,-1,-1,-1,6,5,6,6,5,-1,-1,6,-1,-1,-1,181,"crafts, painting",Painting and Sculpture
Art,1,6,6,-1,-1,-1,-1,-1,-1,-1,-1,6,4,4,6,6,4,-1,-1,-1,-1,-1,213,"fine arts, sculpting",Painting and Sculpture
Commercial,6,5,4,-1,-1,-1,-1,-1,-1,-1,-1,6,6,-1,4,-1,-1,-1,-1,-1,4,4,281,"innovation, problem solving",Entrepreneurship
Science,6,6,6,6,5,2,-1,6,-1,-1,-1,-1,-1,-1,-1,-1,-1,-1,-1,-1,-1,-1,238,"systems, business IT",Information Systems
Science,6,6,4,4,4,3,5,5,-1,-1,-1,-1,-1,-1,-1,-1,-1,-1,-1,-1,-1,-1,278,"health technology, medical devices",Biomedical Engineering
Science,5,5,4,6,6,2,4,4,-1,-1,-1,-1,-1,-1,-1,-1,-1,-1,-1,-1,-1,-1,235,"spatial data, geographic information system",Surveying and Geoinformatics
Science,5,4,6,5,4,5,-1,5,6,-1,-1,-1,-1,-1,-1,-1,-1,-1,-1,-1,-1,-1,267,"medical imaging, x_ray",Radiography
Science,6,4,5,3,4,6,-1,4,5,-1,-1,-1,-1,-1,-1,-1,-1,-1,-1,-1,-1,-1,289,"disease prevention, community health",Public Health
Science,6,5,5,5,6,5,-1,6,5,-1,-1,-1,-1,-1,-1,-1,-1,-1,-1,-1,-1,-1,272,"lab work, biological molecules",Biochemistry
Science,4,4,5,5,5,5,-1,6,-1,-1,5,-1,-1,-1,-1,-1,-1,-1,-1,-1,-1,-1,289,"environment, climate",Environmental Science
Science,5,4,6,5,6,5,-1,3,-1,6,-1,-1,-1,-1,-1,-1,-1,-1,-1,-1,-1,-1,282,"animal breeding, vertinary care",Animal Science
Art,4,5,6,-1,-1,-1,-1,-1,-1,-1,-1,4,5,5,6,5,-1,5,-1,-1,-1,-1,186,"statistical analysis, population studies",Demography
Art,2,4,6,-1,-1,-1,-1,-1,-1,-1,-1,5,5,5,6,6,-1,-1,-1,4,-1,-1,198,"tourism, culture",Museum and Heritage Studies
Art,2,5,4,-1,-1,-1,-1,-1,-1,-1,-1,4,4,4,5,6,-1,-1,6,-1,-1,-1,216,"creative editing, video effects",Motion Graphics
Art,1,6,4,-1,-1,-1,-1,-1,-1,-1,-1,6,6,5,6,6,6,-1,-1,-1,-1,-1,183,"visual storytelling, animation",Motion Graphics
Commercial,5,5,6,-1,-1,-1,-1,-1,-1,-1,-1,6,4,-1,5,-1,-1,-1,-1,-1,6,4,278,"procurement, logistics",Supply Chain Management
Science,6,4,6,6,5,3,-1,6,-1,-1,-1,-1,-1,-1,-1,-1,-1,-1,-1,-1,-1,-1,270,"automation, AI",Artificial Intelligence
Science,4,5,5,4,4,1,5,4,-1,-1,-1,-1,-1,-1,-1,-1,-1,-1,-1,-1,-1,-1,284,"robots, systems",Mechatronics Engineering
Science,5,4,6,4,4,3,6,4,-1,-1,-1,-1,-1,-1,-1,-1,-1,-1,-1,-1,-1,-1,265,"transport systems, environmental planning",Urban and Regional Planning
Science,4,4,6,6,5,4,-1,5,6,-1,-1,-1,-1,-1,-1,-1,-1,-1,-1,-1,-1,-1,291,"health science, body functions",Physiology
Science,5,4,4,3,5,6,-1,4,6,-1,-1,-1,-1,-1,-1,-1,-1,-1,-1,-1,-1,-1,238,"health diet, food",Nutrition and Dietetics
Science,4,6,5,5,5,4,-1,5,4,-1,-1,-1,-1,-1,-1,-1,-1,-1,-1,-1,-1,-1,268,"problem solving, theory",Mathematics
Science,6,5,6,6,6,5,-1,4,-1,-1,4,-1,-1,-1,-1,-1,-1,-1,-1,-1,-1,-1,301,"oceans, marine life",Marine Science
Science,6,6,5,4,6,6,-1,2,-1,6,-1,-1,-1,-1,-1,-1,-1,-1,-1,-1,-1,-1,312,"crop production, plant breeding",Crop Science
Art,5,6,6,-1,-1,-1,-1,-1,-1,-1,-1,5,5,5,5,4,-1,5,-1,-1,-1,-1,218,"diplomacy, politics",International Relations
Art,3,4,6,-1,-1,-1,-1,-1,-1,-1,-1,4,5,6,5,4,-1,-1,-1,6,-1,-1,208,"tourism, culture",Museum and Heritage Studies
Art,1,6,6,-1,-1,-1,-1,-1,-1,-1,-1,5,4,5,5,4,-1,-1,5,-1,-1,-1,175,"storytelling, 3d animation",Animation
Art,2,4,5,-1,-1,-1,-1,-1,-1,-1,-1,6,4,5,5,4,5,-1,-1,-1,-1,-1,219,"cartoons, motion graphics",Animation
Commercial,4,4,5,-1,-1,-1,-1,-1,-1,-1,-1,6,5,-1,4,-1,-1,-1,-1,-1,4,4,235,"task management, projects",Project Management
Science,6,4,6,4,6,2,-1,4,-1,-1,-1,-1,-1,-1,-1,-1,-1,-1,-1,-1,-1,-1,251,"computers, IT systems",Information Technology
Science,6,5,4,6,4,1,5,4,-1,-1,-1,-1,-1,-1,-1,-1,-1,-1,-1,-1,-1,-1,225,"machines, mechanics",Mechanical Engineering
Science,6,6,5,4,6,3,5,5,-1,-1,-1,-1,-1,-1,-1,-1,-1,-1,-1,-1,-1,-1,239,"property management, real estate",Estate Management
Science,6,4,6,6,6,5,-1,5,5,-1,-1,-1,-1,-1,-1,-1,-1,-1,-1,-1,-1,-1,299,"medication, laboratory",Pharmacy
Science,5,6,6,3,5,6,-1,4,5,-1,-1,-1,-1,-1,-1,-1,-1,-1,-1,-1,-1,-1,261,"disease prevention, community health",Public Health
Science,6,4,6,4,6,5,-1,4,6,-1,-1,-1,-1,-1,-1,-1,-1,-1,-1,-1,-1,-1,304,"experiments, motion",Physics
Science,4,5,6,5,6,6,-1,5,-1,-1,5,-1,-1,-1,-1,-1,-1,-1,-1,-1,-1,-1,314,"weather, climate",Meteorology
Science,6,5,5,5,4,6,-1,1,-1,4,-1,-1,-1,-1,-1,-1,-1,-1,-1,-1,-1,-1,265,"food production, farming",Agricultural Science
Art,4,5,6,-1,-1,-1,-1,-1,-1,-1,-1,4,5,4,5,6,-1,6,-1,-1,-1,-1,198,"public policy, leadership",Political Science
Art,1,5,5,-1,-1,-1,-1,-1,-1,-1,-1,5,5,5,6,4,-1,-1,-1,5,-1,-1,188,"tour guiding, culture",Tourism and Hospitality
Art,1,4,5,-1,-1,-1,-1,-1,-1,-1,-1,6,4,5,5,5,-1,-1,6,-1,-1,-1,163,"Sketching, character design",Illustration
Art,2,6,5,-1,-1,-1,-1,-1,-1,-1,-1,5,6,4,6,5,4,-1,-1,-1,-1,-1,208,"character design, drawing",Illustration
Commercial,5,4,6,-1,-1,-1,-1,-1,-1,-1,-1,4,6,-1,4,-1,-1,-1,-1,-1,4,4,306,"organizational planning, leadership",Business Administration
Science,6,4,4,4,6,3,-1,4,-1,-1,-1,-1,-1,-1,-1,-1,-1,-1,-1,-1,-1,-1,244,"AI, machine learning",Artificial Intelligence
Science,6,4,6,4,6,3,5,5,-1,-1,-1,-1,-1,-1,-1,-1,-1,-1,-1,-1,-1,-1,262,"ocean, marine systems",Marine Engineering
Science,4,5,6,4,6,2,4,6,-1,-1,-1,-1,-1,-1,-1,-1,-1,-1,-1,-1,-1,-1,263,"property management, real estate",Estate Management
Science,6,6,6,6,4,6,-1,5,5,-1,-1,-1,-1,-1,-1,-1,-1,-1,-1,-1,-1,-1,301,"care, patients",Nursing
Science,6,5,5,2,6,6,-1,4,5,-1,-1,-1,-1,-1,-1,-1,-1,-1,-1,-1,-1,-1,251,"disease prevention, community health",Public Health
Science,4,4,6,5,5,4,-1,6,4,-1,-1,-1,-1,-1,-1,-1,-1,-1,-1,-1,-1,-1,303,"genetics, bioengineering",Biotechnology
Science,5,5,6,5,6,6,-1,5,-1,-1,6,-1,-1,-1,-1,-1,-1,-1,-1,-1,-1,-1,260,"earth structure, seismology",Geophysics
Science,5,5,6,5,5,6,-1,2,-1,6,-1,-1,-1,-1,-1,-1,-1,-1,-1,-1,-1,-1,252,"soil testing, land management",Soil Science
Art,4,5,5,-1,-1,-1,-1,-1,-1,-1,-1,6,6,4,4,4,-1,6,-1,-1,-1,-1,177,"emotional wellbeing, mental health",Psychology
Art,1,4,5,-1,-1,-1,-1,-1,-1,-1,-1,5,5,5,4,4,-1,-1,-1,6,-1,-1,204,"research, analysis",Research and Policy Analysis
Art,1,6,6,-1,-1,-1,-1,-1,-1,-1,-1,4,4,6,4,4,-1,-1,5,-1,-1,-1,215,"ui design, creative coding",Web Design
Art,2,5,4,-1,-1,-1,-1,-1,-1,-1,-1,6,4,4,5,4,4,-1,-1,-1,-1,-1,159,"ui design, creative coding",Web Design
Commercial,5,6,5,-1,-1,-1,-1,-1,-1,-1,-1,6,6,-1,6,-1,-1,-1,-1,-1,6,6,232,"government finance, revenue management",Taxation
Science,6,5,5,4,6,2,-1,5,-1,-1,-1,-1,-1,-1,-1,-1,-1,-1,-1,-1,-1,-1,255,"hacking, security",Cyber Security
Science,5,5,4,6,4,2,6,4,-1,-1,-1,-1,-1,-1,-1,-1,-1,-1,-1,-1,-1,-1,270,"electronics, circuits",Electronic Engineering
Science,5,6,5,6,6,1,4,5,-1,-1,-1,-1,-1,-1,-1,-1,-1,-1,-1,-1,-1,-1,260,"mapping, geographic information system",Surveying and Geoinformatics
Science,4,6,4,5,5,4,-1,4,5,-1,-1,-1,-1,-1,-1,-1,-1,-1,-1,-1,-1,-1,320,"treatment, cancer",Oncology
Science,4,4,6,2,6,4,-1,4,4,-1,-1,-1,-1,-1,-1,-1,-1,-1,-1,-1,-1,-1,225,"food, health diet",Nutrition and Dietetics
Science,5,6,4,4,4,4,-1,5,6,-1,-1,-1,-1,-1,-1,-1,-1,-1,-1,-1,-1,-1,271,"nature, life science",Biology
Science,5,4,4,6,6,6,-1,5,-1,-1,6,-1,-1,-1,-1,-1,-1,-1,-1,-1,-1,-1,255,"oceans, marine life",Marine Science
Science,5,5,5,6,4,4,-1,3,-1,4,-1,-1,-1,-1,-1,-1,-1,-1,-1,-1,-1,-1,264,"soil testing, environmental conservation",Soil Science
Art,5,5,5,-1,-1,-1,-1,-1,-1,-1,-1,5,5,6,6,5,-1,4,-1,-1,-1,-1,204,"media, communication",Journalism and Media Studies
Art,3,6,5,-1,-1,-1,-1,-1,-1,-1,-1,6,4,5,6,6,-1,-1,-1,5,-1,-1,210,"ancient civilization, research",Archaeology
Art,1,4,4,-1,-1,-1,-1,-1,-1,-1,-1,4,5,4,5,4,-1,-1,6,-1,-1,-1,176,"Sketching, character design",Illustration
Art,2,5,6,-1,-1,-1,-1,-1,-1,-1,-1,4,4,4,5,4,5,-1,-1,-1,-1,-1,160,"Sketching, character design",Illustration
Commercial,5,5,6,-1,-1,-1,-1,-1,-1,-1,-1,5,5,-1,5,-1,-1,-1,-1,-1,4,6,265,"risk analysis, statistics",Actuarial Science
Science,6,6,5,5,4,1,-1,4,-1,-1,-1,-1,-1,-1,-1,-1,-1,-1,-1,-1,-1,-1,221,"programming, software",Computer Science
Science,4,5,5,4,5,1,4,4,-1,-1,-1,-1,-1,-1,-1,-1,-1,-1,-1,-1,-1,-1,285,"medical devices, health technology",Biomedical Engineering
Science,5,4,4,5,4,3,6,6,-1,-1,-1,-1,-1,-1,-1,-1,-1,-1,-1,-1,-1,-1,261,"mapping, spatial data",Surveying and Geoinformatics
Science,4,6,6,6,5,5,-1,6,4,-1,-1,-1,-1,-1,-1,-1,-1,-1,-1,-1,-1,-1,290,"cancer, treatment",Oncology
Science,5,4,6,2,6,4,-1,4,5,-1,-1,-1,-1,-1,-1,-1,-1,-1,-1,-1,-1,-1,232,"health diet, food",Nutrition and Dietetics
Science,6,5,4,5,6,4,-1,6,6,-1,-1,-1,-1,-1,-1,-1,-1,-1,-1,-1,-1,-1,305,"industry, chemical production",Industrial Chemistry
Science,5,6,4,5,5,5,-1,6,-1,-1,6,-1,-1,-1,-1,-1,-1,-1,-1,-1,-1,-1,261,"marine life, oceans",Marine Science
Science,4,4,6,5,4,6,-1,1,-1,6,-1,-1,-1,-1,-1,-1,-1,-1,-1,-1,-1,-1,275,"seafood production, pond management",Fisheries and Aquaculture
Art,6,5,6,-1,-1,-1,-1,-1,-1,-1,-1,4,5,4,4,5,-1,6,-1,-1,-1,-1,192,"forensic studies, law enforcement",Criminology
Art,3,4,6,-1,-1,-1,-1,-1,-1,-1,-1,5,4,5,5,4,-1,-1,-1,6,-1,-1,233,"history preservation, tourism",Museum and Heritage Studies
Art,3,6,6,-1,-1,-1,-1,-1,-1,-1,-1,5,6,4,4,6,-1,-1,4,-1,-1,-1,208,"crafts, fine arts",Painting and Sculpture
Art,1,6,5,-1,-1,-1,-1,-1,-1,-1,-1,5,4,4,6,4,6,-1,-1,-1,-1,-1,217,"fine arts, painting",Painting and Sculpture
Commercial,5,5,5,-1,-1,-1,-1,-1,-1,-1,-1,6,5,-1,4,-1,-1,-1,-1,-1,6,6,244,"projects, task management",Project Management
Science,4,4,5,5,4,3,-1,6,-1,-1,-1,-1,-1,-1,-1,-1,-1,-1,-1,-1,-1,-1,248,"software integration, hardware",Computer Engineering
Science,5,5,6,5,5,1,5,4,-1,-1,-1,-1,-1,-1,-1,-1,-1,-1,-1,-1,-1,-1,220,"robotics, machines",Mechanical Engineering
Science,4,6,6,6,6,2,4,4,-1,-1,-1,-1,-1,-1,-1,-1,-1,-1,-1,-1,-1,-1,232,"community planning, transport systems",Urban and Regional Planning
Science,6,4,5,6,4,6,-1,6,5,-1,-1,-1,-1,-1,-1,-1,-1,-1,-1,-1,-1,-1,297,"drugs, medication",Pharmacy
Science,6,5,6,3,5,5,-1,6,6,-1,-1,-1,-1,-1,-1,-1,-1,-1,-1,-1,-1,-1,287,"community health, disease prevention",Public Health
Science,6,5,5,4,4,5,-1,4,6,-1,-1,-1,-1,-1,-1,-1,-1,-1,-1,-1,-1,-1,243,"logic, problem solving",Mathematics
Science,4,4,4,5,5,6,-1,5,-1,-1,5,-1,-1,-1,-1,-1,-1,-1,-1,-1,-1,-1,250,"weather, climate",Meteorology
Science,6,4,4,4,6,5,-1,1,-1,5,-1,-1,-1,-1,-1,-1,-1,-1,-1,-1,-1,-1,258,"vertinary care, livestock farming",Animal Science
Art,5,6,4,-1,-1,-1,-1,-1,-1,-1,-1,5,6,5,4,5,-1,6,-1,-1,-1,-1,194,"foreign policy, diplomacy",International Relations
Art,2,5,4,-1,-1,-1,-1,-1,-1,-1,-1,5,6,4,6,4,-1,-1,-1,5,-1,-1,234,"documentation, record keeping",Archival Studies
Art,1,6,6,-1,-1,-1,-1,-1,-1,-1,-1,4,4,5,6,6,-1,-1,4,-1,-1,-1,142,"drawing, Sketching",Illustration
Art,3,4,6,-1,-1,-1,-1,-1,-1,-1,-1,5,4,6,6,4,5,-1,-1,-1,-1,-1,146,"Sketching, character design",Illustration
Commercial,6,4,4,-1,-1,-1,-1,-1,-1,-1,-1,6,6,-1,4,-1,-1,-1,-1,-1,4,4,314,"banking, financial markets",Banking and Finance
Science,4,4,5,4,5,3,-1,4,-1,-1,-1,-1,-1,-1,-1,-1,-1,-1,-1,-1,-1,-1,212,"IT systems, computers",Information Technology
Science,6,4,4,5,5,2,4,4,-1,-1,-1,-1,-1,-1,-1,-1,-1,-1,-1,-1,-1,-1,268,"flight, aircraft",Aerospace Engineering
Science,4,5,5,5,5,2,4,4,-1,-1,-1,-1,-1,-1,-1,-1,-1,-1,-1,-1,-1,-1,265,"real estate, facility management",Estate Management
Science,5,4,4,5,6,5,-1,4,6,-1,-1,-1,-1,-1,-1,-1,-1,-1,-1,-1,-1,-1,300,"therapy, movement",Physiotherapy
Science,6,4,4,1,5,6,-1,5,4,-1,-1,-1,-1,-1,-1,-1,-1,-1,-1,-1,-1,-1,253,"community health, disease prevention",Public Health
Science,4,4,5,4,5,5,-1,5,5,-1,-1,-1,-1,-1,-1,-1,-1,-1,-1,-1,-1,-1,272,"nature, life science",Biology
Science,4,6,6,6,4,6,-1,5,-1,-1,5,-1,-1,-1,-1,-1,-1,-1,-1,-1,-1,-1,289,"environment, climate",Environmental Science
Science,6,4,4,5,4,6,-1,2,-1,5,-1,-1,-1,-1,-1,-1,-1,-1,-1,-1,-1,-1,282,"environmental protection, forest conservation",Forestry
Art,5,5,6,-1,-1,-1,-1,-1,-1,-1,-1,6,6,5,4,5,-1,5,-1,-1,-1,-1,183,"public serving, policy making",Public Administration
Art,2,4,4,-1,-1,-1,-1,-1,-1,-1,-1,4,4,5,6,6,-1,-1,-1,6,-1,-1,170,"tourism, history preservation",Museum and Heritage Studies
Art,3,4,4,-1,-1,-1,-1,-1,-1,-1,-1,4,4,5,4,4,-1,-1,6,-1,-1,-1,170,"editing photos, portraits",Photography
Art,1,5,6,-1,-1,-1,-1,-1,-1,-1,-1,6,6,6,6,4,4,-1,-1,-1,-1,-1,176,"portraits, creative visuals",Photography
Commercial,6,6,6,-1,-1,-1,-1,-1,-1,-1,-1,5,4,-1,6,-1,-1,-1,-1,-1,4,4,320,"planning, projects",Project Management
Science,6,6,5,5,5,1,-1,5,-1,-1,-1,-1,-1,-1,-1,-1,-1,-1,-1,-1,-1,-1,239,"systems, business IT",Information Systems
Science,6,5,5,6,6,1,5,6,-1,-1,-1,-1,-1,-1,-1,-1,-1,-1,-1,-1,-1,-1,237,"processes, chemicals",Chemical Engineering
Science,4,4,4,4,5,3,5,5,-1,-1,-1,-1,-1,-1,-1,-1,-1,-1,-1,-1,-1,-1,240,"spatial data, mapping",Surveying and Geoinformatics
Science,6,4,4,6,4,4,-1,5,4,-1,-1,-1,-1,-1,-1,-1,-1,-1,-1,-1,-1,-1,312,"diagnosis, imaging",Radiology
Science,6,6,5,3,5,4,-1,5,6,-1,-1,-1,-1,-1,-1,-1,-1,-1,-1,-1,-1,-1,277,"food, health diet",Nutrition and Dietetics
Science,5,5,4,5,6,5,-1,5,5,-1,-1,-1,-1,-1,-1,-1,-1,-1,-1,-1,-1,-1,287,"probability, data analysis",Statistics
Science,6,5,6,4,5,4,-1,5,-1,-1,5,-1,-1,-1,-1,-1,-1,-1,-1,-1,-1,-1,226,"environment, climate",Environmental Science
Science,5,5,6,5,5,4,-1,3,-1,4,-1,-1,-1,-1,-1,-1,-1,-1,-1,-1,-1,-1,295,"aquatic life, fish farming",Fisheries and Aquaculture
Art,6,5,5,-1,-1,-1,-1,-1,-1,-1,-1,5,6,6,4,5,-1,6,-1,-1,-1,-1,171,"government, politics",Political Science
Art,2,6,5,-1,-1,-1,-1,-1,-1,-1,-1,4,5,6,6,6,-1,-1,-1,4,-1,-1,206,"customer service, tour guiding",Tourism and Hospitality
Art,2,5,6,-1,-1,-1,-1,-1,-1,-1,-1,5,5,5,6,4,-1,-1,5,-1,-1,-1,183,"fine arts, crafts",Painting and Sculpture
Art,1,5,6,-1,-1,-1,-1,-1,-1,-1,-1,5,6,6,6,4,5,-1,-1,-1,-1,-1,179,"sculpting, painting",Painting and Sculpture
Commercial,4,5,4,-1,-1,-1,-1,-1,-1,-1,-1,5,5,-1,4,-1,-1,-1,-1,-1,6,6,308,"risk analysis, insurance mathematics",Actuarial Science
Science,4,4,4,6,4,3,-1,6,-1,-1,-1,-1,-1,-1,-1,-1,-1,-1,-1,-1,-1,-1,258,"software systems, apps",Software Engineering
Science,5,4,4,4,5,1,5,5,-1,-1,-1,-1,-1,-1,-1,-1,-1,-1,-1,-1,-1,-1,262,"ships, ocean",Marine Engineering
Science,4,4,6,6,5,1,5,5,-1,-1,-1,-1,-1,-1,-1,-1,-1,-1,-1,-1,-1,-1,225,"real estate, property management",Estate Management
Science,5,4,5,6,4,4,-1,4,4,-1,-1,-1,-1,-1,-1,-1,-1,-1,-1,-1,-1,-1,256,"drugs, laboratory",Pharmacy
Science,4,5,5,2,6,4,-1,6,4,-1,-1,-1,-1,-1,-1,-1,-1,-1,-1,-1,-1,-1,264,"food, health diet",Nutrition and Dietetics
Science,4,5,6,4,5,5,-1,4,6,-1,-1,-1,-1,-1,-1,-1,-1,-1,-1,-1,-1,-1,271,"bioengineering, genetics",Biotechnology
Science,4,5,5,4,5,4,-1,6,-1,-1,4,-1,-1,-1,-1,-1,-1,-1,-1,-1,-1,-1,234,"climate, weather",Meteorology
Science,6,6,5,4,6,6,-1,3,-1,5,-1,-1,-1,-1,-1,-1,-1,-1,-1,-1,-1,-1,254,"soil, crops",Agronomy
Art,5,6,6,-1,-1,-1,-1,-1,-1,-1,-1,4,5,6,4,5,-1,4,-1,-1,-1,-1,220,"emotional wellbeing, human behaviour",Psychology
Art,3,4,4,-1,-1,-1,-1,-1,-1,-1,-1,4,4,4,5,6,-1,-1,-1,4,-1,-1,171,"historical records, documentation",Archival Studies
Art,1,6,5,-1,-1,-1,-1,-1,-1,-1,-1,4,6,4,6,5,-1,-1,6,-1,-1,-1,201,"home aesthetics, space planning",Interior Design
Art,3,6,5,-1,-1,-1,-1,-1,-1,-1,-1,4,5,4,5,4,6,-1,-1,-1,-1,-1,212,"space planning, room decoration",Interior Design
Commercial,6,6,6,-1,-1,-1,-1,-1,-1,-1,-1,5,4,-1,5,-1,-1,-1,-1,-1,4,5,264,"statistics, data modelling",Actuarial Science
Science,5,5,5,5,5,2,-1,4,-1,-1,-1,-1,-1,-1,-1,-1,-1,-1,-1,-1,-1,-1,228,"internet, networks",Network Engineering
Science,5,4,6,4,5,2,6,4,-1,-1,-1,-1,-1,-1,-1,-1,-1,-1,-1,-1,-1,-1,222,"engines, machines",Mechanical Engineering
Science,6,4,6,6,4,3,5,6,-1,-1,-1,-1,-1,-1,-1,-1,-1,-1,-1,-1,-1,-1,230,"property management, land valuation",Estate Management
Science,4,4,4,5,5,6,-1,4,5,-1,-1,-1,-1,-1,-1,-1,-1,-1,-1,-1,-1,-1,284,"patients, care",Nursing
Science,5,4,5,3,6,6,-1,6,4,-1,-1,-1,-1,-1,-1,-1,-1,-1,-1,-1,-1,-1,250,"food, health diet",Nutrition and Dietetics
Science,5,4,5,6,6,4,-1,4,6,-1,-1,-1,-1,-1,-1,-1,-1,-1,-1,-1,-1,-1,292,"probability, data analysis",Statistics
Science,5,6,5,5,6,4,-1,4,-1,-1,6,-1,-1,-1,-1,-1,-1,-1,-1,-1,-1,-1,264,"earth structure, seismology",Geophysics
Science,6,5,5,6,4,5,-1,3,-1,5,-1,-1,-1,-1,-1,-1,-1,-1,-1,-1,-1,-1,275,"environmental conservation, soil testing",Soil Science
Art,6,5,6,-1,-1,-1,-1,-1,-1,-1,-1,5,4,6,5,6,-1,5,-1,-1,-1,-1,215,"debate, human rights",Law
Art,2,6,4,-1,-1,-1,-1,-1,-1,-1,-1,5,6,4,6,5,-1,-1,-1,4,-1,-1,217,"record keeping, documentation",Archival Studies
Art,3,6,5,-1,-1,-1,-1,-1,-1,-1,-1,5,6,6,5,4,-1,-1,4,-1,-1,-1,147,"editing photos, taking pictures",Photography
Art,1,6,6,-1,-1,-1,-1,-1,-1,-1,-1,4,4,5,6,5,5,-1,-1,-1,-1,-1,170,"editing photos, portraits",Photography
Commercial,5,6,4,-1,-1,-1,-1,-1,-1,-1,-1,4,4,-1,5,-1,-1,-1,-1,-1,6,4,255,"policy analysis, risk management",Insurance
Science,5,6,5,4,6,2,-1,5,-1,-1,-1,-1,-1,-1,-1,-1,-1,-1,-1,-1,-1,-1,232,"coding, programming",Computer Science
Science,4,5,6,4,5,1,5,4,-1,-1,-1,-1,-1,-1,-1,-1,-1,-1,-1,-1,-1,-1,286,"systems, production",Industrial Engineering
Science,5,4,4,4,6,1,4,5,-1,-1,-1,-1,-1,-1,-1,-1,-1,-1,-1,-1,-1,-1,261,"cost analysis, project budgeting",Quantity Surveying
Science,5,6,5,5,6,6,-1,6,5,-1,-1,-1,-1,-1,-1,-1,-1,-1,-1,-1,-1,-1,308,"laboratory, drugs",Pharmacy
Science,6,6,4,3,6,6,-1,4,4,-1,-1,-1,-1,-1,-1,-1,-1,-1,-1,-1,-1,-1,263,"disease prevention, community health",Public Health
Science,6,6,4,5,5,4,-1,5,6,-1,-1,-1,-1,-1,-1,-1,-1,-1,-1,-1,-1,-1,270,"motion, experiments",Physics
Science,5,5,4,6,6,6,-1,5,-1,-1,4,-1,-1,-1,-1,-1,-1,-1,-1,-1,-1,-1,250,"seismology, earth structure",Geophysics
Science,4,4,4,6,6,5,-1,3,-1,4,-1,-1,-1,-1,-1,-1,-1,-1,-1,-1,-1,-1,284,"crop management, crops",Agronomy
Art,4,4,4,-1,-1,-1,-1,-1,-1,-1,-1,6,5,6,6,5,-1,5,-1,-1,-1,-1,226,"leadership, public policy",Political Science
Art,1,4,5,-1,-1,-1,-1,-1,-1,-1,-1,5,5,4,4,6,-1,-1,-1,5,-1,-1,195,"culture, travel",Tourism and Hospitality
Art,3,5,6,-1,-1,-1,-1,-1,-1,-1,-1,4,5,4,6,6,-1,-1,5,-1,-1,-1,177,"editing photos, creative visuals",Photography
Art,2,6,5,-1,-1,-1,-1,-1,-1,-1,-1,6,5,4,4,4,5,-1,-1,-1,-1,-1,146,"editing photos, taking pictures",Photography
Commercial,5,5,6,-1,-1,-1,-1,-1,-1,-1,-1,6,6,-1,6,-1,-1,-1,-1,-1,4,4,251,"organizational planning, leadership",Business Administration
Science,5,5,4,6,5,1,-1,5,-1,-1,-1,-1,-1,-1,-1,-1,-1,-1,-1,-1,-1,-1,253,"network protection, hacking",Cyber Security
Science,6,6,5,5,6,1,5,4,-1,-1,-1,-1,-1,-1,-1,-1,-1,-1,-1,-1,-1,-1,220,"marine systems, ships",Marine Engineering
Science,6,5,6,5,5,3,6,4,-1,-1,-1,-1,-1,-1,-1,-1,-1,-1,-1,-1,-1,-1,267,"spatial data, geographic information system",Surveying and Geoinformatics
Science,6,5,6,6,5,6,-1,4,4,-1,-1,-1,-1,-1,-1,-1,-1,-1,-1,-1,-1,-1,271,"cancer, treatment",Oncology
Science,6,6,5,2,4,6,-1,6,6,-1,-1,-1,-1,-1,-1,-1,-1,-1,-1,-1,-1,-1,291,"community health, disease prevention",Public Health
Science,6,4,5,4,5,5,-1,5,6,-1,-1,-1,-1,-1,-1,-1,-1,-1,-1,-1,-1,-1,297,"energy, motion",Physics
Science,5,6,6,6,5,5,-1,6,-1,-1,5,-1,-1,-1,-1,-1,-1,-1,-1,-1,-1,-1,303,"oceans, marine life",Marine Science
Science,6,6,5,5,6,4,-1,3,-1,4,-1,-1,-1,-1,-1,-1,-1,-1,-1,-1,-1,-1,245,"farming, food production",Agricultural Science
Art,4,6,4,-1,-1,-1,-1,-1,-1,-1,-1,6,4,6,4,5,-1,6,-1,-1,-1,-1,208,"public serving, policy making",Public Administration
Art,1,5,5,-1,-1,-1,-1,-1,-1,-1,-1,6,6,5,5,4,-1,-1,-1,4,-1,-1,204,"historical artifacts, ancient civilization",Archaeology
Art,3,4,4,-1,-1,-1,-1,-1,-1,-1,-1,4,4,6,6,5,-1,-1,5,-1,-1,-1,210,"creativity, design",Graphics Design
Art,1,5,5,-1,-1,-1,-1,-1,-1,-1,-1,4,6,4,4,4,4,-1,-1,-1,-1,-1,192,"creativity, branding",Graphics Design
Commercial,5,6,6,-1,-1,-1,-1,-1,-1,-1,-1,5,6,-1,5,-1,-1,-1,-1,-1,5,5,260,"leadership, business management",Business Administration
Science,5,5,6,4,6,1,-1,5,-1,-1,-1,-1,-1,-1,-1,-1,-1,-1,-1,-1,-1,-1,229,"statistics, data",Data Science
Science,6,6,4,5,6,2,5,5,-1,-1,-1,-1,-1,-1,-1,-1,-1,-1,-1,-1,-1,-1,271,"ships, ocean",Marine Engineering
Science,4,6,6,6,6,2,5,5,-1,-1,-1,-1,-1,-1,-1,-1,-1,-1,-1,-1,-1,-1,271,"cost analysis, building estimation",Quantity Surveying
Science,6,4,4,6,6,4,-1,4,4,-1,-1,-1,-1,-1,-1,-1,-1,-1,-1,-1,-1,-1,275,"dental care, teeth",Dentistry
Science,5,5,4,2,6,6,-1,4,6,-1,-1,-1,-1,-1,-1,-1,-1,-1,-1,-1,-1,-1,246,"disease prevention, community health",Public Health
Science,6,6,5,4,6,6,-1,4,6,-1,-1,-1,-1,-1,-1,-1,-1,-1,-1,-1,-1,-1,234,"motion, energy",Physics
Science,4,5,4,5,5,4,-1,5,-1,-1,6,-1,-1,-1,-1,-1,-1,-1,-1,-1,-1,-1,253,"environment, climate",Environmental Science
Science,6,5,5,5,5,6,-1,1,-1,4,-1,-1,-1,-1,-1,-1,-1,-1,-1,-1,-1,-1,248,"soil testing, land management",Soil Science
Art,4,5,5,-1,-1,-1,-1,-1,-1,-1,-1,6,5,5,5,6,-1,4,-1,-1,-1,-1,208,"crime investigation, criminal justice",Criminology
Art,2,4,4,-1,-1,-1,-1,-1,-1,-1,-1,6,5,5,4,6,-1,-1,-1,6,-1,-1,193,"history preservation, culture",Museum and Heritage Studies
Art,3,6,6,-1,-1,-1,-1,-1,-1,-1,-1,4,4,6,6,4,-1,-1,6,-1,-1,-1,219,"3d animation, storytelling",Animation
Art,1,6,6,-1,-1,-1,-1,-1,-1,-1,-1,5,5,5,4,4,4,-1,-1,-1,-1,-1,157,"cartoons, 3d animation",Animation
Commercial,5,4,6,-1,-1,-1,-1,-1,-1,-1,-1,6,6,-1,6,-1,-1,-1,-1,-1,6,6,328,"sales strategies, consumer behavior",Marketing
Science,5,6,6,5,4,2,-1,5,-1,-1,-1,-1,-1,-1,-1,-1,-1,-1,-1,-1,-1,-1,249,"data, statistics",Data Science
Science,5,6,5,6,5,3,5,4,-1,-1,-1,-1,-1,-1,-1,-1,-1,-1,-1,-1,-1,-1,270,"circuits, electronics",Electronic Engineering
Science,6,6,5,6,6,1,5,4,-1,-1,-1,-1,-1,-1,-1,-1,-1,-1,-1,-1,-1,-1,223,"city development, environmental planning",Urban and Regional Planning
Science,4,5,6,4,6,5,-1,4,4,-1,-1,-1,-1,-1,-1,-1,-1,-1,-1,-1,-1,-1,292,"veterinary care, animals",Veterinary Medicine
Science,4,5,6,3,6,6,-1,5,4,-1,-1,-1,-1,-1,-1,-1,-1,-1,-1,-1,-1,-1,264,"disease prevention, community health",Public Health
Science,5,4,4,5,6,6,-1,5,6,-1,-1,-1,-1,-1,-1,-1,-1,-1,-1,-1,-1,-1,296,"energy, motion",Physics
Science,5,6,6,6,4,6,-1,4,-1,-1,5,-1,-1,-1,-1,-1,-1,-1,-1,-1,-1,-1,240,"environment, climate",Environmental Science
Science,4,4,4,6,5,4,-1,3,-1,6,-1,-1,-1,-1,-1,-1,-1,-1,-1,-1,-1,-1,271,"land management, soil testing",Soil Science
Art,5,6,4,-1,-1,-1,-1,-1,-1,-1,-1,5,5,5,6,5,-1,5,-1,-1,-1,-1,196,"law enforcement, criminal justice",Criminology
Art,1,6,6,-1,-1,-1,-1,-1,-1,-1,-1,5,6,5,4,6,-1,-1,-1,4,-1,-1,198,"excavation, historical artifacts",Archaeology
Art,2,5,5,-1,-1,-1,-1,-1,-1,-1,-1,5,5,5,4,6,-1,-1,5,-1,-1,-1,181,"animation, creative editing",Motion Graphics
Art,2,6,4,-1,-1,-1,-1,-1,-1,-1,-1,5,4,5,4,4,5,-1,-1,-1,-1,-1,187,"video effects, creative editing",Motion Graphics
Commercial,4,5,4,-1,-1,-1,-1,-1,-1,-1,-1,6,6,-1,5,-1,-1,-1,-1,-1,6,6,234,"office administration, organizational planning",Business Administration
Science,6,4,5,6,4,2,-1,4,-1,-1,-1,-1,-1,-1,-1,-1,-1,-1,-1,-1,-1,-1,257,"systems, business IT",Information Systems
Science,6,5,5,5,5,2,6,6,-1,-1,-1,-1,-1,-1,-1,-1,-1,-1,-1,-1,-1,-1,226,"medical devices, health technology",Biomedical Engineering
Science,4,4,4,6,5,2,5,4,-1,-1,-1,-1,-1,-1,-1,-1,-1,-1,-1,-1,-1,-1,273,"transport systems, environmental planning",Urban and Regional Planning
Science,6,6,5,5,5,4,-1,4,5,-1,-1,-1,-1,-1,-1,-1,-1,-1,-1,-1,-1,-1,312,"dental care, teeth",Dentistry
Science,6,6,4,2,4,6,-1,6,6,-1,-1,-1,-1,-1,-1,-1,-1,-1,-1,-1,-1,-1,299,"health diet, food",Nutrition and Dietetics
Science,5,5,6,5,5,4,-1,5,4,-1,-1,-1,-1,-1,-1,-1,-1,-1,-1,-1,-1,-1,315,"genetics, bioengineering",Biotechnology
Science,4,5,6,4,5,6,-1,4,-1,-1,6,-1,-1,-1,-1,-1,-1,-1,-1,-1,-1,-1,230,"weather, climate",Meteorology
Science,6,6,4,4,6,6,-1,3,-1,5,-1,-1,-1,-1,-1,-1,-1,-1,-1,-1,-1,-1,251,"plants, plant breeding",Crop Science
Art,5,4,5,-1,-1,-1,-1,-1,-1,-1,-1,5,6,4,4,6,-1,6,-1,-1,-1,-1,213,"public serving, policy making",Public Administration
Art,3,4,5,-1,-1,-1,-1,-1,-1,-1,-1,4,4,5,5,4,-1,-1,-1,6,-1,-1,216,"libraries, documentation",Archival Studies
Art,2,5,5,-1,-1,-1,-1,-1,-1,-1,-1,5,5,6,4,5,-1,-1,5,-1,-1,-1,208,"motion graphics, cartoons",Animation
Art,2,6,4,-1,-1,-1,-1,-1,-1,-1,-1,6,6,5,4,5,4,-1,-1,-1,-1,-1,189,"motion graphics, 3d animation",Animation
Commercial,6,6,5,-1,-1,-1,-1,-1,-1,-1,-1,5,5,-1,5,-1,-1,-1,-1,-1,6,6,332,"insurance mathematics, risk analysis",Actuarial Science
Science,6,5,6,6,4,1,-1,6,-1,-1,-1,-1,-1,-1,-1,-1,-1,-1,-1,-1,-1,-1,220,"networks, internet",Network Engineering
Science,6,5,5,4,5,2,6,4,-1,-1,-1,-1,-1,-1,-1,-1,-1,-1,-1,-1,-1,-1,277,"systems, optimization",Industrial Engineering
Science,5,6,6,4,4,2,6,6,-1,-1,-1,-1,-1,-1,-1,-1,-1,-1,-1,-1,-1,-1,281,"environmental planning, transport systems",Urban and Regional Planning
Science,4,6,4,6,5,4,-1,4,4,-1,-1,-1,-1,-1,-1,-1,-1,-1,-1,-1,-1,-1,311,"x_ray, medical imaging",Radiography
Science,5,4,6,1,4,4,-1,4,4,-1,-1,-1,-1,-1,-1,-1,-1,-1,-1,-1,-1,-1,266,"community health, disease prevention",Public Health
Science,5,5,5,5,6,5,-1,6,6,-1,-1,-1,-1,-1,-1,-1,-1,-1,-1,-1,-1,-1,224,"laboratory, reactions",Chemistry
Science,4,6,4,4,4,4,-1,4,-1,-1,4,-1,-1,-1,-1,-1,-1,-1,-1,-1,-1,-1,252,"oceans, marine life",Marine Science
Science,5,4,5,6,4,4,-1,2,-1,5,-1,-1,-1,-1,-1,-1,-1,-1,-1,-1,-1,-1,320,"community outreach, farmer education",Agricultural Extension
Art,4,6,6,-1,-1,-1,-1,-1,-1,-1,-1,5,5,6,5,6,-1,5,-1,-1,-1,-1,207,"leadership, public serving",Public Administration
Art,1,4,5,-1,-1,-1,-1,-1,-1,-1,-1,4,5,6,6,6,-1,-1,-1,5,-1,-1,203,"research, historical artifacts",Archaeology
Art,1,6,5,-1,-1,-1,-1,-1,-1,-1,-1,4,6,4,5,6,-1,-1,6,-1,-1,-1,194,"design, posters",Graphics Design
Art,3,5,4,-1,-1,-1,-1,-1,-1,-1,-1,4,6,5,4,4,6,-1,-1,-1,-1,-1,189,"branding, creativity",Graphics Design
Commercial,6,6,4,-1,-1,-1,-1,-1,-1,-1,-1,6,5,-1,5,-1,-1,-1,-1,-1,5,5,309,"data modelling, insurance mathematics",Actuarial Science
Science,4,5,4,6,5,3,-1,4,-1,-1,-1,-1,-1,-1,-1,-1,-1,-1,-1,-1,-1,-1,260,"support, computers",Information Technology
Science,5,5,6,5,5,1,5,6,-1,-1,-1,-1,-1,-1,-1,-1,-1,-1,-1,-1,-1,-1,238,"electricity, electronics",Electrical Engineering
Science,6,6,4,4,4,3,5,5,-1,-1,-1,-1,-1,-1,-1,-1,-1,-1,-1,-1,-1,-1,224,"AutoCad, buildings",Architecture
Science,5,6,5,6,4,4,-1,5,6,-1,-1,-1,-1,-1,-1,-1,-1,-1,-1,-1,-1,-1,269,"treatment, medicine",Medicine and Surgery
Science,6,5,6,1,5,6,-1,6,6,-1,-1,-1,-1,-1,-1,-1,-1,-1,-1,-1,-1,-1,248,"community health, disease prevention",Public Health
Science,4,6,4,5,4,5,-1,4,4,-1,-1,-1,-1,-1,-1,-1,-1,-1,-1,-1,-1,-1,285,"biological molecules, lab work",Biochemistry
Science,4,5,5,6,4,5,-1,4,-1,-1,6,-1,-1,-1,-1,-1,-1,-1,-1,-1,-1,-1,305,"marine life, oceans",Marine Science
Science,4,5,6,4,4,4,-1,1,-1,4,-1,-1,-1,-1,-1,-1,-1,-1,-1,-1,-1,-1,223,"plant breeding, crop production",Crop Science
Art,5,5,6,-1,-1,-1,-1,-1,-1,-1,-1,5,6,4,5,5,-1,6,-1,-1,-1,-1,165,"public serving, policy making",Public Administration
Art,2,4,5,-1,-1,-1,-1,-1,-1,-1,-1,6,4,5,5,5,-1,-1,-1,5,-1,-1,240,"research, ancient civilization",Archaeology
Art,3,6,5,-1,-1,-1,-1,-1,-1,-1,-1,4,6,5,4,6,-1,-1,4,-1,-1,-1,209,"editing photos, portraits",Photography
Art,1,6,4,-1,-1,-1,-1,-1,-1,-1,-1,6,6,6,4,4,5,-1,-1,-1,-1,-1,159,"portraits, taking pictures",Photography
Commercial,5,4,4,-1,-1,-1,-1,-1,-1,-1,-1,6,6,-1,6,-1,-1,-1,-1,-1,5,4,280,"revenue management, tax laws",Taxation
Science,6,5,6,4,5,1,-1,6,-1,-1,-1,-1,-1,-1,-1,-1,-1,-1,-1,-1,-1,-1,262,"software integration, hardware",Computer Engineering
Science,4,5,4,6,5,3,4,5,-1,-1,-1,-1,-1,-1,-1,-1,-1,-1,-1,-1,-1,-1,243,"vehicles, engines",Automotive Engineering
Science,5,4,5,5,5,3,5,5,-1,-1,-1,-1,-1,-1,-1,-1,-1,-1,-1,-1,-1,-1,284,"land valuation, property management",Estate Management
Science,5,5,5,5,6,5,-1,4,5,-1,-1,-1,-1,-1,-1,-1,-1,-1,-1,-1,-1,-1,285,"medical science, human body",Anatomy
Science,6,4,5,2,6,4,-1,6,4,-1,-1,-1,-1,-1,-1,-1,-1,-1,-1,-1,-1,-1,290,"community health, disease prevention",Public Health
Science,6,5,5,5,6,4,-1,4,4,-1,-1,-1,-1,-1,-1,-1,-1,-1,-1,-1,-1,-1,226,"reactions, laboratory",Chemistry
Science,4,6,6,6,6,4,-1,6,-1,-1,6,-1,-1,-1,-1,-1,-1,-1,-1,-1,-1,-1,295,"oceans, marine life",Marine Science
Science,6,4,6,5,6,4,-1,2,-1,6,-1,-1,-1,-1,-1,-1,-1,-1,-1,-1,-1,-1,246,"pond management, aquatic life",Fisheries and Aquaculture
Art,5,6,6,-1,-1,-1,-1,-1,-1,-1,-1,5,6,6,4,4,-1,5,-1,-1,-1,-1,181,"social justice, human rights",Human Rights and Advocacy
Art,2,5,5,-1,-1,-1,-1,-1,-1,-1,-1,6,4,4,6,5,-1,-1,-1,4,-1,-1,179,"data gathering, problem solving",Research and Policy Analysis
Art,1,4,4,-1,-1,-1,-1,-1,-1,-1,-1,6,4,6,4,6,-1,-1,5,-1,-1,-1,184,"cartoons, 3d animation",Animation
Art,3,5,5,-1,-1,-1,-1,-1,-1,-1,-1,6,4,4,4,5,6,-1,-1,-1,-1,-1,140,"storytelling, cartoons",Animation
Commercial,4,4,5,-1,-1,-1,-1,-1,-1,-1,-1,4,4,-1,5,-1,-1,-1,-1,-1,4,6,319,"business startup, problem solving",Entrepreneurship
Science,5,4,5,5,4,3,-1,5,-1,-1,-1,-1,-1,-1,-1,-1,-1,-1,-1,-1,-1,-1,245,"support, computers",Information Technology
Science,4,5,4,5,5,1,4,5,-1,-1,-1,-1,-1,-1,-1,-1,-1,-1,-1,-1,-1,-1,262,"structures, metals",Materials Engineering
Science,5,4,5,5,5,3,4,4,-1,-1,-1,-1,-1,-1,-1,-1,-1,-1,-1,-1,-1,-1,236,"project budgeting, building estimation",Quantity Surveying
Science,6,6,4,6,5,6,-1,4,4,-1,-1,-1,-1,-1,-1,-1,-1,-1,-1,-1,-1,-1,256,"healthcare, medicine",Medicine and Surgery
Science,5,5,5,2,4,4,-1,6,6,-1,-1,-1,-1,-1,-1,-1,-1,-1,-1,-1,-1,-1,241,"food, health diet",Nutrition and Dietetics
Science,6,6,5,5,6,4,-1,6,5,-1,-1,-1,-1,-1,-1,-1,-1,-1,-1,-1,-1,-1,264,"microorganisms, research",Microbiology
Science,6,4,4,4,6,5,-1,6,-1,-1,5,-1,-1,-1,-1,-1,-1,-1,-1,-1,-1,-1,299,"earth structure, seismology",Geophysics
Science,4,6,5,4,4,6,-1,2,-1,6,-1,-1,-1,-1,-1,-1,-1,-1,-1,-1,-1,-1,309,"crop cultivation, farming",Agricultural Science
Art,5,6,4,-1,-1,-1,-1,-1,-1,-1,-1,5,4,5,4,6,-1,6,-1,-1,-1,-1,220,"law enforcement, forensic studies",Criminology
Art,1,6,6,-1,-1,-1,-1,-1,-1,-1,-1,6,4,4,5,6,-1,-1,-1,5,-1,-1,170,"analysis, problem solving",Research and Policy Analysis
Art,3,6,6,-1,-1,-1,-1,-1,-1,-1,-1,5,4,4,4,6,-1,-1,6,-1,-1,-1,174,"fine arts, sculpting",Painting and Sculpture
Art,1,5,6,-1,-1,-1,-1,-1,-1,-1,-1,5,6,5,4,5,6,-1,-1,-1,-1,-1,194,"crafts, painting",Painting and Sculpture
Commercial,5,5,5,-1,-1,-1,-1,-1,-1,-1,-1,6,4,-1,6,-1,-1,-1,-1,-1,4,5,264,"organizational planning, business management",Business Administration
Science,5,5,5,4,6,2,-1,4,-1,-1,-1,-1,-1,-1,-1,-1,-1,-1,-1,-1,-1,-1,272,"computers, IT systems",Information Technology
Science,4,5,5,6,4,2,4,6,-1,-1,-1,-1,-1,-1,-1,-1,-1,-1,-1,-1,-1,-1,251,"health technology, medical devices",Biomedical Engineering
Science,6,6,6,6,5,3,5,5,-1,-1,-1,-1,-1,-1,-1,-1,-1,-1,-1,-1,-1,-1,266,"city development, environmental planning",Urban and Regional Planning
Science,4,5,6,4,6,5,-1,6,5,-1,-1,-1,-1,-1,-1,-1,-1,-1,-1,-1,-1,-1,319,"diagnosis, testing",Medical Laboratory Science
Science,6,5,6,3,6,4,-1,6,6,-1,-1,-1,-1,-1,-1,-1,-1,-1,-1,-1,-1,-1,244,"health diet, food",Nutrition and Dietetics
Science,6,6,5,6,6,5,-1,5,4,-1,-1,-1,-1,-1,-1,-1,-1,-1,-1,-1,-1,-1,277,"chemical production, industry",Industrial Chemistry
Science,4,5,6,5,4,6,-1,6,-1,-1,4,-1,-1,-1,-1,-1,-1,-1,-1,-1,-1,-1,261,"environment, climate",Environmental Science
Science,4,6,5,4,4,6,-1,1,-1,5,-1,-1,-1,-1,-1,-1,-1,-1,-1,-1,-1,-1,230,"farming, crop management",Agronomy
Art,5,6,4,-1,-1,-1,-1,-1,-1,-1,-1,5,5,6,4,6,-1,4,-1,-1,-1,-1,179,"leadership, public serving",Public Administration
Art,1,6,5,-1,-1,-1,-1,-1,-1,-1,-1,5,6,5,4,6,-1,-1,-1,5,-1,-1,194,"data gathering, research",Research and Policy Analysis
Art,1,5,5,-1,-1,-1,-1,-1,-1,-1,-1,4,4,4,6,4,-1,-1,4,-1,-1,-1,141,"creative coding, ui design",Web Design
Art,3,5,5,-1,-1,-1,-1,-1,-1,-1,-1,6,6,4,6,5,6,-1,-1,-1,-1,-1,192,"website layouts, user experience",Web Design
Commercial,5,5,6,-1,-1,-1,-1,-1,-1,-1,-1,6,6,-1,6,-1,-1,-1,-1,-1,5,6,270,"data modelling, insurance mathematics",Actuarial Science
Science,6,5,5,4,5,3,-1,6,-1,-1,-1,-1,-1,-1,-1,-1,-1,-1,-1,-1,-1,-1,276,"machine learning, automation",Artificial Intelligence
Science,5,5,4,5,5,3,5,5,-1,-1,-1,-1,-1,-1,-1,-1,-1,-1,-1,-1,-1,-1,242,"gas, oil",Petroleum Engineering
Science,6,6,6,6,6,2,4,6,-1,-1,-1,-1,-1,-1,-1,-1,-1,-1,-1,-1,-1,-1,280,"real estate, property management",Estate Management
Science,4,5,6,5,4,4,-1,4,5,-1,-1,-1,-1,-1,-1,-1,-1,-1,-1,-1,-1,-1,312,"laboratory, drugs",Pharmacy
Science,4,4,4,3,5,5,-1,4,6,-1,-1,-1,-1,-1,-1,-1,-1,-1,-1,-1,-1,-1,246,"disease prevention, community health",Public Health
Science,6,4,6,5,5,6,-1,6,5,-1,-1,-1,-1,-1,-1,-1,-1,-1,-1,-1,-1,-1,228,"laboratory, reactions",Chemistry
Science,4,5,4,4,5,5,-1,5,-1,-1,4,-1,-1,-1,-1,-1,-1,-1,-1,-1,-1,-1,320,"oceans, marine life",Marine Science
Science,6,6,5,6,5,4,-1,3,-1,4,-1,-1,-1,-1,-1,-1,-1,-1,-1,-1,-1,-1,239,"flower cultivation, landscaping",Horticulture
Art,4,4,5,-1,-1,-1,-1,-1,-1,-1,-1,4,4,5,4,5,-1,5,-1,-1,-1,-1,227,"emotional wellbeing, counselling",Psychology
Art,2,6,4,-1,-1,-1,-1,-1,-1,-1,-1,5,4,5,6,6,-1,-1,-1,6,-1,-1,223,"tourism, history preservation",Museum and Heritage Studies
Art,3,5,6,-1,-1,-1,-1,-1,-1,-1,-1,4,4,5,6,5,-1,-1,5,-1,-1,-1,144,"fashion trends, clothing",Fashion Design
Art,1,4,6,-1,-1,-1,-1,-1,-1,-1,-1,4,6,4,5,5,5,-1,-1,-1,-1,-1,206,"fashion trends, drawing outfits",Fashion Design
Commercial,6,4,4,-1,-1,-1,-1,-1,-1,-1,-1,6,5,-1,6,-1,-1,-1,-1,-1,5,4,240,"data modelling, statistics",Actuarial Science
Science,5,4,6,4,5,1,-1,5,-1,-1,-1,-1,-1,-1,-1,-1,-1,-1,-1,-1,-1,-1,213,"data, statistics",Data Science
Science,5,5,4,5,4,2,5,6,-1,-1,-1,-1,-1,-1,-1,-1,-1,-1,-1,-1,-1,-1,227,"robotics, engines",Mechanical Engineering
Science,4,4,6,6,6,3,5,4,-1,-1,-1,-1,-1,-1,-1,-1,-1,-1,-1,-1,-1,-1,282,"real estate, property management",Estate Management
Science,4,5,4,4,5,5,-1,4,6,-1,-1,-1,-1,-1,-1,-1,-1,-1,-1,-1,-1,-1,280,"healthcare, medicine",Medicine and Surgery
Science,4,5,4,3,6,4,-1,4,6,-1,-1,-1,-1,-1,-1,-1,-1,-1,-1,-1,-1,-1,285,"health diet, food",Nutrition and Dietetics
Science,6,4,5,6,6,5,-1,5,4,-1,-1,-1,-1,-1,-1,-1,-1,-1,-1,-1,-1,-1,296,"probability, data analysis",Statistics
Science,5,6,5,5,4,6,-1,4,-1,-1,6,-1,-1,-1,-1,-1,-1,-1,-1,-1,-1,-1,227,"earth structure, seismology",Geophysics
Science,5,5,4,5,4,6,-1,1,-1,6,-1,-1,-1,-1,-1,-1,-1,-1,-1,-1,-1,-1,284,"agricultural technology, food production",Agricultural Science
Art,4,6,4,-1,-1,-1,-1,-1,-1,-1,-1,6,4,5,4,4,-1,5,-1,-1,-1,-1,227,"public policy, government",Political Science
Art,1,6,6,-1,-1,-1,-1,-1,-1,-1,-1,6,6,5,6,5,-1,-1,-1,6,-1,-1,220,"culture, travel",Tourism and Hospitality
Art,1,4,6,-1,-1,-1,-1,-1,-1,-1,-1,5,5,6,5,4,-1,-1,4,-1,-1,-1,196,"character design, Sketching",Illustration
Art,3,4,4,-1,-1,-1,-1,-1,-1,-1,-1,4,6,4,6,5,6,-1,-1,-1,-1,-1,203,"Sketching, digital art",Illustration
Commercial,5,4,6,-1,-1,-1,-1,-1,-1,-1,-1,4,5,-1,4,-1,-1,-1,-1,-1,6,4,307,"financial protection, policy analysis",Insurance
Science,4,5,4,5,6,2,-1,6,-1,-1,-1,-1,-1,-1,-1,-1,-1,-1,-1,-1,-1,-1,240,"AI, machine learning",Artificial Intelligence
Science,5,4,6,6,4,2,5,6,-1,-1,-1,-1,-1,-1,-1,-1,-1,-1,-1,-1,-1,-1,281,"gas, drilling",Petroleum Engineering
Science,5,6,6,4,6,1,6,6,-1,-1,-1,-1,-1,-1,-1,-1,-1,-1,-1,-1,-1,-1,255,"spatial data, geographic information system",Surveying and Geoinformatics
Science,5,5,5,6,6,6,-1,6,5,-1,-1,-1,-1,-1,-1,-1,-1,-1,-1,-1,-1,-1,251,"body functions, health science",Physiology
Science,5,5,4,2,5,5,-1,6,4,-1,-1,-1,-1,-1,-1,-1,-1,-1,-1,-1,-1,-1,224,"food, health diet",Nutrition and Dietetics
Science,5,4,6,4,6,5,-1,5,4,-1,-1,-1,-1,-1,-1,-1,-1,-1,-1,-1,-1,-1,319,"theory, problem solving",Mathematics
Science,5,4,6,5,4,6,-1,5,-1,-1,5,-1,-1,-1,-1,-1,-1,-1,-1,-1,-1,-1,238,"rocks, earth science",Geology
Science,4,5,6,6,6,4,-1,2,-1,5,-1,-1,-1,-1,-1,-1,-1,-1,-1,-1,-1,-1,268,"pond management, aquatic life",Fisheries and Aquaculture
Art,6,4,4,-1,-1,-1,-1,-1,-1,-1,-1,4,4,4,6,4,-1,5,-1,-1,-1,-1,204,"community development, social behavior",Sociology
Art,1,6,5,-1,-1,-1,-1,-1,-1,-1,-1,5,5,6,5,5,-1,-1,-1,6,-1,-1,232,"research, historical artifacts",Archaeology
Art,2,5,4,-1,-1,-1,-1,-1,-1,-1,-1,5,4,5,5,4,-1,-1,4,-1,-1,-1,164,"creativity, branding",Graphics Design
Art,2,5,4,-1,-1,-1,-1,-1,-1,-1,-1,6,6,4,6,5,4,-1,-1,-1,-1,-1,219,"creativity, design",Graphics Design
Commercial,5,4,5,-1,-1,-1,-1,-1,-1,-1,-1,4,4,-1,4,-1,-1,-1,-1,-1,5,4,291,"claims processing, financial protection",Insurance
Science,6,4,6,6,6,1,-1,4,-1,-1,-1,-1,-1,-1,-1,-1,-1,-1,-1,-1,-1,-1,221,"networks, internet",Network Engineering
Science,4,5,4,5,5,2,6,5,-1,-1,-1,-1,-1,-1,-1,-1,-1,-1,-1,-1,-1,-1,261,"flight, space",Aerospace Engineering
Science,4,6,5,4,5,3,4,6,-1,-1,-1,-1,-1,-1,-1,-1,-1,-1,-1,-1,-1,-1,277,"drawing, buildings",Architecture
Science,4,5,4,4,5,4,-1,4,5,-1,-1,-1,-1,-1,-1,-1,-1,-1,-1,-1,-1,-1,259,"health science, body functions",Physiology
Science,4,5,5,2,5,6,-1,6,5,-1,-1,-1,-1,-1,-1,-1,-1,-1,-1,-1,-1,-1,226,"health diet, food",Nutrition and Dietetics
Science,4,4,6,6,5,5,-1,4,5,-1,-1,-1,-1,-1,-1,-1,-1,-1,-1,-1,-1,-1,230,"experiments, energy",Physics
Science,4,5,4,4,4,4,-1,6,-1,-1,5,-1,-1,-1,-1,-1,-1,-1,-1,-1,-1,-1,306,"marine life, oceans",Marine Science
Science,6,5,4,5,4,6,-1,3,-1,6,-1,-1,-1,-1,-1,-1,-1,-1,-1,-1,-1,-1,278,"agribusiness, market analysis",Agricultural Economics
Art,5,5,5,-1,-1,-1,-1,-1,-1,-1,-1,4,6,5,6,4,-1,4,-1,-1,-1,-1,165,"public policy, government",Political Science
Art,1,6,6,-1,-1,-1,-1,-1,-1,-1,-1,6,5,5,4,6,-1,-1,-1,6,-1,-1,180,"problem solving, analysis",Research and Policy Analysis
Art,3,6,5,-1,-1,-1,-1,-1,-1,-1,-1,6,4,4,5,4,-1,-1,6,-1,-1,-1,205,"sculpting, fine arts",Painting and Sculpture
Art,2,6,6,-1,-1,-1,-1,-1,-1,-1,-1,6,4,4,6,4,4,-1,-1,-1,-1,-1,195,"sculpting, painting",Painting and Sculpture
Commercial,4,4,5,-1,-1,-1,-1,-1,-1,-1,-1,6,6,-1,5,-1,-1,-1,-1,-1,4,5,269,"planning, planning",Project Management
Science,5,5,6,5,5,2,-1,6,-1,-1,-1,-1,-1,-1,-1,-1,-1,-1,-1,-1,-1,-1,255,"machine learning, AI",Artificial Intelligence
Science,6,5,4,6,4,1,5,4,-1,-1,-1,-1,-1,-1,-1,-1,-1,-1,-1,-1,-1,-1,245,"flight, space",Aerospace Engineering
Science,5,6,5,5,4,3,4,5,-1,-1,-1,-1,-1,-1,-1,-1,-1,-1,-1,-1,-1,-1,233,"cost analysis, project budgeting",Quantity Surveying
Science,4,4,4,5,4,4,-1,6,6,-1,-1,-1,-1,-1,-1,-1,-1,-1,-1,-1,-1,-1,273,"medicine, healthcare",Medicine and Surgery
Science,6,6,6,1,6,4,-1,5,6,-1,-1,-1,-1,-1,-1,-1,-1,-1,-1,-1,-1,-1,287,"food, health diet",Nutrition and Dietetics
Science,6,6,4,4,5,4,-1,4,6,-1,-1,-1,-1,-1,-1,-1,-1,-1,-1,-1,-1,-1,230,"microorganisms, research",Microbiology
Science,4,5,5,6,6,4,-1,6,-1,-1,5,-1,-1,-1,-1,-1,-1,-1,-1,-1,-1,-1,235,"seismology, earth structure",Geophysics
Science,4,5,6,4,5,5,-1,2,-1,5,-1,-1,-1,-1,-1,-1,-1,-1,-1,-1,-1,-1,232,"gardening, landscaping",Horticulture
Art,5,4,4,-1,-1,-1,-1,-1,-1,-1,-1,4,4,6,5,6,-1,5,-1,-1,-1,-1,217,"emotional wellbeing, mental health",Psychology
Art,2,5,4,-1,-1,-1,-1,-1,-1,-1,-1,5,6,4,4,5,-1,-1,-1,5,-1,-1,226,"problem solving, analysis",Research and Policy Analysis
Art,2,6,6,-1,-1,-1,-1,-1,-1,-1,-1,4,6,4,5,5,-1,-1,5,-1,-1,-1,171,"sculpting, crafts",Painting and Sculpture
Art,2,4,5,-1,-1,-1,-1,-1,-1,-1,-1,5,4,6,4,4,5,-1,-1,-1,-1,-1,141,"fine arts, painting",Painting and Sculpture
Commercial,6,5,6,-1,-1,-1,-1,-1,-1,-1,-1,6,6,-1,5,-1,-1,-1,-1,-1,5,5,303,"data modelling, risk analysis",Actuarial Science
Science,5,5,6,5,5,2,-1,5,-1,-1,-1,-1,-1,-1,-1,-1,-1,-1,-1,-1,-1,-1,245,"programming, coding",Computer Science
Science,4,5,6,6,5,2,6,5,-1,-1,-1,-1,-1,-1,-1,-1,-1,-1,-1,-1,-1,-1,221,"medical devices, health technology",Biomedical Engineering
Science,4,4,6,5,5,3,6,4,-1,-1,-1,-1,-1,-1,-1,-1,-1,-1,-1,-1,-1,-1,243,"community planning, city development",Urban and Regional Planning
Science,5,5,6,6,4,4,-1,5,5,-1,-1,-1,-1,-1,-1,-1,-1,-1,-1,-1,-1,-1,255,"dental care, teeth",Dentistry
Science,4,4,5,1,6,5,-1,6,6,-1,-1,-1,-1,-1,-1,-1,-1,-1,-1,-1,-1,-1,222,"health diet, food",Nutrition and Dietetics
Science,5,4,6,5,6,5,-1,6,5,-1,-1,-1,-1,-1,-1,-1,-1,-1,-1,-1,-1,-1,289,"probability, data analysis",Statistics
Science,6,5,6,6,6,4,-1,6,-1,-1,4,-1,-1,-1,-1,-1,-1,-1,-1,-1,-1,-1,222,"climate, environment",Environmental Science
Science,4,5,6,6,4,5,-1,2,-1,6,-1,-1,-1,-1,-1,-1,-1,-1,-1,-1,-1,-1,303,"farmer education, rural advisory services",Agricultural Extension
Art,5,6,6,-1,-1,-1,-1,-1,-1,-1,-1,5,6,4,5,5,-1,5,-1,-1,-1,-1,172,"media, communication",Journalism and Media Studies
Art,2,4,6,-1,-1,-1,-1,-1,-1,-1,-1,4,5,6,6,5,-1,-1,-1,5,-1,-1,180,"culture, customer service",Tourism and Hospitality
Art,1,6,4,-1,-1,-1,-1,-1,-1,-1,-1,6,4,4,4,6,-1,-1,6,-1,-1,-1,212,"branding, design",Graphics Design
Art,3,4,6,-1,-1,-1,-1,-1,-1,-1,-1,4,6,6,6,6,6,-1,-1,-1,-1,-1,179,"posters, creativity",Graphics Design
Commercial,4,6,5,-1,-1,-1,-1,-1,-1,-1,-1,4,5,-1,6,-1,-1,-1,-1,-1,4,5,317,"logistics, distribution",Supply Chain Management
Science,5,4,6,4,6,1,-1,4,-1,-1,-1,-1,-1,-1,-1,-1,-1,-1,-1,-1,-1,-1,217,"business IT, systems",Information Systems
Science,5,6,5,6,4,3,6,6,-1,-1,-1,-1,-1,-1,-1,-1,-1,-1,-1,-1,-1,-1,264,"engines, machines",Mechanical Engineering
Science,6,5,6,5,5,3,4,6,-1,-1,-1,-1,-1,-1,-1,-1,-1,-1,-1,-1,-1,-1,232,"community planning, transport systems",Urban and Regional Planning
Science,4,5,4,4,4,5,-1,5,6,-1,-1,-1,-1,-1,-1,-1,-1,-1,-1,-1,-1,-1,267,"medical imaging, x_ray",Radiography
Science,4,5,5,2,6,5,-1,5,5,-1,-1,-1,-1,-1,-1,-1,-1,-1,-1,-1,-1,-1,250,"health diet, food",Nutrition and Dietetics
Science,4,5,4,6,4,5,-1,5,4,-1,-1,-1,-1,-1,-1,-1,-1,-1,-1,-1,-1,-1,231,"biological molecules, lab work",Biochemistry
Science,5,5,5,5,4,6,-1,6,-1,-1,6,-1,-1,-1,-1,-1,-1,-1,-1,-1,-1,-1,229,"earth structure, seismology",Geophysics
Science,4,4,5,5,4,6,-1,2,-1,5,-1,-1,-1,-1,-1,-1,-1,-1,-1,-1,-1,-1,232,"forest conservation, tree planting",Forestry
Art,4,5,5,-1,-1,-1,-1,-1,-1,-1,-1,4,5,5,4,5,-1,6,-1,-1,-1,-1,217,"global affairs, foreign policy",International Relations
Art,1,6,5,-1,-1,-1,-1,-1,-1,-1,-1,4,4,4,6,6,-1,-1,-1,6,-1,-1,187,"record keeping, libraries",Archival Studies
Art,3,5,6,-1,-1,-1,-1,-1,-1,-1,-1,4,5,4,6,4,-1,-1,4,-1,-1,-1,160,"cartoons, storytelling",Animation
Art,2,5,6,-1,-1,-1,-1,-1,-1,-1,-1,5,5,6,4,6,4,-1,-1,-1,-1,-1,219,"motion graphics, 3d animation",Animation
Commercial,6,4,6,-1,-1,-1,-1,-1,-1,-1,-1,5,6,-1,5,-1,-1,-1,-1,-1,4,6,267,"logistics, procurement",Supply Chain Management
Science,5,6,6,6,6,2,-1,6,-1,-1,-1,-1,-1,-1,-1,-1,-1,-1,-1,-1,-1,-1,228,"apps, software systems",Software Engineering
Science,5,5,5,6,5,2,4,6,-1,-1,-1,-1,-1,-1,-1,-1,-1,-1,-1,-1,-1,-1,239,"structures, buildings",Civil Engineering
Science,6,4,6,4,6,3,6,5,-1,-1,-1,-1,-1,-1,-1,-1,-1,-1,-1,-1,-1,-1,242,"mapping, land measurement",Surveying and Geoinformatics
Science,5,4,4,6,4,6,-1,4,5,-1,-1,-1,-1,-1,-1,-1,-1,-1,-1,-1,-1,-1,266,"diagnosis, imaging",Radiology
Science,5,4,6,3,6,5,-1,6,5,-1,-1,-1,-1,-1,-1,-1,-1,-1,-1,-1,-1,-1,268,"health diet, food",Nutrition and Dietetics
Science,4,5,4,5,5,6,-1,5,4,-1,-1,-1,-1,-1,-1,-1,-1,-1,-1,-1,-1,-1,295,"chemical production, industry",Industrial Chemistry
Science,6,5,5,4,4,6,-1,4,-1,-1,5,-1,-1,-1,-1,-1,-1,-1,-1,-1,-1,-1,251,"climate, weather",Meteorology
Science,5,6,5,5,5,5,-1,2,-1,6,-1,-1,-1,-1,-1,-1,-1,-1,-1,-1,-1,-1,245,"crop management, soil",Agronomy
Art,4,6,6,-1,-1,-1,-1,-1,-1,-1,-1,6,4,6,5,5,-1,6,-1,-1,-1,-1,198,"public policy, leadership",Political Science
Art,2,4,4,-1,-1,-1,-1,-1,-1,-1,-1,4,4,6,6,5,-1,-1,-1,5,-1,-1,210,"travel, customer service",Tourism and Hospitality
Art,3,5,4,-1,-1,-1,-1,-1,-1,-1,-1,5,4,6,5,5,-1,-1,4,-1,-1,-1,174,"editing photos, taking pictures",Photography
Art,2,4,6,-1,-1,-1,-1,-1,-1,-1,-1,5,4,4,6,5,5,-1,-1,-1,-1,-1,176,"creative visuals, taking pictures",Photography
Commercial,5,5,4,-1,-1,-1,-1,-1,-1,-1,-1,6,5,-1,5,-1,-1,-1,-1,-1,4,6,292,"financial analysis, bookkeeping",Accounting
Science,6,4,6,6,5,1,-1,4,-1,-1,-1,-1,-1,-1,-1,-1,-1,-1,-1,-1,-1,-1,244,"apps, development",Software Engineering
Science,6,6,6,4,6,1,4,6,-1,-1,-1,-1,-1,-1,-1,-1,-1,-1,-1,-1,-1,-1,289,"systems, production",Industrial Engineering
Science,4,6,5,5,6,2,4,6,-1,-1,-1,-1,-1,-1,-1,-1,-1,-1,-1,-1,-1,-1,261,"AutoCad, drawing",Architecture
Science,6,4,5,4,6,6,-1,4,4,-1,-1,-1,-1,-1,-1,-1,-1,-1,-1,-1,-1,-1,257,"testing, laboratory",Medical Laboratory Science
Science,4,6,4,2,6,5,-1,4,6,-1,-1,-1,-1,-1,-1,-1,-1,-1,-1,-1,-1,-1,255,"disease prevention, community health",Public Health
Science,4,5,5,6,5,4,-1,4,5,-1,-1,-1,-1,-1,-1,-1,-1,-1,-1,-1,-1,-1,259,"theory, problem solving",Mathematics
Science,6,5,4,5,4,4,-1,6,-1,-1,5,-1,-1,-1,-1,-1,-1,-1,-1,-1,-1,-1,262,"environment, climate",Environmental Science
Science,4,6,5,6,4,4,-1,1,-1,4,-1,-1,-1,-1,-1,-1,-1,-1,-1,-1,-1,-1,287,"seafood production, aquatic life",Fisheries and Aquaculture
Art,4,5,6,-1,-1,-1,-1,-1,-1,-1,-1,4,4,6,5,6,-1,4,-1,-1,-1,-1,182,"politics, diplomacy",International Relations
Art,3,4,5,-1,-1,-1,-1,-1,-1,-1,-1,4,6,5,6,4,-1,-1,-1,5,-1,-1,172,"excavation, ancient civilization",Archaeology
Art,3,5,4,-1,-1,-1,-1,-1,-1,-1,-1,5,5,5,5,6,-1,-1,6,-1,-1,-1,191,"editing photos, creative visuals",Photography
Art,3,6,5,-1,-1,-1,-1,-1,-1,-1,-1,4,6,5,4,6,4,-1,-1,-1,-1,-1,197,"portraits, creative visuals",Photography
Commercial,5,6,5,-1,-1,-1,-1,-1,-1,-1,-1,5,6,-1,5,-1,-1,-1,-1,-1,6,5,283,"task management, planning",Project Management
Science,5,5,5,4,6,3,-1,6,-1,-1,-1,-1,-1,-1,-1,-1,-1,-1,-1,-1,-1,-1,234,"computers, support",Information Technology
Science,5,5,6,4,6,3,6,4,-1,-1,-1,-1,-1,-1,-1,-1,-1,-1,-1,-1,-1,-1,233,"structures, buildings",Civil Engineering
Science,5,6,6,6,6,1,4,4,-1,-1,-1,-1,-1,-1,-1,-1,-1,-1,-1,-1,-1,-1,241,"geographic information system, mapping",Surveying and Geoinformatics
Science,5,6,4,4,5,6,-1,4,5,-1,-1,-1,-1,-1,-1,-1,-1,-1,-1,-1,-1,-1,296,"medication, drugs",Pharmacy
Science,4,6,5,3,6,4,-1,5,5,-1,-1,-1,-1,-1,-1,-1,-1,-1,-1,-1,-1,-1,263,"food, health diet",Nutrition and Dietetics
Science,5,5,5,4,4,5,-1,5,5,-1,-1,-1,-1,-1,-1,-1,-1,-1,-1,-1,-1,-1,243,"biological molecules, lab work",Biochemistry
Science,6,6,6,4,4,6,-1,6,-1,-1,6,-1,-1,-1,-1,-1,-1,-1,-1,-1,-1,-1,288,"marine life, oceans",Marine Science
Science,6,6,6,6,5,5,-1,3,-1,5,-1,-1,-1,-1,-1,-1,-1,-1,-1,-1,-1,-1,318,"fish farming, pond management",Fisheries and Aquaculture
Art,4,6,6,-1,-1,-1,-1,-1,-1,-1,-1,4,6,6,6,5,-1,5,-1,-1,-1,-1,199,"debate, human rights",Law
Art,2,6,4,-1,-1,-1,-1,-1,-1,-1,-1,6,5,4,4,6,-1,-1,-1,4,-1,-1,227,"culture, history preservation",Museum and Heritage Studies
Art,3,4,5,-1,-1,-1,-1,-1,-1,-1,-1,5,5,5,6,6,-1,-1,6,-1,-1,-1,146,"clothing, fashion trends",Fashion Design
Art,1,5,6,-1,-1,-1,-1,-1,-1,-1,-1,4,6,6,5,4,6,-1,-1,-1,-1,-1,209,"textiles, fashion trends",Fashion Design
Commercial,5,4,5,-1,-1,-1,-1,-1,-1,-1,-1,6,4,-1,6,-1,-1,-1,-1,-1,4,4,292,"data modelling, statistics",Actuarial Science
Science,5,5,4,5,6,3,-1,4,-1,-1,-1,-1,-1,-1,-1,-1,-1,-1,-1,-1,-1,-1,246,"systems, business IT",Information Systems
Science,6,6,4,6,6,3,6,4,-1,-1,-1,-1,-1,-1,-1,-1,-1,-1,-1,-1,-1,-1,286,"robots, automation",Mechatronics Engineering
Science,6,6,4,5,5,1,6,4,-1,-1,-1,-1,-1,-1,-1,-1,-1,-1,-1,-1,-1,-1,239,"drawing, design",Architecture
Science,5,6,5,6,6,6,-1,6,5,-1,-1,-1,-1,-1,-1,-1,-1,-1,-1,-1,-1,-1,290,"veterinary care, animals",Veterinary Medicine
Science,6,5,5,2,6,5,-1,4,4,-1,-1,-1,-1,-1,-1,-1,-1,-1,-1,-1,-1,-1,285,"disease prevention, community health",Public Health
Science,6,4,4,4,4,6,-1,6,4,-1,-1,-1,-1,-1,-1,-1,-1,-1,-1,-1,-1,-1,253,"microorganisms, research",Microbiology
Science,4,5,5,4,4,5,-1,5,-1,-1,4,-1,-1,-1,-1,-1,-1,-1,-1,-1,-1,-1,270,"seismology, earth structure",Geophysics
Science,5,5,6,4,6,4,-1,3,-1,4,-1,-1,-1,-1,-1,-1,-1,-1,-1,-1,-1,-1,255,"pond management, seafood production",Fisheries and Aquaculture
Art,6,6,5,-1,-1,-1,-1,-1,-1,-1,-1,4,5,5,6,6,-1,4,-1,-1,-1,-1,226,"human behaviour, emotional wellbeing",Psychology
Art,3,5,5,-1,-1,-1,-1,-1,-1,-1,-1,6,5,6,4,4,-1,-1,-1,4,-1,-1,215,"analysis, research",Research and Policy Analysis
Art,2,6,5,-1,-1,-1,-1,-1,-1,-1,-1,5,4,6,5,6,-1,-1,5,-1,-1,-1,196,"branding, posters",Graphics Design
Art,3,5,6,-1,-1,-1,-1,-1,-1,-1,-1,6,4,6,5,4,4,-1,-1,-1,-1,-1,166,"design, posters",Graphics Design
Commercial,6,5,5,-1,-1,-1,-1,-1,-1,-1,-1,6,5,-1,6,-1,-1,-1,-1,-1,5,4,293,"revenue management, financial compliance",Taxation
Science,6,5,5,6,5,2,-1,5,-1,-1,-1,-1,-1,-1,-1,-1,-1,-1,-1,-1,-1,-1,269,"AI, machine learning",Artificial Intelligence
Science,4,4,6,5,6,3,5,6,-1,-1,-1,-1,-1,-1,-1,-1,-1,-1,-1,-1,-1,-1,279,"systems, robots",Mechatronics Engineering
Science,5,4,6,4,6,2,5,6,-1,-1,-1,-1,-1,-1,-1,-1,-1,-1,-1,-1,-1,-1,258,"project budgeting, construction costs",Quantity Surveying
Science,6,4,6,5,6,5,-1,4,6,-1,-1,-1,-1,-1,-1,-1,-1,-1,-1,-1,-1,-1,265,"therapy, movement",Physiotherapy
Science,4,4,6,1,6,6,-1,4,5,-1,-1,-1,-1,-1,-1,-1,-1,-1,-1,-1,-1,-1,224,"health diet, food",Nutrition and Dietetics
Science,5,4,4,6,6,5,-1,6,6,-1,-1,-1,-1,-1,-1,-1,-1,-1,-1,-1,-1,-1,223,"industry, chemical production",Industrial Chemistry
Science,6,5,6,5,6,5,-1,5,-1,-1,6,-1,-1,-1,-1,-1,-1,-1,-1,-1,-1,-1,245,"climate, environment",Environmental Science
Science,6,6,6,6,4,5,-1,2,-1,4,-1,-1,-1,-1,-1,-1,-1,-1,-1,-1,-1,-1,223,"food production, farming",Agricultural Science
Art,6,5,5,-1,-1,-1,-1,-1,-1,-1,-1,5,5,5,6,5,-1,6,-1,-1,-1,-1,161,"emotional wellbeing, mental health",Psychology
Art,3,5,5,-1,-1,-1,-1,-1,-1,-1,-1,6,6,5,5,5,-1,-1,-1,6,-1,-1,217,"data gathering, research",Research and Policy Analysis
Art,2,4,4,-1,-1,-1,-1,-1,-1,-1,-1,4,4,5,4,4,-1,-1,5,-1,-1,-1,205,"creative editing, visual storytelling",Motion Graphics
Art,1,5,5,-1,-1,-1,-1,-1,-1,-1,-1,5,5,5,4,4,4,-1,-1,-1,-1,-1,180,"animation, visual storytelling",Motion Graphics
Commercial,4,5,6,-1,-1,-1,-1,-1,-1,-1,-1,5,4,-1,6,-1,-1,-1,-1,-1,5,6,245,"inventory management, distribution",Supply Chain Management
Science,6,6,4,5,6,1,-1,6,-1,-1,-1,-1,-1,-1,-1,-1,-1,-1,-1,-1,-1,-1,254,"apps, development",Software Engineering
Science,4,5,4,6,6,2,5,4,-1,-1,-1,-1,-1,-1,-1,-1,-1,-1,-1,-1,-1,-1,246,"engines, mechanics",Mechanical Engineering
Science,6,5,6,5,5,1,5,5,-1,-1,-1,-1,-1,-1,-1,-1,-1,-1,-1,-1,-1,-1,284,"drawing, design",Architecture
Science,4,5,4,4,5,5,-1,5,6,-1,-1,-1,-1,-1,-1,-1,-1,-1,-1,-1,-1,-1,278,"x_ray, medical imaging",Radiography
Science,6,5,6,1,5,5,-1,5,6,-1,-1,-1,-1,-1,-1,-1,-1,-1,-1,-1,-1,-1,264,"health diet, food",Nutrition and Dietetics
Science,6,5,5,5,6,6,-1,4,5,-1,-1,-1,-1,-1,-1,-1,-1,-1,-1,-1,-1,-1,270,"genetics, bioengineering",Biotechnology
Science,4,4,4,5,5,6,-1,6,-1,-1,6,-1,-1,-1,-1,-1,-1,-1,-1,-1,-1,-1,260,"rocks, earth science",Geology
Science,5,6,4,5,5,5,-1,1,-1,5,-1,-1,-1,-1,-1,-1,-1,-1,-1,-1,-1,-1,289,"gardening, fruit production",Horticulture
Art,5,4,5,-1,-1,-1,-1,-1,-1,-1,-1,4,4,4,5,6,-1,4,-1,-1,-1,-1,227,"migration patterns, population studies",Demography
Art,1,6,5,-1,-1,-1,-1,-1,-1,-1,-1,4,6,5,6,6,-1,-1,-1,6,-1,-1,216,"analysis, problem solving",Research and Policy Analysis
Art,2,4,4,-1,-1,-1,-1,-1,-1,-1,-1,5,4,6,6,5,-1,-1,4,-1,-1,-1,209,"clothing, fashion trends",Fashion Design
Art,3,4,6,-1,-1,-1,-1,-1,-1,-1,-1,6,6,6,4,6,6,-1,-1,-1,-1,-1,176,"textiles, drawing outfits",Fashion Design
Commercial,6,6,5,-1,-1,-1,-1,-1,-1,-1,-1,5,6,-1,6,-1,-1,-1,-1,-1,6,4,230,"government finance, revenue management",Taxation
Science,4,4,4,4,4,1,-1,5,-1,-1,-1,-1,-1,-1,-1,-1,-1,-1,-1,-1,-1,-1,227,"security, network protection",Cyber Security
Science,6,5,5,4,4,2,4,5,-1,-1,-1,-1,-1,-1,-1,-1,-1,-1,-1,-1,-1,-1,251,"circuits, power systems",Electrical Engineering
Science,4,6,4,6,6,2,5,5,-1,-1,-1,-1,-1,-1,-1,-1,-1,-1,-1,-1,-1,-1,259,"transport systems, environmental planning",Urban and Regional Planning
Science,5,5,6,6,5,5,-1,6,4,-1,-1,-1,-1,-1,-1,-1,-1,-1,-1,-1,-1,-1,270,"health science, body functions",Physiology
Science,4,6,4,3,4,4,-1,4,4,-1,-1,-1,-1,-1,-1,-1,-1,-1,-1,-1,-1,-1,259,"community health, disease prevention",Public Health
Science,5,4,6,5,5,5,-1,6,4,-1,-1,-1,-1,-1,-1,-1,-1,-1,-1,-1,-1,-1,231,"modeling, computation",Applied Mathematics
Science,6,6,6,4,4,6,-1,4,-1,-1,4,-1,-1,-1,-1,-1,-1,-1,-1,-1,-1,-1,281,"weather, climate",Meteorology
Science,4,5,4,4,6,6,-1,3,-1,5,-1,-1,-1,-1,-1,-1,-1,-1,-1,-1,-1,-1,283,"farm management, agribusiness",Agricultural Economics
Art,5,4,4,-1,-1,-1,-1,-1,-1,-1,-1,5,6,4,5,4,-1,4,-1,-1,-1,-1,203,"social behavior, community development",Sociology
Art,2,5,4,-1,-1,-1,-1,-1,-1,-1,-1,4,5,5,6,4,-1,-1,-1,5,-1,-1,179,"tourism, history preservation",Museum and Heritage Studies
Art,2,4,6,-1,-1,-1,-1,-1,-1,-1,-1,4,6,4,4,6,-1,-1,5,-1,-1,-1,192,"fine arts, crafts",Painting and Sculpture
Art,3,4,5,-1,-1,-1,-1,-1,-1,-1,-1,4,5,4,6,6,5,-1,-1,-1,-1,-1,166,"painting, crafts",Painting and Sculpture
Commercial,4,6,5,-1,-1,-1,-1,-1,-1,-1,-1,6,5,-1,5,-1,-1,-1,-1,-1,5,5,294,"financial protection, risk management",Insurance
Science,5,6,6,4,5,3,-1,5,-1,-1,-1,-1,-1,-1,-1,-1,-1,-1,-1,-1,-1,-1,231,"network protection, hacking",Cyber Security
Science,6,5,5,6,6,3,6,5,-1,-1,-1,-1,-1,-1,-1,-1,-1,-1,-1,-1,-1,-1,272,"health technology, medical devices",Biomedical Engineering
Science,4,5,5,6,6,1,5,5,-1,-1,-1,-1,-1,-1,-1,-1,-1,-1,-1,-1,-1,-1,283,"project budgeting, building estimation",Quantity Surveying
Science,6,4,5,6,6,5,-1,5,5,-1,-1,-1,-1,-1,-1,-1,-1,-1,-1,-1,-1,-1,252,"dental care, teeth",Dentistry
Science,5,4,4,2,5,5,-1,5,5,-1,-1,-1,-1,-1,-1,-1,-1,-1,-1,-1,-1,-1,230,"community health, disease prevention",Public Health
Science,4,4,6,4,4,5,-1,4,6,-1,-1,-1,-1,-1,-1,-1,-1,-1,-1,-1,-1,-1,230,"technology, research",Applied Physics
Science,4,5,4,5,5,6,-1,5,-1,-1,5,-1,-1,-1,-1,-1,-1,-1,-1,-1,-1,-1,233,"rocks, earth science",Geology
Science,4,5,4,6,6,5,-1,2,-1,6,-1,-1,-1,-1,-1,-1,-1,-1,-1,-1,-1,-1,231,"fruit production, flower cultivation",Horticulture
Art,5,5,4,-1,-1,-1,-1,-1,-1,-1,-1,4,4,5,6,5,-1,6,-1,-1,-1,-1,171,"government, public policy",Political Science
Art,1,4,5,-1,-1,-1,-1,-1,-1,-1,-1,6,6,4,6,4,-1,-1,-1,4,-1,-1,176,"historical records, record keeping",Archival Studies
Art,3,6,6,-1,-1,-1,-1,-1,-1,-1,-1,6,5,5,4,5,-1,-1,5,-1,-1,-1,220,"Sketching, digital art",Illustration
Art,1,5,4,-1,-1,-1,-1,-1,-1,-1,-1,6,4,4,6,5,6,-1,-1,-1,-1,-1,192,"Sketching, drawing",Illustration
Commercial,4,5,4,-1,-1,-1,-1,-1,-1,-1,-1,6,6,-1,4,-1,-1,-1,-1,-1,4,4,231,"statistics, insurance mathematics",Actuarial Science
Science,4,4,6,5,5,1,-1,5,-1,-1,-1,-1,-1,-1,-1,-1,-1,-1,-1,-1,-1,-1,216,"machine learning, AI",Artificial Intelligence
Science,6,6,5,4,4,1,5,5,-1,-1,-1,-1,-1,-1,-1,-1,-1,-1,-1,-1,-1,-1,246,"metals, structures",Materials Engineering
Science,4,5,6,4,6,2,6,6,-1,-1,-1,-1,-1,-1,-1,-1,-1,-1,-1,-1,-1,-1,283,"property management, real estate",Estate Management
Science,6,4,6,5,5,6,-1,6,6,-1,-1,-1,-1,-1,-1,-1,-1,-1,-1,-1,-1,-1,309,"therapy, movement",Physiotherapy
Science,5,4,6,1,5,5,-1,4,4,-1,-1,-1,-1,-1,-1,-1,-1,-1,-1,-1,-1,-1,243,"community health, disease prevention",Public Health
Science,4,5,4,5,5,5,-1,5,6,-1,-1,-1,-1,-1,-1,-1,-1,-1,-1,-1,-1,-1,254,"lab work, biological molecules",Biochemistry
Science,5,4,4,6,5,4,-1,5,-1,-1,5,-1,-1,-1,-1,-1,-1,-1,-1,-1,-1,-1,311,"rocks, earth science",Geology
Science,6,5,6,5,6,4,-1,3,-1,5,-1,-1,-1,-1,-1,-1,-1,-1,-1,-1,-1,-1,267,"landscaping, flower cultivation",Horticulture
Art,6,6,4,-1,-1,-1,-1,-1,-1,-1,-1,4,5,5,5,5,-1,6,-1,-1,-1,-1,219,"human behaviour, emotional wellbeing",Psychology
Art,3,5,6,-1,-1,-1,-1,-1,-1,-1,-1,6,5,4,6,5,-1,-1,-1,6,-1,-1,206,"problem solving, data gathering",Research and Policy Analysis
Art,2,5,6,-1,-1,-1,-1,-1,-1,-1,-1,6,6,5,5,5,-1,-1,5,-1,-1,-1,169,"Creative software, art technology",Digital Art
Art,1,6,4,-1,-1,-1,-1,-1,-1,-1,-1,4,5,5,5,4,4,-1,-1,-1,-1,-1,140,"art technology, Creative software",Digital Art
Commercial,4,4,6,-1,-1,-1,-1,-1,-1,-1,-1,5,6,-1,5,-1,-1,-1,-1,-1,5,4,276,"banking, investment",Banking and Finance
Science,5,4,4,4,6,3,-1,4,-1,-1,-1,-1,-1,-1,-1,-1,-1,-1,-1,-1,-1,-1,232,"machine learning, AI",Artificial Intelligence
Science,4,4,5,5,6,2,4,6,-1,-1,-1,-1,-1,-1,-1,-1,-1,-1,-1,-1,-1,-1,288,"electronics, electricity",Electrical Engineering
Science,4,5,4,6,4,3,5,4,-1,-1,-1,-1,-1,-1,-1,-1,-1,-1,-1,-1,-1,-1,254,"building estimation, construction costs",Quantity Surveying
Science,4,4,4,5,5,4,-1,4,4,-1,-1,-1,-1,-1,-1,-1,-1,-1,-1,-1,-1,-1,291,"treatment, medicine",Medicine and Surgery
Science,5,5,5,2,6,5,-1,4,6,-1,-1,-1,-1,-1,-1,-1,-1,-1,-1,-1,-1,-1,230,"community health, disease prevention",Public Health
Science,4,6,6,4,4,6,-1,5,4,-1,-1,-1,-1,-1,-1,-1,-1,-1,-1,-1,-1,-1,261,"life science, nature",Biology
Science,4,4,6,6,6,4,-1,6,-1,-1,5,-1,-1,-1,-1,-1,-1,-1,-1,-1,-1,-1,290,"seismology, earth structure",Geophysics
Science,6,6,4,6,4,6,-1,1,-1,6,-1,-1,-1,-1,-1,-1,-1,-1,-1,-1,-1,-1,263,"wildlife management, forest conservation",Forestry
Art,4,4,5,-1,-1,-1,-1,-1,-1,-1,-1,4,6,4,5,5,-1,6,-1,-1,-1,-1,212,"birth rates, migration patterns",Demography
Art,2,5,4,-1,-1,-1,-1,-1,-1,-1,-1,6,4,4,6,6,-1,-1,-1,6,-1,-1,216,"heritage, culture",Museum and Heritage Studies
Art,3,4,4,-1,-1,-1,-1,-1,-1,-1,-1,4,6,6,5,4,-1,-1,6,-1,-1,-1,192,"art technology, drawing tablets",Digital Art
Art,1,4,5,-1,-1,-1,-1,-1,-1,-1,-1,5,6,5,4,4,5,-1,-1,-1,-1,-1,199,"drawing tablets, digital painting",Digital Art
Commercial,4,5,4,-1,-1,-1,-1,-1,-1,-1,-1,5,4,-1,6,-1,-1,-1,-1,-1,5,6,313,"projects, task management",Project Management
Science,4,5,4,6,5,2,-1,6,-1,-1,-1,-1,-1,-1,-1,-1,-1,-1,-1,-1,-1,-1,260,"business IT, systems",Information Systems
Science,4,5,5,5,6,1,6,5,-1,-1,-1,-1,-1,-1,-1,-1,-1,-1,-1,-1,-1,-1,285,"systems, production",Industrial Engineering
Science,5,4,6,6,6,3,5,4,-1,-1,-1,-1,-1,-1,-1,-1,-1,-1,-1,-1,-1,-1,287,"buildings, drawing",Architecture
Science,6,4,4,4,4,4,-1,6,5,-1,-1,-1,-1,-1,-1,-1,-1,-1,-1,-1,-1,-1,266,"x_ray, medical imaging",Radiography
Science,5,4,6,3,6,4,-1,5,4,-1,-1,-1,-1,-1,-1,-1,-1,-1,-1,-1,-1,-1,226,"community health, disease prevention",Public Health
Science,6,5,5,6,6,5,-1,4,4,-1,-1,-1,-1,-1,-1,-1,-1,-1,-1,-1,-1,-1,229,"bioengineering, genetics",Biotechnology
Science,5,6,6,6,5,6,-1,4,-1,-1,4,-1,-1,-1,-1,-1,-1,-1,-1,-1,-1,-1,229,"rocks, earth science",Geology
Science,5,4,5,5,4,5,-1,3,-1,6,-1,-1,-1,-1,-1,-1,-1,-1,-1,-1,-1,-1,275,"agricultural technology, farming",Agricultural Science
Art,5,5,4,-1,-1,-1,-1,-1,-1,-1,-1,6,4,4,5,5,-1,6,-1,-1,-1,-1,163,"foreign policy, politics",International Relations
Art,3,4,6,-1,-1,-1,-1,-1,-1,-1,-1,5,5,5,6,6,-1,-1,-1,4,-1,-1,181,"tour guiding, customer service",Tourism and Hospitality
Art,3,6,5,-1,-1,-1,-1,-1,-1,-1,-1,5,5,6,5,5,-1,-1,6,-1,-1,-1,160,"portraits, taking pictures",Photography
Art,3,6,4,-1,-1,-1,-1,-1,-1,-1,-1,5,6,6,4,6,4,-1,-1,-1,-1,-1,200,"portraits, editing photos",Photography
Commercial,4,6,5,-1,-1,-1,-1,-1,-1,-1,-1,5,6,-1,6,-1,-1,-1,-1,-1,4,6,274,"office administration, organizational planning",Business Administration
Science,4,4,6,6,6,3,-1,6,-1,-1,-1,-1,-1,-1,-1,-1,-1,-1,-1,-1,-1,-1,248,"communication systems, internet",Network Engineering
Science,6,5,5,5,4,3,4,6,-1,-1,-1,-1,-1,-1,-1,-1,-1,-1,-1,-1,-1,-1,251,"production, systems",Industrial Engineering
Science,6,6,4,6,4,3,4,6,-1,-1,-1,-1,-1,-1,-1,-1,-1,-1,-1,-1,-1,-1,227,"drawing, design",Architecture
Science,5,6,4,6,6,5,-1,4,4,-1,-1,-1,-1,-1,-1,-1,-1,-1,-1,-1,-1,-1,266,"diagnosis, laboratory",Medical Laboratory Science
Science,5,5,5,2,6,6,-1,5,4,-1,-1,-1,-1,-1,-1,-1,-1,-1,-1,-1,-1,-1,246,"health diet, food",Nutrition and Dietetics
Science,5,5,6,6,4,4,-1,6,6,-1,-1,-1,-1,-1,-1,-1,-1,-1,-1,-1,-1,-1,260,"research, microorganisms",Microbiology
Science,5,5,4,6,6,5,-1,4,-1,-1,4,-1,-1,-1,-1,-1,-1,-1,-1,-1,-1,-1,257,"weather, climate",Meteorology
Science,6,5,6,4,5,5,-1,2,-1,6,-1,-1,-1,-1,-1,-1,-1,-1,-1,-1,-1,-1,309,"flower cultivation, fruit production",Horticulture
Art,4,4,4,-1,-1,-1,-1,-1,-1,-1,-1,5,6,5,5,6,-1,4,-1,-1,-1,-1,203,"foreign policy, global affairs",International Relations
Art,3,5,6,-1,-1,-1,-1,-1,-1,-1,-1,4,5,6,4,4,-1,-1,-1,6,-1,-1,187,"travel, culture",Tourism and Hospitality
Art,2,4,5,-1,-1,-1,-1,-1,-1,-1,-1,4,5,4,6,5,-1,-1,4,-1,-1,-1,215,"animation, video effects",Motion Graphics
Art,2,4,5,-1,-1,-1,-1,-1,-1,-1,-1,5,5,6,5,6,6,-1,-1,-1,-1,-1,191,"creative editing, video effects",Motion Graphics
Commercial,4,5,6,-1,-1,-1,-1,-1,-1,-1,-1,5,5,-1,5,-1,-1,-1,-1,-1,6,6,303,"workplace development, recruitment",Human Resource Management
Science,6,5,5,6,4,3,-1,4,-1,-1,-1,-1,-1,-1,-1,-1,-1,-1,-1,-1,-1,-1,262,"automation, AI",Artificial Intelligence
Science,4,6,4,6,4,1,5,5,-1,-1,-1,-1,-1,-1,-1,-1,-1,-1,-1,-1,-1,-1,272,"circuits, electronics",Electrical Engineering
Science,4,4,6,4,5,3,6,4,-1,-1,-1,-1,-1,-1,-1,-1,-1,-1,-1,-1,-1,-1,288,"geographic information system, land measurement",Surveying and Geoinformatics
Science,5,5,5,6,4,4,-1,5,6,-1,-1,-1,-1,-1,-1,-1,-1,-1,-1,-1,-1,-1,278,"treatment, cancer",Oncology
Science,5,5,6,1,6,5,-1,6,5,-1,-1,-1,-1,-1,-1,-1,-1,-1,-1,-1,-1,-1,221,"health diet, food",Nutrition and Dietetics
Science,5,4,5,4,5,6,-1,5,6,-1,-1,-1,-1,-1,-1,-1,-1,-1,-1,-1,-1,-1,260,"genetics, bioengineering",Biotechnology
Science,4,6,5,5,4,4,-1,5,-1,-1,4,-1,-1,-1,-1,-1,-1,-1,-1,-1,-1,-1,299,"oceans, marine life",Marine Science
Science,4,4,6,6,5,6,-1,2,-1,4,-1,-1,-1,-1,-1,-1,-1,-1,-1,-1,-1,-1,285,"wildlife management, environmental protection",Forestry
Art,5,5,6,-1,-1,-1,-1,-1,-1,-1,-1,5,6,5,6,4,-1,6,-1,-1,-1,-1,206,"communication, media",Journalism and Media Studies
Art,1,6,4,-1,-1,-1,-1,-1,-1,-1,-1,4,4,4,5,6,-1,-1,-1,6,-1,-1,232,"tour guiding, travel",Tourism and Hospitality
Art,1,4,4,-1,-1,-1,-1,-1,-1,-1,-1,4,6,4,6,4,-1,-1,6,-1,-1,-1,213,"storytelling, 3d animation",Animation
Art,3,5,5,-1,-1,-1,-1,-1,-1,-1,-1,5,4,4,5,4,5,-1,-1,-1,-1,-1,145,"storytelling, cartoons",Animation
Commercial,6,6,6,-1,-1,-1,-1,-1,-1,-1,-1,5,6,-1,4,-1,-1,-1,-1,-1,5,5,262,"consumer behavior, branding",Marketing
Science,4,4,5,6,4,3,-1,4,-1,-1,-1,-1,-1,-1,-1,-1,-1,-1,-1,-1,-1,-1,244,"hardware, software integration",Computer Engineering
Science,5,6,5,6,5,2,6,6,-1,-1,-1,-1,-1,-1,-1,-1,-1,-1,-1,-1,-1,-1,235,"construction, structures",Civil Engineering
Science,4,6,4,4,4,2,5,6,-1,-1,-1,-1,-1,-1,-1,-1,-1,-1,-1,-1,-1,-1,287,"property management, land valuation",Estate Management
Science,5,5,6,4,5,5,-1,4,5,-1,-1,-1,-1,-1,-1,-1,-1,-1,-1,-1,-1,-1,287,"cancer, treatment",Oncology
Science,6,4,5,3,6,6,-1,5,5,-1,-1,-1,-1,-1,-1,-1,-1,-1,-1,-1,-1,-1,273,"community health, disease prevention",Public Health
Science,4,6,6,4,5,6,-1,5,4,-1,-1,-1,-1,-1,-1,-1,-1,-1,-1,-1,-1,-1,284,"industry, chemical production",Industrial Chemistry
Science,5,6,4,6,6,4,-1,4,-1,-1,6,-1,-1,-1,-1,-1,-1,-1,-1,-1,-1,-1,291,"seismology, earth structure",Geophysics
Science,6,5,6,5,6,4,-1,3,-1,5,-1,-1,-1,-1,-1,-1,-1,-1,-1,-1,-1,-1,241,"farm management, market analysis",Agricultural Economics
Art,5,5,4,-1,-1,-1,-1,-1,-1,-1,-1,6,5,6,6,5,-1,4,-1,-1,-1,-1,201,"administration, leadership",Public Administration
Art,2,4,4,-1,-1,-1,-1,-1,-1,-1,-1,6,5,6,4,5,-1,-1,-1,4,-1,-1,230,"tourism, heritage",Museum and Heritage Studies
Art,1,5,5,-1,-1,-1,-1,-1,-1,-1,-1,4,6,4,6,6,-1,-1,5,-1,-1,-1,209,"textiles, fashion trends",Fashion Design
Art,1,6,5,-1,-1,-1,-1,-1,-1,-1,-1,6,4,6,4,5,6,-1,-1,-1,-1,-1,198,"fashion trends, textiles",Fashion Design
Commercial,6,5,6,-1,-1,-1,-1,-1,-1,-1,-1,4,5,-1,5,-1,-1,-1,-1,-1,4,6,312,"consumer behavior, branding",Marketing
Science,6,5,6,5,5,3,-1,6,-1,-1,-1,-1,-1,-1,-1,-1,-1,-1,-1,-1,-1,-1,276,"software, programming",Computer Science
Science,6,5,5,4,4,3,4,5,-1,-1,-1,-1,-1,-1,-1,-1,-1,-1,-1,-1,-1,-1,258,"robots, systems",Mechatronics Engineering
Science,5,5,4,4,5,2,5,4,-1,-1,-1,-1,-1,-1,-1,-1,-1,-1,-1,-1,-1,-1,223,"environmental planning, city development",Urban and Regional Planning
Science,6,4,6,6,4,5,-1,5,5,-1,-1,-1,-1,-1,-1,-1,-1,-1,-1,-1,-1,-1,304,"health science, body functions",Physiology
Science,5,4,6,3,4,5,-1,5,4,-1,-1,-1,-1,-1,-1,-1,-1,-1,-1,-1,-1,-1,288,"food, health diet",Nutrition and Dietetics
Science,5,4,4,6,4,5,-1,5,6,-1,-1,-1,-1,-1,-1,-1,-1,-1,-1,-1,-1,-1,232,"industry, chemical production",Industrial Chemistry
Science,5,5,4,5,4,4,-1,5,-1,-1,6,-1,-1,-1,-1,-1,-1,-1,-1,-1,-1,-1,241,"marine life, oceans",Marine Science
Science,5,5,5,4,4,6,-1,2,-1,5,-1,-1,-1,-1,-1,-1,-1,-1,-1,-1,-1,-1,261,"fish farming, pond management",Fisheries and Aquaculture
Art,6,6,5,-1,-1,-1,-1,-1,-1,-1,-1,4,4,4,4,5,-1,5,-1,-1,-1,-1,220,"leadership, government",Political Science
Art,3,4,4,-1,-1,-1,-1,-1,-1,-1,-1,6,4,5,5,6,-1,-1,-1,5,-1,-1,183,"research, excavation",Archaeology
Art,2,6,6,-1,-1,-1,-1,-1,-1,-1,-1,5,6,6,5,5,-1,-1,6,-1,-1,-1,154,"home aesthetics, space planning",Interior Design
Art,2,4,6,-1,-1,-1,-1,-1,-1,-1,-1,6,6,4,5,5,5,-1,-1,-1,-1,-1,181,"room decoration, home aesthetics",Interior Design
Commercial,6,4,4,-1,-1,-1,-1,-1,-1,-1,-1,5,6,-1,4,-1,-1,-1,-1,-1,5,6,253,"money management, investment",Banking and Finance
Science,4,6,6,4,4,2,-1,4,-1,-1,-1,-1,-1,-1,-1,-1,-1,-1,-1,-1,-1,-1,276,"networks, internet",Network Engineering
Science,5,4,4,5,6,2,4,6,-1,-1,-1,-1,-1,-1,-1,-1,-1,-1,-1,-1,-1,-1,287,"circuits, devices",Electronic Engineering
Science,5,6,4,5,4,2,4,4,-1,-1,-1,-1,-1,-1,-1,-1,-1,-1,-1,-1,-1,-1,277,"city development, community planning",Urban and Regional Planning
Science,4,5,6,4,4,6,-1,5,4,-1,-1,-1,-1,-1,-1,-1,-1,-1,-1,-1,-1,-1,260,"health science, body functions",Physiology
Science,6,6,6,2,4,5,-1,4,6,-1,-1,-1,-1,-1,-1,-1,-1,-1,-1,-1,-1,-1,242,"community health, disease prevention",Public Health
Science,4,6,5,4,5,6,-1,4,5,-1,-1,-1,-1,-1,-1,-1,-1,-1,-1,-1,-1,-1,313,"motion, energy",Physics
Science,4,5,5,6,4,5,-1,5,-1,-1,4,-1,-1,-1,-1,-1,-1,-1,-1,-1,-1,-1,310,"environment, climate",Environmental Science
Science,4,5,4,5,5,4,-1,3,-1,6,-1,-1,-1,-1,-1,-1,-1,-1,-1,-1,-1,-1,277,"soil testing, land management",Soil Science
Art,6,5,6,-1,-1,-1,-1,-1,-1,-1,-1,5,5,5,6,6,-1,6,-1,-1,-1,-1,219,"birth rates, migration patterns",Demography
Art,2,5,6,-1,-1,-1,-1,-1,-1,-1,-1,6,5,4,5,4,-1,-1,-1,5,-1,-1,177,"culture, customer service",Tourism and Hospitality
Art,2,5,4,-1,-1,-1,-1,-1,-1,-1,-1,4,4,4,5,6,-1,-1,5,-1,-1,-1,158,"creative editing, video effects",Motion Graphics
Art,1,6,4,-1,-1,-1,-1,-1,-1,-1,-1,5,4,4,4,5,6,-1,-1,-1,-1,-1,169,"visual storytelling, animation",Motion Graphics
Commercial,5,4,5,-1,-1,-1,-1,-1,-1,-1,-1,6,6,-1,6,-1,-1,-1,-1,-1,5,5,322,"insurance mathematics, risk analysis",Actuarial Science
Science,4,4,6,4,5,2,-1,6,-1,-1,-1,-1,-1,-1,-1,-1,-1,-1,-1,-1,-1,-1,266,"networks, communication systems",Network Engineering
Science,4,6,6,6,6,3,6,5,-1,-1,-1,-1,-1,-1,-1,-1,-1,-1,-1,-1,-1,-1,232,"automation, systems",Mechatronics Engineering
Science,4,5,5,6,5,2,5,6,-1,-1,-1,-1,-1,-1,-1,-1,-1,-1,-1,-1,-1,-1,248,"spatial data, geographic information system",Surveying and Geoinformatics
Science,5,6,5,5,5,5,-1,5,4,-1,-1,-1,-1,-1,-1,-1,-1,-1,-1,-1,-1,-1,314,"imaging, diagnosis",Radiology
Science,5,5,4,3,5,4,-1,4,4,-1,-1,-1,-1,-1,-1,-1,-1,-1,-1,-1,-1,-1,252,"community health, disease prevention",Public Health
Science,4,4,6,6,6,5,-1,4,6,-1,-1,-1,-1,-1,-1,-1,-1,-1,-1,-1,-1,-1,320,"microorganisms, research",Microbiology
Science,5,5,6,4,4,5,-1,6,-1,-1,6,-1,-1,-1,-1,-1,-1,-1,-1,-1,-1,-1,308,"environment, climate",Environmental Science
Science,6,4,5,4,4,6,-1,3,-1,5,-1,-1,-1,-1,-1,-1,-1,-1,-1,-1,-1,-1,256,"aquatic life, pond management",Fisheries and Aquaculture
Art,4,4,6,-1,-1,-1,-1,-1,-1,-1,-1,6,6,6,4,5,-1,4,-1,-1,-1,-1,176,"media, communication",Journalism and Media Studies
Art,3,6,4,-1,-1,-1,-1,-1,-1,-1,-1,4,5,5,5,6,-1,-1,-1,6,-1,-1,184,"culture, heritage",Museum and Heritage Studies
Art,3,6,5,-1,-1,-1,-1,-1,-1,-1,-1,6,5,6,4,6,-1,-1,5,-1,-1,-1,214,"taking pictures, editing photos",Photography
Art,3,5,6,-1,-1,-1,-1,-1,-1,-1,-1,5,5,5,4,6,5,-1,-1,-1,-1,-1,167,"portraits, editing photos",Photography
Commercial,4,5,5,-1,-1,-1,-1,-1,-1,-1,-1,4,5,-1,5,-1,-1,-1,-1,-1,5,5,238,"sales strategies, branding",Marketing
Science,6,5,4,4,6,3,-1,4,-1,-1,-1,-1,-1,-1,-1,-1,-1,-1,-1,-1,-1,-1,260,"automation, machine learning",Artificial Intelligence
Science,5,4,5,4,4,3,6,5,-1,-1,-1,-1,-1,-1,-1,-1,-1,-1,-1,-1,-1,-1,256,"buildings, structures",Civil Engineering
Science,4,5,5,6,5,1,4,4,-1,-1,-1,-1,-1,-1,-1,-1,-1,-1,-1,-1,-1,-1,238,"land measurement, geographic information system",Surveying and Geoinformatics
Science,4,6,4,4,6,5,-1,6,6,-1,-1,-1,-1,-1,-1,-1,-1,-1,-1,-1,-1,-1,255,"drugs, medication",Pharmacy
Science,5,5,4,3,6,4,-1,4,6,-1,-1,-1,-1,-1,-1,-1,-1,-1,-1,-1,-1,-1,239,"health diet, food",Nutrition and Dietetics
Science,6,4,4,6,6,4,-1,6,4,-1,-1,-1,-1,-1,-1,-1,-1,-1,-1,-1,-1,-1,243,"modeling, computation",Applied Mathematics
Science,5,4,5,5,4,6,-1,6,-1,-1,6,-1,-1,-1,-1,-1,-1,-1,-1,-1,-1,-1,257,"weather, climate",Meteorology
Science,5,6,5,6,5,5,-1,3,-1,6,-1,-1,-1,-1,-1,-1,-1,-1,-1,-1,-1,-1,290,"pond management, aquatic life",Fisheries and Aquaculture
Art,4,6,5,-1,-1,-1,-1,-1,-1,-1,-1,4,5,5,4,6,-1,5,-1,-1,-1,-1,226,"migration patterns, population studies",Demography
Art,3,5,4,-1,-1,-1,-1,-1,-1,-1,-1,6,4,4,4,4,-1,-1,-1,4,-1,-1,216,"customer service, tour guiding",Tourism and Hospitality
Art,1,4,6,-1,-1,-1,-1,-1,-1,-1,-1,5,6,5,5,6,-1,-1,4,-1,-1,-1,152,"design, posters",Graphics Design
Art,3,5,6,-1,-1,-1,-1,-1,-1,-1,-1,6,5,4,6,4,6,-1,-1,-1,-1,-1,160,"creativity, posters",Graphics Design
Commercial,5,4,4,-1,-1,-1,-1,-1,-1,-1,-1,4,6,-1,5,-1,-1,-1,-1,-1,4,5,245,"distribution, inventory management",Supply Chain Management
Science,6,5,4,4,4,3,-1,6,-1,-1,-1,-1,-1,-1,-1,-1,-1,-1,-1,-1,-1,-1,234,"software integration, hardware",Computer Engineering
Science,5,4,5,6,6,3,4,6,-1,-1,-1,-1,-1,-1,-1,-1,-1,-1,-1,-1,-1,-1,257,"engines, vehicles",Automotive Engineering
Science,5,6,5,6,6,1,6,6,-1,-1,-1,-1,-1,-1,-1,-1,-1,-1,-1,-1,-1,-1,230,"spatial data, mapping",Surveying and Geoinformatics
Science,5,6,6,6,4,4,-1,5,4,-1,-1,-1,-1,-1,-1,-1,-1,-1,-1,-1,-1,-1,305,"medical science, human body",Anatomy
Science,4,5,4,3,4,5,-1,4,5,-1,-1,-1,-1,-1,-1,-1,-1,-1,-1,-1,-1,-1,255,"disease prevention, community health",Public Health
Science,4,4,5,5,5,6,-1,5,6,-1,-1,-1,-1,-1,-1,-1,-1,-1,-1,-1,-1,-1,233,"technology, research",Applied Physics
Science,5,6,5,5,4,5,-1,4,-1,-1,4,-1,-1,-1,-1,-1,-1,-1,-1,-1,-1,-1,288,"climate, weather",Meteorology
Science,4,6,6,5,6,4,-1,1,-1,6,-1,-1,-1,-1,-1,-1,-1,-1,-1,-1,-1,-1,241,"crops, farming",Agronomy
Art,4,4,4,-1,-1,-1,-1,-1,-1,-1,-1,6,4,5,4,6,-1,5,-1,-1,-1,-1,189,"social justice, community service",Human Rights and Advocacy
Art,1,6,6,-1,-1,-1,-1,-1,-1,-1,-1,5,4,5,6,5,-1,-1,-1,6,-1,-1,192,"culture, travel",Tourism and Hospitality
Art,3,6,4,-1,-1,-1,-1,-1,-1,-1,-1,5,4,4,6,4,-1,-1,6,-1,-1,-1,180,"crafts, fine arts",Painting and Sculpture
Art,3,5,6,-1,-1,-1,-1,-1,-1,-1,-1,5,5,5,4,4,6,-1,-1,-1,-1,-1,215,"sculpting, crafts",Painting and Sculpture
Commercial,5,6,4,-1,-1,-1,-1,-1,-1,-1,-1,4,6,-1,6,-1,-1,-1,-1,-1,5,6,260,"planning, projects",Project Management
Science,6,5,4,6,5,1,-1,4,-1,-1,-1,-1,-1,-1,-1,-1,-1,-1,-1,-1,-1,-1,235,"machine learning, automation",Artificial Intelligence
Science,4,5,6,4,4,2,5,6,-1,-1,-1,-1,-1,-1,-1,-1,-1,-1,-1,-1,-1,-1,257,"circuits, electronics",Electronic Engineering
Science,5,6,4,4,5,2,4,5,-1,-1,-1,-1,-1,-1,-1,-1,-1,-1,-1,-1,-1,-1,273,"real estate, land valuation",Estate Management
Science,4,6,6,5,5,5,-1,5,4,-1,-1,-1,-1,-1,-1,-1,-1,-1,-1,-1,-1,-1,300,"health science, body functions",Physiology
Science,4,4,5,2,6,5,-1,5,4,-1,-1,-1,-1,-1,-1,-1,-1,-1,-1,-1,-1,-1,250,"health diet, food",Nutrition and Dietetics
Science,5,4,6,5,6,5,-1,6,4,-1,-1,-1,-1,-1,-1,-1,-1,-1,-1,-1,-1,-1,259,"chemical production, industry",Industrial Chemistry
Science,6,6,5,4,6,4,-1,6,-1,-1,5,-1,-1,-1,-1,-1,-1,-1,-1,-1,-1,-1,320,"earth structure, seismology",Geophysics
Science,5,6,5,6,5,6,-1,2,-1,4,-1,-1,-1,-1,-1,-1,-1,-1,-1,-1,-1,-1,224,"seafood production, fish farming",Fisheries and Aquaculture
Art,6,4,5,-1,-1,-1,-1,-1,-1,-1,-1,6,4,6,6,5,-1,6,-1,-1,-1,-1,211,"cultural studies, community development",Sociology
Art,1,5,4,-1,-1,-1,-1,-1,-1,-1,-1,4,5,6,5,4,-1,-1,-1,5,-1,-1,211,"ancient civilization, research",Archaeology
Art,3,6,6,-1,-1,-1,-1,-1,-1,-1,-1,4,6,5,6,4,-1,-1,5,-1,-1,-1,209,"fashion trends, clothing",Fashion Design
Art,2,6,6,-1,-1,-1,-1,-1,-1,-1,-1,5,4,5,4,5,6,-1,-1,-1,-1,-1,148,"textiles, fashion trends",Fashion Design
Commercial,4,5,5,-1,-1,-1,-1,-1,-1,-1,-1,5,5,-1,5,-1,-1,-1,-1,-1,5,5,320,"inventory management, distribution",Supply Chain Management
Science,6,5,6,4,4,1,-1,6,-1,-1,-1,-1,-1,-1,-1,-1,-1,-1,-1,-1,-1,-1,229,"network protection, hacking",Cyber Security
Science,4,5,5,4,5,3,4,6,-1,-1,-1,-1,-1,-1,-1,-1,-1,-1,-1,-1,-1,-1,256,"systems, production",Industrial Engineering
Science,5,6,6,4,6,2,6,6,-1,-1,-1,-1,-1,-1,-1,-1,-1,-1,-1,-1,-1,-1,275,"AutoCad, design",Architecture
Science,5,6,5,4,6,4,-1,6,6,-1,-1,-1,-1,-1,-1,-1,-1,-1,-1,-1,-1,-1,251,"rehabilitation, therapy",Physiotherapy
Science,5,5,4,2,6,5,-1,4,6,-1,-1,-1,-1,-1,-1,-1,-1,-1,-1,-1,-1,-1,272,"health diet, food",Nutrition and Dietetics
Science,4,5,6,4,5,5,-1,6,4,-1,-1,-1,-1,-1,-1,-1,-1,-1,-1,-1,-1,-1,315,"genetics, bioengineering",Biotechnology
Science,5,6,5,6,5,5,-1,6,-1,-1,5,-1,-1,-1,-1,-1,-1,-1,-1,-1,-1,-1,271,"rocks, earth science",Geology
Science,5,4,4,5,4,5,-1,3,-1,4,-1,-1,-1,-1,-1,-1,-1,-1,-1,-1,-1,-1,300,"crops, soil",Agronomy
Art,5,6,6,-1,-1,-1,-1,-1,-1,-1,-1,5,4,6,6,6,-1,6,-1,-1,-1,-1,178,"communication, news reporting",Journalism and Media Studies
Art,1,5,6,-1,-1,-1,-1,-1,-1,-1,-1,5,6,4,5,5,-1,-1,-1,5,-1,-1,202,"tourism, history preservation",Museum and Heritage Studies
Art,3,5,5,-1,-1,-1,-1,-1,-1,-1,-1,5,6,4,5,4,-1,-1,5,-1,-1,-1,216,"user interface, mobile apps",UI/UX Design
Art,2,4,4,-1,-1,-1,-1,-1,-1,-1,-1,4,5,4,5,5,6,-1,-1,-1,-1,-1,219,"user experience, user interface",UI/UX Design
Commercial,5,4,4,-1,-1,-1,-1,-1,-1,-1,-1,6,4,-1,5,-1,-1,-1,-1,-1,6,6,259,"logistics, distribution",Supply Chain Management
Science,6,5,6,4,5,2,-1,4,-1,-1,-1,-1,-1,-1,-1,-1,-1,-1,-1,-1,-1,-1,241,"AI, machine learning",Artificial Intelligence
Science,6,5,4,4,4,2,4,6,-1,-1,-1,-1,-1,-1,-1,-1,-1,-1,-1,-1,-1,-1,268,"aircraft, flight",Aerospace Engineering
Science,5,5,5,5,4,1,6,6,-1,-1,-1,-1,-1,-1,-1,-1,-1,-1,-1,-1,-1,-1,238,"community planning, transport systems",Urban and Regional Planning
Science,4,4,5,6,6,4,-1,6,5,-1,-1,-1,-1,-1,-1,-1,-1,-1,-1,-1,-1,-1,301,"medical science, human body",Anatomy
Science,4,5,6,2,4,6,-1,5,5,-1,-1,-1,-1,-1,-1,-1,-1,-1,-1,-1,-1,-1,256,"community health, disease prevention",Public Health
Science,6,5,6,4,4,4,-1,5,5,-1,-1,-1,-1,-1,-1,-1,-1,-1,-1,-1,-1,-1,277,"research, technology",Applied Physics
Science,4,6,5,5,4,5,-1,5,-1,-1,5,-1,-1,-1,-1,-1,-1,-1,-1,-1,-1,-1,233,"earth science, rocks",Geology
Science,5,5,5,5,6,4,-1,1,-1,4,-1,-1,-1,-1,-1,-1,-1,-1,-1,-1,-1,-1,246,"aquatic life, seafood production",Fisheries and Aquaculture
Art,4,4,6,-1,-1,-1,-1,-1,-1,-1,-1,5,5,4,6,4,-1,6,-1,-1,-1,-1,227,"policy making, leadership",Public Administration
Art,3,5,4,-1,-1,-1,-1,-1,-1,-1,-1,5,4,5,6,6,-1,-1,-1,6,-1,-1,238,"culture, history preservation",Museum and Heritage Studies
Art,1,6,6,-1,-1,-1,-1,-1,-1,-1,-1,4,5,4,6,4,-1,-1,6,-1,-1,-1,218,"motion graphics, cartoons",Animation
Art,1,4,5,-1,-1,-1,-1,-1,-1,-1,-1,5,6,5,5,5,6,-1,-1,-1,-1,-1,199,"motion graphics, cartoons",Animation
Commercial,6,5,6,-1,-1,-1,-1,-1,-1,-1,-1,5,5,-1,5,-1,-1,-1,-1,-1,4,6,273,"government finance, financial compliance",Taxation
Science,5,5,4,5,4,1,-1,4,-1,-1,-1,-1,-1,-1,-1,-1,-1,-1,-1,-1,-1,-1,275,"communication systems, networks",Network Engineering
Science,6,4,4,4,5,3,6,4,-1,-1,-1,-1,-1,-1,-1,-1,-1,-1,-1,-1,-1,-1,276,"health technology, medical devices",Biomedical Engineering
Science,4,5,4,6,4,1,4,5,-1,-1,-1,-1,-1,-1,-1,-1,-1,-1,-1,-1,-1,-1,271,"city development, community planning",Urban and Regional Planning
Science,6,4,4,5,6,4,-1,6,4,-1,-1,-1,-1,-1,-1,-1,-1,-1,-1,-1,-1,-1,291,"diagnosis, imaging",Radiology
Science,6,6,4,2,6,6,-1,5,4,-1,-1,-1,-1,-1,-1,-1,-1,-1,-1,-1,-1,-1,295,"disease prevention, community health",Public Health
Science,5,4,4,4,4,5,-1,4,4,-1,-1,-1,-1,-1,-1,-1,-1,-1,-1,-1,-1,-1,265,"problem solving, logic",Mathematics
Science,4,5,6,6,4,6,-1,5,-1,-1,5,-1,-1,-1,-1,-1,-1,-1,-1,-1,-1,-1,231,"weather, climate",Meteorology
Science,6,4,4,5,6,4,-1,1,-1,4,-1,-1,-1,-1,-1,-1,-1,-1,-1,-1,-1,-1,234,"soil testing, land management",Soil Science
Art,6,6,4,-1,-1,-1,-1,-1,-1,-1,-1,4,6,6,5,6,-1,5,-1,-1,-1,-1,175,"politics, leadership",Political Science
Art,1,4,4,-1,-1,-1,-1,-1,-1,-1,-1,4,6,6,6,6,-1,-1,-1,5,-1,-1,209,"excavation, ancient civilization",Archaeology
Art,2,4,4,-1,-1,-1,-1,-1,-1,-1,-1,6,6,5,6,4,-1,-1,6,-1,-1,-1,160,"creative editing, animation",Motion Graphics
Art,2,6,4,-1,-1,-1,-1,-1,-1,-1,-1,5,5,5,6,4,4,-1,-1,-1,-1,-1,205,"creative editing, animation",Motion Graphics
Commercial,6,5,6,-1,-1,-1,-1,-1,-1,-1,-1,5,4,-1,6,-1,-1,-1,-1,-1,6,4,263,"office administration, business management",Business Administration
Science,5,6,4,4,6,2,-1,4,-1,-1,-1,-1,-1,-1,-1,-1,-1,-1,-1,-1,-1,-1,244,"security, network protection",Cyber Security
Science,5,6,6,6,5,2,6,5,-1,-1,-1,-1,-1,-1,-1,-1,-1,-1,-1,-1,-1,-1,251,"circuits, electricity",Electrical Engineering
Science,6,6,6,5,5,3,5,4,-1,-1,-1,-1,-1,-1,-1,-1,-1,-1,-1,-1,-1,-1,222,"buildings, AutoCad",Architecture
Science,4,4,5,4,4,6,-1,4,6,-1,-1,-1,-1,-1,-1,-1,-1,-1,-1,-1,-1,-1,312,"cancer, treatment",Oncology
Science,5,5,6,1,6,5,-1,6,6,-1,-1,-1,-1,-1,-1,-1,-1,-1,-1,-1,-1,-1,267,"food, health diet",Nutrition and Dietetics
Science,6,5,4,4,4,5,-1,5,6,-1,-1,-1,-1,-1,-1,-1,-1,-1,-1,-1,-1,-1,237,"computation, modeling",Applied Mathematics
Science,4,5,5,6,5,5,-1,5,-1,-1,5,-1,-1,-1,-1,-1,-1,-1,-1,-1,-1,-1,235,"earth science, rocks",Geology
Science,6,5,5,5,5,6,-1,2,-1,6,-1,-1,-1,-1,-1,-1,-1,-1,-1,-1,-1,-1,293,"food production, agricultural technology",Agricultural Science
Art,6,5,4,-1,-1,-1,-1,-1,-1,-1,-1,6,5,6,6,5,-1,6,-1,-1,-1,-1,208,"population studies, migration patterns",Demography
Art,2,4,4,-1,-1,-1,-1,-1,-1,-1,-1,5,4,4,6,5,-1,-1,-1,4,-1,-1,192,"tourism, heritage",Museum and Heritage Studies
Art,1,5,4,-1,-1,-1,-1,-1,-1,-1,-1,4,4,5,4,4,-1,-1,5,-1,-1,-1,162,"art technology, Creative software",Digital Art
Art,2,4,6,-1,-1,-1,-1,-1,-1,-1,-1,4,6,6,5,4,6,-1,-1,-1,-1,-1,213,"art technology, digital painting",Digital Art
Commercial,6,6,6,-1,-1,-1,-1,-1,-1,-1,-1,5,5,-1,5,-1,-1,-1,-1,-1,4,4,331,"financial markets, investment",Banking and Finance
Science,4,5,5,6,6,3,-1,5,-1,-1,-1,-1,-1,-1,-1,-1,-1,-1,-1,-1,-1,-1,238,"coding, software",Computer Science
Science,5,4,6,6,6,3,5,6,-1,-1,-1,-1,-1,-1,-1,-1,-1,-1,-1,-1,-1,-1,287,"power systems, circuits",Electrical Engineering
Science,5,6,6,5,4,2,6,6,-1,-1,-1,-1,-1,-1,-1,-1,-1,-1,-1,-1,-1,-1,274,"geographic information system, spatial data",Surveying and Geoinformatics
Science,5,4,6,6,5,4,-1,5,5,-1,-1,-1,-1,-1,-1,-1,-1,-1,-1,-1,-1,-1,265,"medication, laboratory",Pharmacy
Science,4,5,5,1,4,6,-1,5,4,-1,-1,-1,-1,-1,-1,-1,-1,-1,-1,-1,-1,-1,228,"community health, disease prevention",Public Health
Science,6,6,4,5,4,5,-1,5,4,-1,-1,-1,-1,-1,-1,-1,-1,-1,-1,-1,-1,-1,263,"motion, energy",Physics
Science,6,5,6,6,6,6,-1,6,-1,-1,4,-1,-1,-1,-1,-1,-1,-1,-1,-1,-1,-1,292,"oceans, marine life",Marine Science
Science,6,5,5,5,5,6,-1,3,-1,6,-1,-1,-1,-1,-1,-1,-1,-1,-1,-1,-1,-1,270,"plant breeding, plants",Crop Science
Art,5,5,6,-1,-1,-1,-1,-1,-1,-1,-1,6,4,5,4,6,-1,6,-1,-1,-1,-1,171,"law enforcement, criminal justice",Criminology
Art,2,6,4,-1,-1,-1,-1,-1,-1,-1,-1,6,6,5,6,4,-1,-1,-1,4,-1,-1,186,"culture, tour guiding",Tourism and Hospitality
Art,1,4,4,-1,-1,-1,-1,-1,-1,-1,-1,6,6,6,4,5,-1,-1,5,-1,-1,-1,151,"cartoons, storytelling",Animation
Art,1,6,4,-1,-1,-1,-1,-1,-1,-1,-1,6,5,5,6,6,6,-1,-1,-1,-1,-1,143,"storytelling, 3d animation",Animation
Commercial,4,4,6,-1,-1,-1,-1,-1,-1,-1,-1,4,6,-1,4,-1,-1,-1,-1,-1,6,6,287,"financial protection, claims processing",Insurance
Science,5,4,6,6,6,3,-1,6,-1,-1,-1,-1,-1,-1,-1,-1,-1,-1,-1,-1,-1,-1,234,"business IT, systems",Information Systems
Science,4,4,4,4,5,2,4,5,-1,-1,-1,-1,-1,-1,-1,-1,-1,-1,-1,-1,-1,-1,249,"buildings, structures",Civil Engineering
Science,4,5,6,4,6,1,4,5,-1,-1,-1,-1,-1,-1,-1,-1,-1,-1,-1,-1,-1,-1,225,"buildings, drawing",Architecture
Science,4,5,6,5,4,5,-1,4,4,-1,-1,-1,-1,-1,-1,-1,-1,-1,-1,-1,-1,-1,280,"rehabilitation, movement",Physiotherapy
Science,6,5,5,1,4,5,-1,4,6,-1,-1,-1,-1,-1,-1,-1,-1,-1,-1,-1,-1,-1,233,"health diet, food",Nutrition and Dietetics
Science,4,6,5,5,5,4,-1,4,5,-1,-1,-1,-1,-1,-1,-1,-1,-1,-1,-1,-1,-1,225,"research, technology",Applied Physics
Science,5,6,4,6,6,4,-1,6,-1,-1,5,-1,-1,-1,-1,-1,-1,-1,-1,-1,-1,-1,223,"seismology, earth structure",Geophysics
Science,6,4,5,6,6,5,-1,2,-1,5,-1,-1,-1,-1,-1,-1,-1,-1,-1,-1,-1,-1,225,"rural advisory services, community outreach",Agricultural Extension
Art,4,5,4,-1,-1,-1,-1,-1,-1,-1,-1,5,6,4,4,4,-1,5,-1,-1,-1,-1,196,"cultural studies, community development",Sociology
Art,1,6,4,-1,-1,-1,-1,-1,-1,-1,-1,5,4,4,5,4,-1,-1,-1,4,-1,-1,189,"historical artifacts, ancient civilization",Archaeology
Art,3,6,6,-1,-1,-1,-1,-1,-1,-1,-1,5,4,4,5,6,-1,-1,4,-1,-1,-1,193,"Creative software, digital painting",Digital Art
Art,1,6,6,-1,-1,-1,-1,-1,-1,-1,-1,6,4,5,6,6,4,-1,-1,-1,-1,-1,155,"digital painting, art technology",Digital Art
Commercial,6,4,6,-1,-1,-1,-1,-1,-1,-1,-1,5,5,-1,5,-1,-1,-1,-1,-1,4,6,244,"claims processing, financial protection",Insurance
Science,5,5,4,5,5,1,-1,6,-1,-1,-1,-1,-1,-1,-1,-1,-1,-1,-1,-1,-1,-1,277,"software, coding",Computer Science
Science,6,6,4,5,4,1,6,5,-1,-1,-1,-1,-1,-1,-1,-1,-1,-1,-1,-1,-1,-1,275,"cars, engines",Automotive Engineering
Science,5,4,6,4,5,2,6,4,-1,-1,-1,-1,-1,-1,-1,-1,-1,-1,-1,-1,-1,-1,252,"city development, community planning",Urban and Regional Planning
Science,6,6,6,6,6,4,-1,5,5,-1,-1,-1,-1,-1,-1,-1,-1,-1,-1,-1,-1,-1,310,"treatment, medicine",Medicine and Surgery
Science,4,5,5,1,6,5,-1,6,6,-1,-1,-1,-1,-1,-1,-1,-1,-1,-1,-1,-1,-1,263,"disease prevention, community health",Public Health
Science,6,4,4,5,5,5,-1,5,5,-1,-1,-1,-1,-1,-1,-1,-1,-1,-1,-1,-1,-1,265,"genetics, bioengineering",Biotechnology
Science,5,6,4,5,5,5,-1,6,-1,-1,4,-1,-1,-1,-1,-1,-1,-1,-1,-1,-1,-1,249,"oceans, marine life",Marine Science
Science,6,5,4,5,6,6,-1,3,-1,4,-1,-1,-1,-1,-1,-1,-1,-1,-1,-1,-1,-1,320,"vertinary care, animal breeding",Animal Science
Art,6,4,4,-1,-1,-1,-1,-1,-1,-1,-1,6,5,4,6,4,-1,5,-1,-1,-1,-1,225,"emotional wellbeing, human behaviour",Psychology
Art,2,4,6,-1,-1,-1,-1,-1,-1,-1,-1,4,5,6,6,5,-1,-1,-1,5,-1,-1,199,"ancient civilization, research",Archaeology
Art,1,6,6,-1,-1,-1,-1,-1,-1,-1,-1,4,6,4,6,6,-1,-1,5,-1,-1,-1,186,"storytelling, cartoons",Animation
Art,1,5,4,-1,-1,-1,-1,-1,-1,-1,-1,5,5,5,6,4,5,-1,-1,-1,-1,-1,206,"storytelling, cartoons",Animation
Commercial,6,5,6,-1,-1,-1,-1,-1,-1,-1,-1,5,5,-1,4,-1,-1,-1,-1,-1,4,5,239,"office administration, business management",Business Administration
Science,6,4,4,6,5,3,-1,5,-1,-1,-1,-1,-1,-1,-1,-1,-1,-1,-1,-1,-1,-1,249,"software, coding",Computer Science
Science,6,5,5,5,6,3,5,6,-1,-1,-1,-1,-1,-1,-1,-1,-1,-1,-1,-1,-1,-1,274,"systems, robots",Mechatronics Engineering
Science,5,6,5,4,6,1,6,5,-1,-1,-1,-1,-1,-1,-1,-1,-1,-1,-1,-1,-1,-1,244,"AutoCad, design",Architecture
Science,4,4,4,4,5,4,-1,5,6,-1,-1,-1,-1,-1,-1,-1,-1,-1,-1,-1,-1,-1,288,"drugs, medication",Pharmacy
Science,5,4,5,3,5,5,-1,4,4,-1,-1,-1,-1,-1,-1,-1,-1,-1,-1,-1,-1,-1,269,"health diet, food",Nutrition and Dietetics
Science,4,4,6,5,5,5,-1,6,4,-1,-1,-1,-1,-1,-1,-1,-1,-1,-1,-1,-1,-1,273,"computation, modeling",Applied Mathematics
Science,6,6,4,6,4,4,-1,5,-1,-1,6,-1,-1,-1,-1,-1,-1,-1,-1,-1,-1,-1,220,"earth structure, seismology",Geophysics
Science,6,5,5,4,5,4,-1,1,-1,6,-1,-1,-1,-1,-1,-1,-1,-1,-1,-1,-1,-1,307,"animal breeding, livestock farming",Animal Science
Art,5,5,5,-1,-1,-1,-1,-1,-1,-1,-1,4,4,4,6,6,-1,5,-1,-1,-1,-1,200,"debate, human rights",Law
Art,1,5,6,-1,-1,-1,-1,-1,-1,-1,-1,6,6,4,4,6,-1,-1,-1,5,-1,-1,192,"libraries, historical records",Archival Studies
Art,3,6,6,-1,-1,-1,-1,-1,-1,-1,-1,5,5,6,6,6,-1,-1,4,-1,-1,-1,210,"branding, posters",Graphics Design
Art,1,4,4,-1,-1,-1,-1,-1,-1,-1,-1,6,4,4,4,5,4,-1,-1,-1,-1,-1,204,"creativity, posters",Graphics Design
Commercial,6,4,5,-1,-1,-1,-1,-1,-1,-1,-1,4,4,-1,6,-1,-1,-1,-1,-1,6,5,275,"data modelling, risk analysis",Actuarial Science
Science,4,4,4,4,4,2,-1,5,-1,-1,-1,-1,-1,-1,-1,-1,-1,-1,-1,-1,-1,-1,270,"hardware, software integration",Computer Engineering
Science,5,5,5,4,4,1,4,4,-1,-1,-1,-1,-1,-1,-1,-1,-1,-1,-1,-1,-1,-1,284,"robotics, mechanics",Mechanical Engineering
Science,5,6,4,6,6,1,4,5,-1,-1,-1,-1,-1,-1,-1,-1,-1,-1,-1,-1,-1,-1,273,"property management, real estate",Estate Management
Science,5,4,5,6,5,4,-1,6,4,-1,-1,-1,-1,-1,-1,-1,-1,-1,-1,-1,-1,-1,299,"dental care, teeth",Dentistry
Science,6,5,5,3,6,4,-1,4,6,-1,-1,-1,-1,-1,-1,-1,-1,-1,-1,-1,-1,-1,275,"disease prevention, community health",Public Health
Science,5,5,6,5,6,6,-1,4,6,-1,-1,-1,-1,-1,-1,-1,-1,-1,-1,-1,-1,-1,310,"data analysis, probability",Statistics
Science,5,4,6,4,5,5,-1,6,-1,-1,4,-1,-1,-1,-1,-1,-1,-1,-1,-1,-1,-1,284,"seismology, earth structure",Geophysics
Science,4,4,6,6,6,5,-1,3,-1,4,-1,-1,-1,-1,-1,-1,-1,-1,-1,-1,-1,-1,302,"harvesting, plants",Crop Science
Art,5,6,5,-1,-1,-1,-1,-1,-1,-1,-1,5,5,4,6,6,-1,6,-1,-1,-1,-1,219,"news reporting, media",Journalism and Media Studies
Art,2,4,6,-1,-1,-1,-1,-1,-1,-1,-1,4,5,5,6,4,-1,-1,-1,6,-1,-1,178,"travel, culture",Tourism and Hospitality
Art,3,4,5,-1,-1,-1,-1,-1,-1,-1,-1,4,6,6,6,6,-1,-1,6,-1,-1,-1,189,"storytelling, motion graphics",Animation
Art,1,6,5,-1,-1,-1,-1,-1,-1,-1,-1,4,5,4,5,6,6,-1,-1,-1,-1,-1,219,"3d animation, cartoons",Animation
Commercial,4,6,6,-1,-1,-1,-1,-1,-1,-1,-1,4,6,-1,6,-1,-1,-1,-1,-1,4,6,235,"organizational planning, office administration",Business Administration
Science,5,4,4,6,4,3,-1,5,-1,-1,-1,-1,-1,-1,-1,-1,-1,-1,-1,-1,-1,-1,245,"networks, communication systems",Network Engineering
Science,6,5,4,5,5,3,4,4,-1,-1,-1,-1,-1,-1,-1,-1,-1,-1,-1,-1,-1,-1,289,"chemicals, processes",Chemical Engineering
Science,4,6,5,6,6,2,4,4,-1,-1,-1,-1,-1,-1,-1,-1,-1,-1,-1,-1,-1,-1,245,"spatial data, mapping",Surveying and Geoinformatics
Science,4,6,6,5,4,4,-1,4,5,-1,-1,-1,-1,-1,-1,-1,-1,-1,-1,-1,-1,-1,283,"treatment, cancer",Oncology
Science,6,6,6,3,4,6,-1,4,4,-1,-1,-1,-1,-1,-1,-1,-1,-1,-1,-1,-1,-1,271,"health diet, food",Nutrition and Dietetics
Science,5,4,6,5,6,6,-1,6,5,-1,-1,-1,-1,-1,-1,-1,-1,-1,-1,-1,-1,-1,266,"lab work, biological molecules",Biochemistry
Science,5,5,6,4,4,4,-1,6,-1,-1,4,-1,-1,-1,-1,-1,-1,-1,-1,-1,-1,-1,225,"marine life, oceans",Marine Science
Science,5,4,4,5,5,5,-1,1,-1,5,-1,-1,-1,-1,-1,-1,-1,-1,-1,-1,-1,-1,259,"plants, plant breeding",Crop Science
Art,5,6,5,-1,-1,-1,-1,-1,-1,-1,-1,6,4,4,4,4,-1,6,-1,-1,-1,-1,201,"public policy, leadership",Political Science
Art,1,5,5,-1,-1,-1,-1,-1,-1,-1,-1,5,6,6,5,5,-1,-1,-1,4,-1,-1,231,"travel, customer service",Tourism and Hospitality
Art,3,4,5,-1,-1,-1,-1,-1,-1,-1,-1,5,5,4,4,5,-1,-1,6,-1,-1,-1,177,"taking pictures, portraits",Photography
Art,3,5,4,-1,-1,-1,-1,-1,-1,-1,-1,6,5,5,5,5,6,-1,-1,-1,-1,-1,171,"editing photos, taking pictures",Photography
Commercial,6,5,5,-1,-1,-1,-1,-1,-1,-1,-1,4,4,-1,4,-1,-1,-1,-1,-1,4,4,326,"branding, consumer behavior",Marketing
Science,5,4,4,5,6,3,-1,4,-1,-1,-1,-1,-1,-1,-1,-1,-1,-1,-1,-1,-1,-1,247,"network protection, hacking",Cyber Security
Science,4,4,6,4,4,1,5,5,-1,-1,-1,-1,-1,-1,-1,-1,-1,-1,-1,-1,-1,-1,237,"processes, chemicals",Chemical Engineering
Science,4,5,6,6,6,3,6,6,-1,-1,-1,-1,-1,-1,-1,-1,-1,-1,-1,-1,-1,-1,262,"drawing, design",Architecture
Science,6,4,4,6,5,6,-1,4,4,-1,-1,-1,-1,-1,-1,-1,-1,-1,-1,-1,-1,-1,255,"laboratory, diagnosis",Medical Laboratory Science
Science,4,6,5,2,6,4,-1,6,4,-1,-1,-1,-1,-1,-1,-1,-1,-1,-1,-1,-1,-1,274,"disease prevention, community health",Public Health
Science,4,6,6,6,4,4,-1,6,4,-1,-1,-1,-1,-1,-1,-1,-1,-1,-1,-1,-1,-1,226,"computation, modeling",Applied Mathematics
Science,4,6,6,4,6,6,-1,4,-1,-1,6,-1,-1,-1,-1,-1,-1,-1,-1,-1,-1,-1,292,"earth science, rocks",Geology
Science,6,6,5,4,4,6,-1,1,-1,6,-1,-1,-1,-1,-1,-1,-1,-1,-1,-1,-1,-1,227,"pond management, fish farming",Fisheries and Aquaculture
Art,5,6,4,-1,-1,-1,-1,-1,-1,-1,-1,6,6,4,4,6,-1,5,-1,-1,-1,-1,208,"debate, human rights",Law
Art,1,6,6,-1,-1,-1,-1,-1,-1,-1,-1,5,5,4,6,4,-1,-1,-1,4,-1,-1,180,"libraries, documentation",Archival Studies
Art,1,4,5,-1,-1,-1,-1,-1,-1,-1,-1,5,4,5,4,5,-1,-1,5,-1,-1,-1,198,"design, branding",Graphics Design
Art,3,5,6,-1,-1,-1,-1,-1,-1,-1,-1,4,5,6,4,5,6,-1,-1,-1,-1,-1,212,"posters, creativity",Graphics Design
Commercial,4,4,5,-1,-1,-1,-1,-1,-1,-1,-1,5,4,-1,4,-1,-1,-1,-1,-1,4,5,293,"workplace development, staff management",Human Resource Management
Science,6,6,6,6,5,3,-1,6,-1,-1,-1,-1,-1,-1,-1,-1,-1,-1,-1,-1,-1,-1,230,"internet, communication systems",Network Engineering
Science,4,5,4,5,6,2,4,5,-1,-1,-1,-1,-1,-1,-1,-1,-1,-1,-1,-1,-1,-1,283,"hardware, circuits",Electronic Engineering
Science,6,4,6,5,6,2,5,6,-1,-1,-1,-1,-1,-1,-1,-1,-1,-1,-1,-1,-1,-1,236,"building estimation, cost analysis",Quantity Surveying
Science,4,5,5,5,5,5,-1,5,4,-1,-1,-1,-1,-1,-1,-1,-1,-1,-1,-1,-1,-1,312,"x_ray, medical imaging",Radiography
Science,6,5,4,1,4,6,-1,5,4,-1,-1,-1,-1,-1,-1,-1,-1,-1,-1,-1,-1,-1,260,"health diet, food",Nutrition and Dietetics
Science,6,4,5,4,5,5,-1,6,5,-1,-1,-1,-1,-1,-1,-1,-1,-1,-1,-1,-1,-1,269,"computation, modeling",Applied Mathematics
Science,4,4,4,6,5,4,-1,4,-1,-1,6,-1,-1,-1,-1,-1,-1,-1,-1,-1,-1,-1,239,"rocks, earth science",Geology
Science,4,6,4,4,5,5,-1,3,-1,6,-1,-1,-1,-1,-1,-1,-1,-1,-1,-1,-1,-1,237,"livestock farming, vertinary care",Animal Science
Art,4,6,6,-1,-1,-1,-1,-1,-1,-1,-1,5,6,6,6,5,-1,6,-1,-1,-1,-1,189,"advocacy, human rights",Law
Art,1,6,5,-1,-1,-1,-1,-1,-1,-1,-1,5,6,6,4,5,-1,-1,-1,5,-1,-1,233,"record keeping, libraries",Archival Studies
Art,3,4,4,-1,-1,-1,-1,-1,-1,-1,-1,5,4,4,5,5,-1,-1,4,-1,-1,-1,216,"ui design, user experience",Web Design
Art,2,5,5,-1,-1,-1,-1,-1,-1,-1,-1,6,5,4,4,5,4,-1,-1,-1,-1,-1,193,"user experience, ui design",Web Design
Commercial,5,6,6,-1,-1,-1,-1,-1,-1,-1,-1,5,6,-1,5,-1,-1,-1,-1,-1,5,4,239,"advertising, sales strategies",Marketing
Science,4,5,6,6,5,2,-1,5,-1,-1,-1,-1,-1,-1,-1,-1,-1,-1,-1,-1,-1,-1,258,"hardware, software integration",Computer Engineering
Science,4,4,4,6,4,1,6,6,-1,-1,-1,-1,-1,-1,-1,-1,-1,-1,-1,-1,-1,-1,255,"structures, materials",Materials Engineering
Science,6,6,4,5,6,2,4,6,-1,-1,-1,-1,-1,-1,-1,-1,-1,-1,-1,-1,-1,-1,259,"community planning, city development",Urban and Regional Planning
Science,6,5,4,5,5,4,-1,6,5,-1,-1,-1,-1,-1,-1,-1,-1,-1,-1,-1,-1,-1,255,"human body, medical science",Anatomy
Science,6,5,5,1,4,5,-1,5,5,-1,-1,-1,-1,-1,-1,-1,-1,-1,-1,-1,-1,-1,264,"community health, disease prevention",Public Health
Science,4,6,6,4,6,4,-1,4,5,-1,-1,-1,-1,-1,-1,-1,-1,-1,-1,-1,-1,-1,311,"technology, research",Applied Physics
Science,4,4,4,4,6,5,-1,4,-1,-1,4,-1,-1,-1,-1,-1,-1,-1,-1,-1,-1,-1,263,"earth structure, seismology",Geophysics
Science,4,4,6,4,4,5,-1,2,-1,4,-1,-1,-1,-1,-1,-1,-1,-1,-1,-1,-1,-1,310,"seafood production, pond management",Fisheries and Aquaculture
Art,6,6,6,-1,-1,-1,-1,-1,-1,-1,-1,4,4,4,6,6,-1,5,-1,-1,-1,-1,161,"politics, diplomacy",International Relations
Art,2,4,6,-1,-1,-1,-1,-1,-1,-1,-1,6,5,6,5,5,-1,-1,-1,4,-1,-1,221,"research, data gathering",Research and Policy Analysis
Art,1,5,6,-1,-1,-1,-1,-1,-1,-1,-1,5,4,6,5,6,-1,-1,5,-1,-1,-1,212,"mobile apps, user interface",UI/UX Design
Art,1,4,6,-1,-1,-1,-1,-1,-1,-1,-1,4,5,4,6,4,4,-1,-1,-1,-1,-1,187,"user experience, digital products",UI/UX Design
Commercial,6,6,5,-1,-1,-1,-1,-1,-1,-1,-1,5,6,-1,4,-1,-1,-1,-1,-1,4,6,323,"statistics, data modelling",Actuarial Science
Science,5,6,5,4,4,1,-1,6,-1,-1,-1,-1,-1,-1,-1,-1,-1,-1,-1,-1,-1,-1,246,"systems, business IT",Information Systems
Science,4,5,6,5,5,2,4,4,-1,-1,-1,-1,-1,-1,-1,-1,-1,-1,-1,-1,-1,-1,255,"engines, vehicles",Automotive Engineering
Science,5,5,4,5,6,2,4,6,-1,-1,-1,-1,-1,-1,-1,-1,-1,-1,-1,-1,-1,-1,226,"environmental planning, transport systems",Urban and Regional Planning
Science,4,6,5,4,4,4,-1,4,4,-1,-1,-1,-1,-1,-1,-1,-1,-1,-1,-1,-1,-1,313,"body functions, health science",Physiology
Science,4,5,4,3,5,5,-1,6,5,-1,-1,-1,-1,-1,-1,-1,-1,-1,-1,-1,-1,-1,262,"community health, disease prevention",Public Health
Science,4,4,5,5,6,6,-1,5,4,-1,-1,-1,-1,-1,-1,-1,-1,-1,-1,-1,-1,-1,295,"microorganisms, research",Microbiology
Science,4,5,5,5,5,6,-1,6,-1,-1,4,-1,-1,-1,-1,-1,-1,-1,-1,-1,-1,-1,309,"climate, weather",Meteorology
Science,4,5,4,6,6,5,-1,1,-1,6,-1,-1,-1,-1,-1,-1,-1,-1,-1,-1,-1,-1,320,"plants, harvesting",Crop Science
Art,4,6,4,-1,-1,-1,-1,-1,-1,-1,-1,6,5,6,6,5,-1,4,-1,-1,-1,-1,180,"advocacy, debate",Law
Art,1,6,6,-1,-1,-1,-1,-1,-1,-1,-1,4,5,5,5,4,-1,-1,-1,4,-1,-1,212,"customer service, culture",Tourism and Hospitality
Art,2,5,4,-1,-1,-1,-1,-1,-1,-1,-1,6,4,4,5,5,-1,-1,5,-1,-1,-1,140,"website layouts, user experience",Web Design
Art,2,4,6,-1,-1,-1,-1,-1,-1,-1,-1,4,4,6,5,5,6,-1,-1,-1,-1,-1,187,"creative coding, ui design",Web Design
Commercial,5,6,5,-1,-1,-1,-1,-1,-1,-1,-1,6,4,-1,4,-1,-1,-1,-1,-1,6,5,298,"financial compliance, tax laws",Taxation
Science,6,5,6,4,4,1,-1,4,-1,-1,-1,-1,-1,-1,-1,-1,-1,-1,-1,-1,-1,-1,277,"software integration, hardware",Computer Engineering
Science,5,4,5,5,4,1,4,4,-1,-1,-1,-1,-1,-1,-1,-1,-1,-1,-1,-1,-1,-1,281,"flight, aircraft",Aerospace Engineering
Science,4,6,4,5,6,3,5,5,-1,-1,-1,-1,-1,-1,-1,-1,-1,-1,-1,-1,-1,-1,278,"geographic information system, land measurement",Surveying and Geoinformatics
Science,4,5,5,5,5,4,-1,6,6,-1,-1,-1,-1,-1,-1,-1,-1,-1,-1,-1,-1,-1,263,"body functions, health science",Physiology
Science,4,4,4,3,4,5,-1,4,4,-1,-1,-1,-1,-1,-1,-1,-1,-1,-1,-1,-1,-1,295,"disease prevention, community health",Public Health
Science,4,4,6,4,6,5,-1,6,6,-1,-1,-1,-1,-1,-1,-1,-1,-1,-1,-1,-1,-1,291,"computation, modeling",Applied Mathematics
Science,6,6,6,4,6,6,-1,6,-1,-1,5,-1,-1,-1,-1,-1,-1,-1,-1,-1,-1,-1,286,"marine life, oceans",Marine Science
Science,6,5,4,5,6,4,-1,1,-1,6,-1,-1,-1,-1,-1,-1,-1,-1,-1,-1,-1,-1,320,"farming, crop management",Agronomy
Art,4,6,4,-1,-1,-1,-1,-1,-1,-1,-1,6,6,5,6,6,-1,4,-1,-1,-1,-1,201,"human rights, social justice",Human Rights and Advocacy
Art,3,6,6,-1,-1,-1,-1,-1,-1,-1,-1,6,6,6,6,6,-1,-1,-1,4,-1,-1,208,"culture, heritage",Museum and Heritage Studies
Art,2,5,4,-1,-1,-1,-1,-1,-1,-1,-1,5,5,6,5,6,-1,-1,4,-1,-1,-1,142,"portraits, creative visuals",Photography
Art,1,4,6,-1,-1,-1,-1,-1,-1,-1,-1,5,6,6,5,4,5,-1,-1,-1,-1,-1,194,"portraits, taking pictures",Photography
Commercial,6,5,5,-1,-1,-1,-1,-1,-1,-1,-1,6,4,-1,5,-1,-1,-1,-1,-1,5,5,287,"tax laws, revenue management",Taxation
Science,6,6,6,5,5,2,-1,4,-1,-1,-1,-1,-1,-1,-1,-1,-1,-1,-1,-1,-1,-1,234,"networks, internet",Network Engineering
Science,4,6,6,6,4,1,5,4,-1,-1,-1,-1,-1,-1,-1,-1,-1,-1,-1,-1,-1,-1,246,"production, processes",Chemical Engineering
Science,4,6,6,4,4,2,5,4,-1,-1,-1,-1,-1,-1,-1,-1,-1,-1,-1,-1,-1,-1,253,"project budgeting, cost analysis",Quantity Surveying
Science,5,4,6,5,6,4,-1,4,5,-1,-1,-1,-1,-1,-1,-1,-1,-1,-1,-1,-1,-1,284,"diagnosis, laboratory",Medical Laboratory Science
Science,6,6,6,3,6,5,-1,6,6,-1,-1,-1,-1,-1,-1,-1,-1,-1,-1,-1,-1,-1,234,"health diet, food",Nutrition and Dietetics
Science,6,4,6,4,4,5,-1,6,5,-1,-1,-1,-1,-1,-1,-1,-1,-1,-1,-1,-1,-1,314,"logic, problem solving",Mathematics
Science,5,6,6,6,6,4,-1,6,-1,-1,5,-1,-1,-1,-1,-1,-1,-1,-1,-1,-1,-1,270,"rocks, earth science",Geology
Science,6,4,4,5,4,5,-1,3,-1,4,-1,-1,-1,-1,-1,-1,-1,-1,-1,-1,-1,-1,297,"rural development, farm management",Agricultural Economics
Art,4,5,6,-1,-1,-1,-1,-1,-1,-1,-1,6,6,4,5,4,-1,5,-1,-1,-1,-1,228,"crime investigation, law enforcement",Criminology
Art,1,4,5,-1,-1,-1,-1,-1,-1,-1,-1,6,6,6,6,6,-1,-1,-1,6,-1,-1,174,"record keeping, historical records",Archival Studies
Art,1,4,4,-1,-1,-1,-1,-1,-1,-1,-1,4,4,4,6,4,-1,-1,6,-1,-1,-1,170,"branding, posters",Graphics Design
Art,1,5,5,-1,-1,-1,-1,-1,-1,-1,-1,5,4,6,4,5,5,-1,-1,-1,-1,-1,149,"branding, creativity",Graphics Design
Commercial,4,6,4,-1,-1,-1,-1,-1,-1,-1,-1,5,6,-1,6,-1,-1,-1,-1,-1,6,4,313,"advertising, consumer behavior",Marketing
Science,5,6,4,4,5,1,-1,6,-1,-1,-1,-1,-1,-1,-1,-1,-1,-1,-1,-1,-1,-1,262,"statistics, analysis",Data Science
Science,5,5,4,4,6,3,5,4,-1,-1,-1,-1,-1,-1,-1,-1,-1,-1,-1,-1,-1,-1,278,"drilling, oil",Petroleum Engineering
Science,5,6,4,5,6,1,4,4,-1,-1,-1,-1,-1,-1,-1,-1,-1,-1,-1,-1,-1,-1,231,"property management, real estate",Estate Management
Science,4,6,4,5,6,4,-1,5,5,-1,-1,-1,-1,-1,-1,-1,-1,-1,-1,-1,-1,-1,309,"care, patients",Nursing
Science,5,4,5,3,6,4,-1,5,4,-1,-1,-1,-1,-1,-1,-1,-1,-1,-1,-1,-1,-1,237,"community health, disease prevention",Public Health
Science,4,4,6,5,6,5,-1,4,5,-1,-1,-1,-1,-1,-1,-1,-1,-1,-1,-1,-1,-1,262,"research, technology",Applied Physics
Science,5,6,6,4,4,4,-1,4,-1,-1,6,-1,-1,-1,-1,-1,-1,-1,-1,-1,-1,-1,220,"earth science, rocks",Geology
Science,6,4,4,6,5,5,-1,3,-1,5,-1,-1,-1,-1,-1,-1,-1,-1,-1,-1,-1,-1,273,"flower cultivation, fruit production",Horticulture
Art,5,6,5,-1,-1,-1,-1,-1,-1,-1,-1,5,6,4,4,5,-1,5,-1,-1,-1,-1,187,"media, communication",Journalism and Media Studies
Art,3,6,5,-1,-1,-1,-1,-1,-1,-1,-1,6,6,5,6,5,-1,-1,-1,5,-1,-1,190,"problem solving, data gathering",Research and Policy Analysis
Art,3,4,4,-1,-1,-1,-1,-1,-1,-1,-1,5,5,4,6,4,-1,-1,6,-1,-1,-1,140,"user interface, digital products",UI/UX Design
Art,2,6,6,-1,-1,-1,-1,-1,-1,-1,-1,6,4,5,6,4,6,-1,-1,-1,-1,-1,161,"user interface, digital products",UI/UX Design
Commercial,4,4,6,-1,-1,-1,-1,-1,-1,-1,-1,5,4,-1,5,-1,-1,-1,-1,-1,5,4,266,"planning, planning",Project Management
Science,4,6,5,4,4,2,-1,5,-1,-1,-1,-1,-1,-1,-1,-1,-1,-1,-1,-1,-1,-1,227,"communication systems, internet",Network Engineering
Science,6,5,4,4,6,2,5,5,-1,-1,-1,-1,-1,-1,-1,-1,-1,-1,-1,-1,-1,-1,223,"marine systems, ships",Marine Engineering
Science,6,4,4,4,4,3,4,6,-1,-1,-1,-1,-1,-1,-1,-1,-1,-1,-1,-1,-1,-1,282,"geographic information system, mapping",Surveying and Geoinformatics
Science,6,5,5,6,5,5,-1,6,4,-1,-1,-1,-1,-1,-1,-1,-1,-1,-1,-1,-1,-1,272,"imaging, diagnosis",Radiology
Science,4,6,5,2,6,4,-1,4,5,-1,-1,-1,-1,-1,-1,-1,-1,-1,-1,-1,-1,-1,231,"health diet, food",Nutrition and Dietetics
Science,5,6,5,5,6,5,-1,6,6,-1,-1,-1,-1,-1,-1,-1,-1,-1,-1,-1,-1,-1,236,"lab work, biological molecules",Biochemistry
Science,5,6,5,5,5,5,-1,6,-1,-1,6,-1,-1,-1,-1,-1,-1,-1,-1,-1,-1,-1,228,"earth science, rocks",Geology
Science,5,4,4,4,4,4,-1,1,-1,4,-1,-1,-1,-1,-1,-1,-1,-1,-1,-1,-1,-1,316,"farmer education, community outreach",Agricultural Extension
Art,4,5,4,-1,-1,-1,-1,-1,-1,-1,-1,5,5,5,4,5,-1,6,-1,-1,-1,-1,161,"advocacy, human rights",Law
Art,2,5,6,-1,-1,-1,-1,-1,-1,-1,-1,5,4,6,5,6,-1,-1,-1,6,-1,-1,178,"libraries, historical records",Archival Studies
Art,3,4,6,-1,-1,-1,-1,-1,-1,-1,-1,5,5,5,6,6,-1,-1,5,-1,-1,-1,140,"3d animation, storytelling",Animation
Art,1,5,5,-1,-1,-1,-1,-1,-1,-1,-1,4,5,4,4,4,4,-1,-1,-1,-1,-1,220,"storytelling, motion graphics",Animation
Commercial,4,4,4,-1,-1,-1,-1,-1,-1,-1,-1,5,4,-1,4,-1,-1,-1,-1,-1,4,5,327,"financial compliance, government finance",Taxation
Science,6,4,5,6,6,2,-1,6,-1,-1,-1,-1,-1,-1,-1,-1,-1,-1,-1,-1,-1,-1,235,"analysis, statistics",Data Science
Science,5,6,5,4,6,2,6,4,-1,-1,-1,-1,-1,-1,-1,-1,-1,-1,-1,-1,-1,-1,248,"optimization, systems",Industrial Engineering
Science,4,6,4,6,5,3,6,4,-1,-1,-1,-1,-1,-1,-1,-1,-1,-1,-1,-1,-1,-1,290,"real estate, property management",Estate Management
Science,4,6,4,4,5,4,-1,6,5,-1,-1,-1,-1,-1,-1,-1,-1,-1,-1,-1,-1,-1,263,"imaging, diagnosis",Radiology
Science,4,5,4,3,4,5,-1,4,6,-1,-1,-1,-1,-1,-1,-1,-1,-1,-1,-1,-1,-1,271,"disease prevention, community health",Public Health
Science,6,6,4,6,6,4,-1,5,4,-1,-1,-1,-1,-1,-1,-1,-1,-1,-1,-1,-1,-1,221,"genetics, bioengineering",Biotechnology
Science,5,6,6,4,6,4,-1,6,-1,-1,5,-1,-1,-1,-1,-1,-1,-1,-1,-1,-1,-1,285,"climate, environment",Environmental Science
Science,4,5,6,5,5,5,-1,2,-1,5,-1,-1,-1,-1,-1,-1,-1,-1,-1,-1,-1,-1,228,"land management, soil testing",Soil Science
Art,4,6,5,-1,-1,-1,-1,-1,-1,-1,-1,4,6,4,6,4,-1,4,-1,-1,-1,-1,189,"population studies, statistical analysis",Demography
Art,2,5,4,-1,-1,-1,-1,-1,-1,-1,-1,5,6,5,5,6,-1,-1,-1,6,-1,-1,171,"tour guiding, travel",Tourism and Hospitality
Art,1,5,6,-1,-1,-1,-1,-1,-1,-1,-1,6,5,5,6,4,-1,-1,6,-1,-1,-1,166,"posters, branding",Graphics Design
Art,3,4,6,-1,-1,-1,-1,-1,-1,-1,-1,6,6,6,6,6,6,-1,-1,-1,-1,-1,193,"design, posters",Graphics Design
Commercial,5,5,4,-1,-1,-1,-1,-1,-1,-1,-1,4,5,-1,5,-1,-1,-1,-1,-1,4,6,239,"leadership, organizational planning",Business Administration
Science,4,4,5,6,5,2,-1,5,-1,-1,-1,-1,-1,-1,-1,-1,-1,-1,-1,-1,-1,-1,220,"hardware, software integration",Computer Engineering
Science,5,5,4,6,6,3,6,6,-1,-1,-1,-1,-1,-1,-1,-1,-1,-1,-1,-1,-1,-1,235,"health technology, medical devices",Biomedical Engineering
Science,5,4,5,4,5,3,5,5,-1,-1,-1,-1,-1,-1,-1,-1,-1,-1,-1,-1,-1,-1,220,"spatial data, geographic information system",Surveying and Geoinformatics
Science,5,6,5,5,4,6,-1,6,4,-1,-1,-1,-1,-1,-1,-1,-1,-1,-1,-1,-1,-1,260,"medical science, human body",Anatomy
Science,6,6,4,2,5,6,-1,4,6,-1,-1,-1,-1,-1,-1,-1,-1,-1,-1,-1,-1,-1,256,"disease prevention, community health",Public Health
Science,5,4,5,6,6,5,-1,4,6,-1,-1,-1,-1,-1,-1,-1,-1,-1,-1,-1,-1,-1,294,"technology, research",Applied Physics
Science,4,4,4,5,4,4,-1,4,-1,-1,5,-1,-1,-1,-1,-1,-1,-1,-1,-1,-1,-1,220,"earth structure, seismology",Geophysics
Science,5,6,4,4,6,6,-1,1,-1,5,-1,-1,-1,-1,-1,-1,-1,-1,-1,-1,-1,-1,293,"fish farming, pond management",Fisheries and Aquaculture
Art,5,6,4,-1,-1,-1,-1,-1,-1,-1,-1,4,5,5,5,5,-1,5,-1,-1,-1,-1,165,"criminal justice, forensic studies",Criminology
Art,1,4,5,-1,-1,-1,-1,-1,-1,-1,-1,4,6,5,6,4,-1,-1,-1,5,-1,-1,228,"documentation, record keeping",Archival Studies
Art,2,4,6,-1,-1,-1,-1,-1,-1,-1,-1,6,4,6,6,6,-1,-1,4,-1,-1,-1,219,"portraits, editing photos",Photography
Art,1,4,4,-1,-1,-1,-1,-1,-1,-1,-1,5,6,6,5,5,6,-1,-1,-1,-1,-1,178,"taking pictures, portraits",Photography
Commercial,6,6,4,-1,-1,-1,-1,-1,-1,-1,-1,5,5,-1,6,-1,-1,-1,-1,-1,4,6,298,"employee relations, recruitment",Human Resource Management
Science,4,4,5,4,5,3,-1,6,-1,-1,-1,-1,-1,-1,-1,-1,-1,-1,-1,-1,-1,-1,254,"network protection, security",Cyber Security
Science,4,5,4,4,4,1,4,6,-1,-1,-1,-1,-1,-1,-1,-1,-1,-1,-1,-1,-1,-1,226,"flight, space",Aerospace Engineering
Science,6,6,5,5,6,3,4,4,-1,-1,-1,-1,-1,-1,-1,-1,-1,-1,-1,-1,-1,-1,282,"land valuation, facility management",Estate Management
Science,5,4,5,4,4,6,-1,6,5,-1,-1,-1,-1,-1,-1,-1,-1,-1,-1,-1,-1,-1,276,"x_ray, medical imaging",Radiography
Science,4,4,6,1,6,6,-1,5,5,-1,-1,-1,-1,-1,-1,-1,-1,-1,-1,-1,-1,-1,275,"health diet, food",Nutrition and Dietetics
Science,6,6,4,5,6,6,-1,5,6,-1,-1,-1,-1,-1,-1,-1,-1,-1,-1,-1,-1,-1,237,"biological molecules, lab work",Biochemistry
Science,6,4,5,5,4,6,-1,4,-1,-1,4,-1,-1,-1,-1,-1,-1,-1,-1,-1,-1,-1,265,"climate, environment",Environmental Science
Science,5,5,6,5,4,6,-1,3,-1,6,-1,-1,-1,-1,-1,-1,-1,-1,-1,-1,-1,-1,301,"wildlife management, tree planting",Forestry
Art,6,4,5,-1,-1,-1,-1,-1,-1,-1,-1,4,5,4,4,5,-1,5,-1,-1,-1,-1,166,"advocacy, justice",Law
Art,2,4,4,-1,-1,-1,-1,-1,-1,-1,-1,5,4,6,6,6,-1,-1,-1,6,-1,-1,225,"travel, culture",Tourism and Hospitality
Art,2,6,4,-1,-1,-1,-1,-1,-1,-1,-1,6,6,5,5,5,-1,-1,4,-1,-1,-1,159,"drawing tablets, digital painting",Digital Art
Art,2,6,4,-1,-1,-1,-1,-1,-1,-1,-1,6,5,6,5,5,4,-1,-1,-1,-1,-1,144,"drawing tablets, Creative software",Digital Art
Commercial,5,4,6,-1,-1,-1,-1,-1,-1,-1,-1,6,4,-1,4,-1,-1,-1,-1,-1,5,6,315,"sales strategies, advertising",Marketing
Science,5,6,4,5,4,3,-1,6,-1,-1,-1,-1,-1,-1,-1,-1,-1,-1,-1,-1,-1,-1,215,"software systems, development",Software Engineering
Science,4,4,4,5,5,1,5,6,-1,-1,-1,-1,-1,-1,-1,-1,-1,-1,-1,-1,-1,-1,225,"automation, robots",Mechatronics Engineering
Science,5,5,5,5,6,1,5,6,-1,-1,-1,-1,-1,-1,-1,-1,-1,-1,-1,-1,-1,-1,232,"AutoCad, design",Architecture
Science,6,4,5,6,5,5,-1,4,4,-1,-1,-1,-1,-1,-1,-1,-1,-1,-1,-1,-1,-1,273,"diagnosis, laboratory",Medical Laboratory Science
Science,4,5,4,2,6,5,-1,4,6,-1,-1,-1,-1,-1,-1,-1,-1,-1,-1,-1,-1,-1,272,"health diet, food",Nutrition and Dietetics
Science,4,4,5,6,5,6,-1,4,5,-1,-1,-1,-1,-1,-1,-1,-1,-1,-1,-1,-1,-1,254,"modeling, computation",Applied Mathematics
Science,6,4,4,4,5,6,-1,6,-1,-1,6,-1,-1,-1,-1,-1,-1,-1,-1,-1,-1,-1,301,"earth structure, seismology",Geophysics
Science,6,6,5,6,5,4,-1,3,-1,6,-1,-1,-1,-1,-1,-1,-1,-1,-1,-1,-1,-1,289,"plants, plant breeding",Crop Science
Art,4,6,5,-1,-1,-1,-1,-1,-1,-1,-1,5,6,6,6,5,-1,4,-1,-1,-1,-1,228,"leadership, public policy",Political Science
Art,3,6,4,-1,-1,-1,-1,-1,-1,-1,-1,6,6,5,6,6,-1,-1,-1,6,-1,-1,216,"tour guiding, customer service",Tourism and Hospitality
Art,2,6,4,-1,-1,-1,-1,-1,-1,-1,-1,4,4,6,4,6,-1,-1,6,-1,-1,-1,182,"design, branding",Graphics Design
Art,1,5,4,-1,-1,-1,-1,-1,-1,-1,-1,4,5,6,5,4,6,-1,-1,-1,-1,-1,190,"posters, design",Graphics Design
Commercial,4,5,6,-1,-1,-1,-1,-1,-1,-1,-1,6,4,-1,6,-1,-1,-1,-1,-1,4,4,295,"money management, banking",Banking and Finance
Science,5,5,4,4,6,1,-1,6,-1,-1,-1,-1,-1,-1,-1,-1,-1,-1,-1,-1,-1,-1,272,"systems, business IT",Information Systems
Science,6,6,5,5,5,3,5,4,-1,-1,-1,-1,-1,-1,-1,-1,-1,-1,-1,-1,-1,-1,265,"flight, aircraft",Aerospace Engineering
Science,4,5,6,6,4,2,5,4,-1,-1,-1,-1,-1,-1,-1,-1,-1,-1,-1,-1,-1,-1,232,"design, AutoCad",Architecture
Science,5,5,6,4,6,6,-1,6,4,-1,-1,-1,-1,-1,-1,-1,-1,-1,-1,-1,-1,-1,308,"care, hospital",Nursing
Science,5,6,4,2,5,6,-1,5,6,-1,-1,-1,-1,-1,-1,-1,-1,-1,-1,-1,-1,-1,244,"disease prevention, community health",Public Health
Science,5,5,5,6,6,4,-1,5,4,-1,-1,-1,-1,-1,-1,-1,-1,-1,-1,-1,-1,-1,300,"microorganisms, research",Microbiology
Science,6,5,5,4,5,6,-1,6,-1,-1,5,-1,-1,-1,-1,-1,-1,-1,-1,-1,-1,-1,270,"climate, weather",Meteorology
Science,5,5,4,4,6,4,-1,2,-1,5,-1,-1,-1,-1,-1,-1,-1,-1,-1,-1,-1,-1,266,"fruit production, landscaping",Horticulture
Art,5,6,6,-1,-1,-1,-1,-1,-1,-1,-1,5,4,5,6,4,-1,6,-1,-1,-1,-1,162,"cultural studies, community development",Sociology
Art,1,5,6,-1,-1,-1,-1,-1,-1,-1,-1,6,6,5,5,6,-1,-1,-1,4,-1,-1,234,"tour guiding, travel",Tourism and Hospitality
Art,2,4,4,-1,-1,-1,-1,-1,-1,-1,-1,6,5,5,6,4,-1,-1,4,-1,-1,-1,186,"design, creativity",Graphics Design
Art,2,4,5,-1,-1,-1,-1,-1,-1,-1,-1,6,5,6,6,5,4,-1,-1,-1,-1,-1,173,"branding, design",Graphics Design
Commercial,4,4,5,-1,-1,-1,-1,-1,-1,-1,-1,4,6,-1,5,-1,-1,-1,-1,-1,6,4,281,"investment, money management",Banking and Finance
Science,4,6,4,5,6,3,-1,5,-1,-1,-1,-1,-1,-1,-1,-1,-1,-1,-1,-1,-1,-1,237,"statistics, analysis",Data Science
Science,5,5,4,6,6,1,6,6,-1,-1,-1,-1,-1,-1,-1,-1,-1,-1,-1,-1,-1,-1,243,"systems, automation",Mechatronics Engineering
Science,5,6,6,4,4,3,5,5,-1,-1,-1,-1,-1,-1,-1,-1,-1,-1,-1,-1,-1,-1,224,"AutoCad, design",Architecture
Science,6,5,5,5,6,5,-1,5,5,-1,-1,-1,-1,-1,-1,-1,-1,-1,-1,-1,-1,-1,288,"laboratory, drugs",Pharmacy
Science,4,6,4,2,5,4,-1,6,4,-1,-1,-1,-1,-1,-1,-1,-1,-1,-1,-1,-1,-1,244,"health diet, food",Nutrition and Dietetics
Science,4,6,4,6,4,5,-1,5,4,-1,-1,-1,-1,-1,-1,-1,-1,-1,-1,-1,-1,-1,243,"bioengineering, genetics",Biotechnology
Science,5,4,5,4,6,4,-1,5,-1,-1,4,-1,-1,-1,-1,-1,-1,-1,-1,-1,-1,-1,221,"seismology, earth structure",Geophysics
Science,6,6,5,6,5,4,-1,2,-1,5,-1,-1,-1,-1,-1,-1,-1,-1,-1,-1,-1,-1,287,"farm management, agribusiness",Agricultural Economics
Art,5,6,4,-1,-1,-1,-1,-1,-1,-1,-1,4,6,5,4,6,-1,4,-1,-1,-1,-1,202,"debate, justice",Law
Art,3,4,5,-1,-1,-1,-1,-1,-1,-1,-1,4,6,6,4,6,-1,-1,-1,5,-1,-1,187,"customer service, culture",Tourism and Hospitality
Art,3,5,6,-1,-1,-1,-1,-1,-1,-1,-1,4,4,4,5,6,-1,-1,6,-1,-1,-1,171,"design, posters",Graphics Design
Art,3,6,5,-1,-1,-1,-1,-1,-1,-1,-1,5,4,4,4,6,4,-1,-1,-1,-1,-1,204,"branding, creativity",Graphics Design
Commercial,5,4,6,-1,-1,-1,-1,-1,-1,-1,-1,4,5,-1,5,-1,-1,-1,-1,-1,6,6,300,"branding, advertising",Marketing
Science,6,6,4,4,6,3,-1,6,-1,-1,-1,-1,-1,-1,-1,-1,-1,-1,-1,-1,-1,-1,211,"IT systems, computers",Information Technology
Science,4,4,5,5,4,1,5,4,-1,-1,-1,-1,-1,-1,-1,-1,-1,-1,-1,-1,-1,-1,274,"circuits, electricity",Electrical Engineering
Science,5,5,6,5,4,3,6,4,-1,-1,-1,-1,-1,-1,-1,-1,-1,-1,-1,-1,-1,-1,244,"property management, real estate",Estate Management
Science,5,6,5,5,5,6,-1,5,4,-1,-1,-1,-1,-1,-1,-1,-1,-1,-1,-1,-1,-1,257,"body functions, health science",Physiology
Science,6,6,4,3,6,4,-1,5,4,-1,-1,-1,-1,-1,-1,-1,-1,-1,-1,-1,-1,-1,232,"community health, disease prevention",Public Health
Science,6,6,5,4,6,5,-1,4,4,-1,-1,-1,-1,-1,-1,-1,-1,-1,-1,-1,-1,-1,254,"genetics, bioengineering",Biotechnology
Science,6,4,5,4,5,6,-1,4,-1,-1,6,-1,-1,-1,-1,-1,-1,-1,-1,-1,-1,-1,220,"climate, environment",Environmental Science
Science,6,4,4,4,6,5,-1,1,-1,4,-1,-1,-1,-1,-1,-1,-1,-1,-1,-1,-1,-1,258,"forest conservation, environmental protection",Forestry
Art,4,5,6,-1,-1,-1,-1,-1,-1,-1,-1,6,5,6,5,6,-1,6,-1,-1,-1,-1,160,"advocacy, social justice",Human Rights and Advocacy
Art,2,6,5,-1,-1,-1,-1,-1,-1,-1,-1,6,6,5,5,6,-1,-1,-1,6,-1,-1,223,"analysis, problem solving",Research and Policy Analysis
Art,2,5,4,-1,-1,-1,-1,-1,-1,-1,-1,4,4,5,5,5,-1,-1,4,-1,-1,-1,172,"cartoons, 3d animation",Animation
Art,3,6,4,-1,-1,-1,-1,-1,-1,-1,-1,5,5,4,6,5,6,-1,-1,-1,-1,-1,217,"motion graphics, storytelling",Animation
Commercial,5,6,5,-1,-1,-1,-1,-1,-1,-1,-1,5,5,-1,6,-1,-1,-1,-1,-1,4,4,230,"bookkeeping, auditing",Accounting
Science,6,5,4,4,5,1,-1,4,-1,-1,-1,-1,-1,-1,-1,-1,-1,-1,-1,-1,-1,-1,219,"data, analysis",Data Science
Science,4,6,4,4,6,3,6,6,-1,-1,-1,-1,-1,-1,-1,-1,-1,-1,-1,-1,-1,-1,247,"systems, automation",Mechatronics Engineering
Science,4,5,6,6,5,2,4,6,-1,-1,-1,-1,-1,-1,-1,-1,-1,-1,-1,-1,-1,-1,263,"buildings, design",Architecture
Science,6,5,4,6,6,4,-1,5,4,-1,-1,-1,-1,-1,-1,-1,-1,-1,-1,-1,-1,-1,291,"dental care, teeth",Dentistry
Science,4,6,6,2,5,5,-1,6,6,-1,-1,-1,-1,-1,-1,-1,-1,-1,-1,-1,-1,-1,222,"community health, disease prevention",Public Health
Science,6,6,6,4,5,4,-1,4,6,-1,-1,-1,-1,-1,-1,-1,-1,-1,-1,-1,-1,-1,318,"life science, nature",Biology
Science,4,4,6,6,6,5,-1,5,-1,-1,5,-1,-1,-1,-1,-1,-1,-1,-1,-1,-1,-1,237,"seismology, earth structure",Geophysics
Science,5,6,4,6,4,4,-1,2,-1,5,-1,-1,-1,-1,-1,-1,-1,-1,-1,-1,-1,-1,283,"rural advisory services, community outreach",Agricultural Extension
Art,4,6,5,-1,-1,-1,-1,-1,-1,-1,-1,6,6,6,4,5,-1,5,-1,-1,-1,-1,206,"writing, news reporting",Journalism and Media Studies
Art,3,5,5,-1,-1,-1,-1,-1,-1,-1,-1,6,5,6,5,5,-1,-1,-1,4,-1,-1,176,"data gathering, problem solving",Research and Policy Analysis
Art,2,6,4,-1,-1,-1,-1,-1,-1,-1,-1,4,5,6,6,5,-1,-1,4,-1,-1,-1,163,"visual storytelling, video effects",Motion Graphics
Art,1,4,4,-1,-1,-1,-1,-1,-1,-1,-1,4,4,5,6,5,4,-1,-1,-1,-1,-1,181,"animation, video effects",Motion Graphics
Commercial,6,5,4,-1,-1,-1,-1,-1,-1,-1,-1,6,5,-1,4,-1,-1,-1,-1,-1,6,4,258,"financial analysis, bookkeeping",Accounting
Science,5,5,6,4,4,3,-1,4,-1,-1,-1,-1,-1,-1,-1,-1,-1,-1,-1,-1,-1,-1,224,"machine learning, AI",Artificial Intelligence
Science,5,4,5,4,5,2,4,6,-1,-1,-1,-1,-1,-1,-1,-1,-1,-1,-1,-1,-1,-1,266,"electronics, circuits",Electronic Engineering
Science,5,5,6,4,6,2,4,4,-1,-1,-1,-1,-1,-1,-1,-1,-1,-1,-1,-1,-1,-1,224,"building estimation, construction costs",Quantity Surveying
Science,6,4,4,4,6,4,-1,5,5,-1,-1,-1,-1,-1,-1,-1,-1,-1,-1,-1,-1,-1,306,"cancer, treatment",Oncology
Science,5,4,4,3,6,6,-1,6,5,-1,-1,-1,-1,-1,-1,-1,-1,-1,-1,-1,-1,-1,286,"disease prevention, community health",Public Health
Science,4,6,4,4,4,4,-1,4,4,-1,-1,-1,-1,-1,-1,-1,-1,-1,-1,-1,-1,-1,223,"lab work, biological molecules",Biochemistry
Science,5,6,5,6,5,4,-1,5,-1,-1,6,-1,-1,-1,-1,-1,-1,-1,-1,-1,-1,-1,246,"weather, climate",Meteorology
Science,5,6,6,6,5,5,-1,3,-1,5,-1,-1,-1,-1,-1,-1,-1,-1,-1,-1,-1,-1,273,"market analysis, farm management",Agricultural Economics
Art,4,5,5,-1,-1,-1,-1,-1,-1,-1,-1,4,5,5,5,6,-1,6,-1,-1,-1,-1,181,"population studies, statistical analysis",Demography
Art,3,4,5,-1,-1,-1,-1,-1,-1,-1,-1,5,4,5,6,6,-1,-1,-1,6,-1,-1,239,"problem solving, data gathering",Research and Policy Analysis
Art,2,4,5,-1,-1,-1,-1,-1,-1,-1,-1,6,6,4,5,5,-1,-1,5,-1,-1,-1,182,"editing photos, creative visuals",Photography
Art,1,6,5,-1,-1,-1,-1,-1,-1,-1,-1,4,4,6,6,5,5,-1,-1,-1,-1,-1,186,"creative visuals, editing photos",Photography
Commercial,6,5,4,-1,-1,-1,-1,-1,-1,-1,-1,6,4,-1,4,-1,-1,-1,-1,-1,5,6,287,"bookkeeping, auditing",Accounting
Science,4,6,4,4,4,2,-1,4,-1,-1,-1,-1,-1,-1,-1,-1,-1,-1,-1,-1,-1,-1,264,"coding, programming",Computer Science
Science,6,4,6,4,5,3,5,4,-1,-1,-1,-1,-1,-1,-1,-1,-1,-1,-1,-1,-1,-1,256,"power systems, electricity",Electrical Engineering
Science,5,6,4,5,6,1,4,6,-1,-1,-1,-1,-1,-1,-1,-1,-1,-1,-1,-1,-1,-1,270,"land measurement, geographic information system",Surveying and Geoinformatics
Science,4,4,4,5,4,5,-1,4,4,-1,-1,-1,-1,-1,-1,-1,-1,-1,-1,-1,-1,-1,268,"hospital, patients",Nursing
Science,4,5,6,1,6,5,-1,6,6,-1,-1,-1,-1,-1,-1,-1,-1,-1,-1,-1,-1,-1,275,"community health, disease prevention",Public Health
Science,4,4,5,5,5,4,-1,5,6,-1,-1,-1,-1,-1,-1,-1,-1,-1,-1,-1,-1,-1,307,"motion, energy",Physics
Science,5,6,5,4,4,5,-1,5,-1,-1,4,-1,-1,-1,-1,-1,-1,-1,-1,-1,-1,-1,265,"climate, environment",Environmental Science
Science,6,5,6,6,5,4,-1,2,-1,5,-1,-1,-1,-1,-1,-1,-1,-1,-1,-1,-1,-1,238,"agricultural training, farmer education",Agricultural Extension
Art,4,4,4,-1,-1,-1,-1,-1,-1,-1,-1,6,5,6,4,6,-1,4,-1,-1,-1,-1,171,"population studies, statistical analysis",Demography
Art,3,5,6,-1,-1,-1,-1,-1,-1,-1,-1,6,5,4,5,5,-1,-1,-1,4,-1,-1,225,"analysis, research",Research and Policy Analysis
Art,3,4,4,-1,-1,-1,-1,-1,-1,-1,-1,6,6,5,5,4,-1,-1,5,-1,-1,-1,168,"drawing tablets, Creative software",Digital Art
Art,3,4,4,-1,-1,-1,-1,-1,-1,-1,-1,6,5,5,5,4,4,-1,-1,-1,-1,-1,183,"drawing tablets, Creative software",Digital Art
Commercial,4,6,4,-1,-1,-1,-1,-1,-1,-1,-1,5,6,-1,5,-1,-1,-1,-1,-1,6,5,265,"projects, planning",Project Management
Science,6,5,4,5,6,2,-1,6,-1,-1,-1,-1,-1,-1,-1,-1,-1,-1,-1,-1,-1,-1,280,"support, computers",Information Technology
Science,5,4,4,4,6,2,5,6,-1,-1,-1,-1,-1,-1,-1,-1,-1,-1,-1,-1,-1,-1,226,"machines, mechanics",Mechanical Engineering
Science,5,4,6,5,6,1,6,6,-1,-1,-1,-1,-1,-1,-1,-1,-1,-1,-1,-1,-1,-1,234,"AutoCad, design",Architecture
Science,6,5,5,4,4,6,-1,6,6,-1,-1,-1,-1,-1,-1,-1,-1,-1,-1,-1,-1,-1,300,"vision, eyes",Optometry
Science,4,4,5,2,4,5,-1,5,5,-1,-1,-1,-1,-1,-1,-1,-1,-1,-1,-1,-1,-1,247,"disease prevention, community health",Public Health
Science,6,5,4,6,4,6,-1,6,5,-1,-1,-1,-1,-1,-1,-1,-1,-1,-1,-1,-1,-1,273,"theory, logic",Mathematics
Science,5,5,4,4,4,6,-1,4,-1,-1,6,-1,-1,-1,-1,-1,-1,-1,-1,-1,-1,-1,289,"earth science, rocks",Geology
Science,6,4,5,5,5,5,-1,2,-1,4,-1,-1,-1,-1,-1,-1,-1,-1,-1,-1,-1,-1,304,"gardening, flower cultivation",Horticulture
Art,4,5,6,-1,-1,-1,-1,-1,-1,-1,-1,5,6,5,4,6,-1,4,-1,-1,-1,-1,198,"politics, leadership",Political Science
Art,2,5,5,-1,-1,-1,-1,-1,-1,-1,-1,4,5,5,4,5,-1,-1,-1,4,-1,-1,237,"research, analysis",Research and Policy Analysis
Art,3,5,4,-1,-1,-1,-1,-1,-1,-1,-1,5,4,4,5,6,-1,-1,5,-1,-1,-1,145,"website layouts, creative coding",Web Design
Art,1,4,5,-1,-1,-1,-1,-1,-1,-1,-1,5,6,5,5,5,6,-1,-1,-1,-1,-1,185,"user experience, website layouts",Web Design
Commercial,5,6,4,-1,-1,-1,-1,-1,-1,-1,-1,5,4,-1,5,-1,-1,-1,-1,-1,6,5,309,"inventory management, distribution",Supply Chain Management
Science,4,4,5,6,6,1,-1,5,-1,-1,-1,-1,-1,-1,-1,-1,-1,-1,-1,-1,-1,-1,274,"AI, automation",Artificial Intelligence
Science,6,4,5,6,6,3,5,5,-1,-1,-1,-1,-1,-1,-1,-1,-1,-1,-1,-1,-1,-1,237,"chemicals, processes",Chemical Engineering
Science,4,6,6,5,4,2,5,6,-1,-1,-1,-1,-1,-1,-1,-1,-1,-1,-1,-1,-1,-1,273,"land measurement, geographic information system",Surveying and Geoinformatics
Science,6,6,5,6,4,5,-1,5,6,-1,-1,-1,-1,-1,-1,-1,-1,-1,-1,-1,-1,-1,286,"drugs, medication",Pharmacy
Science,6,4,5,1,5,6,-1,6,6,-1,-1,-1,-1,-1,-1,-1,-1,-1,-1,-1,-1,-1,257,"food, health diet",Nutrition and Dietetics
Science,6,5,4,5,5,6,-1,5,6,-1,-1,-1,-1,-1,-1,-1,-1,-1,-1,-1,-1,-1,282,"research, microorganisms",Microbiology
Science,6,5,5,5,4,4,-1,6,-1,-1,5,-1,-1,-1,-1,-1,-1,-1,-1,-1,-1,-1,316,"rocks, earth science",Geology
Science,6,6,5,6,5,5,-1,1,-1,4,-1,-1,-1,-1,-1,-1,-1,-1,-1,-1,-1,-1,318,"fruit production, landscaping",Horticulture
Art,5,5,4,-1,-1,-1,-1,-1,-1,-1,-1,6,4,4,4,6,-1,5,-1,-1,-1,-1,215,"law enforcement, forensic studies",Criminology
Art,3,4,4,-1,-1,-1,-1,-1,-1,-1,-1,6,4,4,5,4,-1,-1,-1,5,-1,-1,170,"historical artifacts, excavation",Archaeology
Art,2,5,4,-1,-1,-1,-1,-1,-1,-1,-1,4,4,6,4,4,-1,-1,6,-1,-1,-1,208,"home aesthetics, room decoration",Interior Design
Art,3,4,4,-1,-1,-1,-1,-1,-1,-1,-1,5,5,6,5,6,5,-1,-1,-1,-1,-1,151,"furniture, room decoration",Interior Design
Commercial,5,4,4,-1,-1,-1,-1,-1,-1,-1,-1,5,4,-1,5,-1,-1,-1,-1,-1,5,6,250,"financial analysis, bookkeeping",Accounting
Science,4,4,6,4,4,1,-1,5,-1,-1,-1,-1,-1,-1,-1,-1,-1,-1,-1,-1,-1,-1,222,"computers, support",Information Technology
Science,4,6,4,5,5,1,6,6,-1,-1,-1,-1,-1,-1,-1,-1,-1,-1,-1,-1,-1,-1,230,"buildings, structures",Civil Engineering
Science,5,6,5,5,6,1,4,5,-1,-1,-1,-1,-1,-1,-1,-1,-1,-1,-1,-1,-1,-1,287,"AutoCad, buildings",Architecture
Science,6,5,4,6,4,6,-1,4,5,-1,-1,-1,-1,-1,-1,-1,-1,-1,-1,-1,-1,-1,300,"hospital, care",Nursing
Science,5,5,6,2,6,5,-1,6,4,-1,-1,-1,-1,-1,-1,-1,-1,-1,-1,-1,-1,-1,285,"food, health diet",Nutrition and Dietetics
Science,4,4,4,4,6,5,-1,6,6,-1,-1,-1,-1,-1,-1,-1,-1,-1,-1,-1,-1,-1,222,"lab work, biological molecules",Biochemistry
Science,5,6,5,4,6,6,-1,6,-1,-1,5,-1,-1,-1,-1,-1,-1,-1,-1,-1,-1,-1,226,"environment, climate",Environmental Science
Science,5,5,6,5,5,4,-1,1,-1,6,-1,-1,-1,-1,-1,-1,-1,-1,-1,-1,-1,-1,309,"land management, environmental conservation",Soil Science
Art,6,5,6,-1,-1,-1,-1,-1,-1,-1,-1,4,5,5,4,6,-1,6,-1,-1,-1,-1,220,"politics, public policy",Political Science
Art,2,4,6,-1,-1,-1,-1,-1,-1,-1,-1,5,4,6,4,4,-1,-1,-1,4,-1,-1,192,"documentation, historical records",Archival Studies
Art,2,4,5,-1,-1,-1,-1,-1,-1,-1,-1,6,4,4,5,4,-1,-1,6,-1,-1,-1,159,"sculpting, painting",Painting and Sculpture
Art,2,6,6,-1,-1,-1,-1,-1,-1,-1,-1,4,6,6,4,5,5,-1,-1,-1,-1,-1,189,"crafts, painting",Painting and Sculpture
Commercial,6,4,4,-1,-1,-1,-1,-1,-1,-1,-1,5,6,-1,4,-1,-1,-1,-1,-1,4,6,311,"insurance mathematics, risk analysis",Actuarial Science
Science,4,5,6,6,5,3,-1,6,-1,-1,-1,-1,-1,-1,-1,-1,-1,-1,-1,-1,-1,-1,224,"hacking, security",Cyber Security
Science,5,6,5,5,5,2,4,6,-1,-1,-1,-1,-1,-1,-1,-1,-1,-1,-1,-1,-1,-1,273,"oil, drilling",Petroleum Engineering
Science,4,5,4,5,4,2,5,6,-1,-1,-1,-1,-1,-1,-1,-1,-1,-1,-1,-1,-1,-1,250,"environmental planning, city development",Urban and Regional Planning
Science,5,6,5,4,4,5,-1,6,6,-1,-1,-1,-1,-1,-1,-1,-1,-1,-1,-1,-1,-1,289,"cancer, treatment",Oncology
Science,4,4,4,2,6,6,-1,4,4,-1,-1,-1,-1,-1,-1,-1,-1,-1,-1,-1,-1,-1,261,"community health, disease prevention",Public Health
Science,6,4,4,4,5,6,-1,5,5,-1,-1,-1,-1,-1,-1,-1,-1,-1,-1,-1,-1,-1,250,"energy, experiments",Physics
Science,6,5,4,4,5,4,-1,5,-1,-1,5,-1,-1,-1,-1,-1,-1,-1,-1,-1,-1,-1,307,"earth science, rocks",Geology
Science,5,5,6,5,6,4,-1,3,-1,4,-1,-1,-1,-1,-1,-1,-1,-1,-1,-1,-1,-1,302,"seafood production, fish farming",Fisheries and Aquaculture
Art,6,5,6,-1,-1,-1,-1,-1,-1,-1,-1,6,4,6,4,6,-1,5,-1,-1,-1,-1,208,"crime investigation, criminal justice",Criminology
Art,2,6,4,-1,-1,-1,-1,-1,-1,-1,-1,6,4,4,4,4,-1,-1,-1,5,-1,-1,192,"tourism, heritage",Museum and Heritage Studies
Art,1,4,6,-1,-1,-1,-1,-1,-1,-1,-1,6,4,6,5,6,-1,-1,6,-1,-1,-1,180,"Creative software, drawing tablets",Digital Art
Art,3,6,5,-1,-1,-1,-1,-1,-1,-1,-1,4,5,4,4,5,6,-1,-1,-1,-1,-1,145,"drawing tablets, Creative software",Digital Art
Commercial,6,4,5,-1,-1,-1,-1,-1,-1,-1,-1,4,4,-1,4,-1,-1,-1,-1,-1,4,6,254,"office administration, organizational planning",Business Administration
Science,6,6,6,6,6,2,-1,6,-1,-1,-1,-1,-1,-1,-1,-1,-1,-1,-1,-1,-1,-1,268,"statistics, data",Data Science
Science,6,6,6,5,4,2,5,5,-1,-1,-1,-1,-1,-1,-1,-1,-1,-1,-1,-1,-1,-1,239,"structures, buildings",Civil Engineering
Science,4,6,6,6,4,3,5,5,-1,-1,-1,-1,-1,-1,-1,-1,-1,-1,-1,-1,-1,-1,233,"AutoCad, buildings",Architecture
Science,5,5,5,6,6,4,-1,6,5,-1,-1,-1,-1,-1,-1,-1,-1,-1,-1,-1,-1,-1,298,"treatment, cancer",Oncology
Science,6,4,5,3,5,5,-1,4,4,-1,-1,-1,-1,-1,-1,-1,-1,-1,-1,-1,-1,-1,274,"community health, disease prevention",Public Health
Science,6,5,6,6,6,5,-1,5,4,-1,-1,-1,-1,-1,-1,-1,-1,-1,-1,-1,-1,-1,259,"microorganisms, research",Microbiology
Science,4,4,5,6,5,5,-1,5,-1,-1,6,-1,-1,-1,-1,-1,-1,-1,-1,-1,-1,-1,282,"earth science, rocks",Geology
Science,4,4,4,6,5,6,-1,2,-1,4,-1,-1,-1,-1,-1,-1,-1,-1,-1,-1,-1,-1,222,"farming, food production",Agricultural Science
Art,4,4,5,-1,-1,-1,-1,-1,-1,-1,-1,6,5,6,6,4,-1,6,-1,-1,-1,-1,219,"human rights, advocacy",Law
Art,3,4,5,-1,-1,-1,-1,-1,-1,-1,-1,4,4,4,4,6,-1,-1,-1,4,-1,-1,192,"customer service, tour guiding",Tourism and Hospitality
Art,3,5,6,-1,-1,-1,-1,-1,-1,-1,-1,4,5,6,6,4,-1,-1,6,-1,-1,-1,184,"fine arts, crafts",Painting and Sculpture
Art,2,4,6,-1,-1,-1,-1,-1,-1,-1,-1,4,4,4,5,4,5,-1,-1,-1,-1,-1,179,"crafts, sculpting",Painting and Sculpture
Commercial,4,5,6,-1,-1,-1,-1,-1,-1,-1,-1,5,6,-1,6,-1,-1,-1,-1,-1,4,6,313,"insurance mathematics, risk analysis",Actuarial Science
Science,6,4,4,4,6,3,-1,6,-1,-1,-1,-1,-1,-1,-1,-1,-1,-1,-1,-1,-1,-1,224,"network protection, hacking",Cyber Security
Science,5,4,4,4,5,2,5,5,-1,-1,-1,-1,-1,-1,-1,-1,-1,-1,-1,-1,-1,-1,269,"construction, structures",Civil Engineering
Science,4,4,4,6,6,1,6,4,-1,-1,-1,-1,-1,-1,-1,-1,-1,-1,-1,-1,-1,-1,229,"geographic information system, land measurement",Surveying and Geoinformatics
Science,6,4,6,6,6,4,-1,5,4,-1,-1,-1,-1,-1,-1,-1,-1,-1,-1,-1,-1,-1,316,"veterinary care, animals",Veterinary Medicine
Science,5,5,6,2,5,4,-1,6,6,-1,-1,-1,-1,-1,-1,-1,-1,-1,-1,-1,-1,-1,238,"health diet, food",Nutrition and Dietetics
Science,5,4,5,4,6,5,-1,5,4,-1,-1,-1,-1,-1,-1,-1,-1,-1,-1,-1,-1,-1,256,"probability, data analysis",Statistics
Science,4,5,6,5,6,6,-1,6,-1,-1,5,-1,-1,-1,-1,-1,-1,-1,-1,-1,-1,-1,261,"earth structure, seismology",Geophysics
Science,4,5,6,5,6,6,-1,1,-1,5,-1,-1,-1,-1,-1,-1,-1,-1,-1,-1,-1,-1,267,"flower cultivation, fruit production",Horticulture
Art,4,5,6,-1,-1,-1,-1,-1,-1,-1,-1,5,6,5,4,4,-1,6,-1,-1,-1,-1,189,"foreign policy, politics",International Relations
Art,1,6,6,-1,-1,-1,-1,-1,-1,-1,-1,6,4,6,5,4,-1,-1,-1,6,-1,-1,192,"customer service, travel",Tourism and Hospitality
Art,2,6,6,-1,-1,-1,-1,-1,-1,-1,-1,4,4,4,4,6,-1,-1,6,-1,-1,-1,189,"branding, posters",Graphics Design
Art,2,6,6,-1,-1,-1,-1,-1,-1,-1,-1,6,6,6,6,6,6,-1,-1,-1,-1,-1,150,"design, posters",Graphics Design
Commercial,6,6,4,-1,-1,-1,-1,-1,-1,-1,-1,4,5,-1,4,-1,-1,-1,-1,-1,6,4,259,"procurement, logistics",Supply Chain Management
Science,5,6,4,5,5,3,-1,5,-1,-1,-1,-1,-1,-1,-1,-1,-1,-1,-1,-1,-1,-1,272,"networks, communication systems",Network Engineering
Science,4,4,6,5,6,2,6,6,-1,-1,-1,-1,-1,-1,-1,-1,-1,-1,-1,-1,-1,-1,244,"structures, materials",Materials Engineering
Science,5,5,6,5,4,1,4,6,-1,-1,-1,-1,-1,-1,-1,-1,-1,-1,-1,-1,-1,-1,236,"construction costs, cost analysis",Quantity Surveying
Science,5,4,4,5,6,5,-1,5,5,-1,-1,-1,-1,-1,-1,-1,-1,-1,-1,-1,-1,-1,295,"diagnosis, imaging",Radiology
Science,4,6,5,1,4,4,-1,6,5,-1,-1,-1,-1,-1,-1,-1,-1,-1,-1,-1,-1,-1,287,"health diet, food",Nutrition and Dietetics
Science,5,6,6,4,5,5,-1,4,4,-1,-1,-1,-1,-1,-1,-1,-1,-1,-1,-1,-1,-1,279,"motion, energy",Physics
Science,6,4,5,5,4,5,-1,5,-1,-1,6,-1,-1,-1,-1,-1,-1,-1,-1,-1,-1,-1,307,"rocks, earth science",Geology
Science,5,4,6,6,4,6,-1,2,-1,5,-1,-1,-1,-1,-1,-1,-1,-1,-1,-1,-1,-1,251,"crop cultivation, agricultural technology",Agricultural Science
Art,6,6,4,-1,-1,-1,-1,-1,-1,-1,-1,5,4,4,4,4,-1,4,-1,-1,-1,-1,196,"justice, human rights",Law
Art,3,4,6,-1,-1,-1,-1,-1,-1,-1,-1,5,5,5,6,6,-1,-1,-1,4,-1,-1,212,"history preservation, heritage",Museum and Heritage Studies
Art,2,6,5,-1,-1,-1,-1,-1,-1,-1,-1,6,5,4,5,5,-1,-1,6,-1,-1,-1,165,"editing photos, taking pictures",Photography
Art,1,5,5,-1,-1,-1,-1,-1,-1,-1,-1,5,5,4,4,4,5,-1,-1,-1,-1,-1,166,"taking pictures, editing photos",Photography
Commercial,5,5,4,-1,-1,-1,-1,-1,-1,-1,-1,5,6,-1,5,-1,-1,-1,-1,-1,4,5,328,"investment, money management",Banking and Finance
Science,6,4,4,5,5,2,-1,6,-1,-1,-1,-1,-1,-1,-1,-1,-1,-1,-1,-1,-1,-1,256,"software integration, hardware",Computer Engineering
Science,4,4,4,5,5,2,5,6,-1,-1,-1,-1,-1,-1,-1,-1,-1,-1,-1,-1,-1,-1,242,"robots, systems",Mechatronics Engineering
Science,4,4,4,5,6,3,5,5,-1,-1,-1,-1,-1,-1,-1,-1,-1,-1,-1,-1,-1,-1,263,"property management, facility management",Estate Management
Science,4,5,6,5,5,5,-1,4,5,-1,-1,-1,-1,-1,-1,-1,-1,-1,-1,-1,-1,-1,257,"diagnosis, imaging",Radiology
Science,5,4,5,2,4,6,-1,5,5,-1,-1,-1,-1,-1,-1,-1,-1,-1,-1,-1,-1,-1,281,"community health, disease prevention",Public Health
Science,5,5,4,4,6,5,-1,6,6,-1,-1,-1,-1,-1,-1,-1,-1,-1,-1,-1,-1,-1,254,"laboratory, reactions",Chemistry
Science,4,6,5,5,6,6,-1,5,-1,-1,4,-1,-1,-1,-1,-1,-1,-1,-1,-1,-1,-1,227,"climate, weather",Meteorology
Science,5,4,4,4,5,4,-1,1,-1,5,-1,-1,-1,-1,-1,-1,-1,-1,-1,-1,-1,-1,270,"community outreach, farmer education",Agricultural Extension
Art,5,5,6,-1,-1,-1,-1,-1,-1,-1,-1,5,6,5,4,5,-1,4,-1,-1,-1,-1,196,"advocacy, debate",Law
Art,1,4,5,-1,-1,-1,-1,-1,-1,-1,-1,5,4,6,4,4,-1,-1,-1,6,-1,-1,183,"documentation, record keeping",Archival Studies
Art,3,4,5,-1,-1,-1,-1,-1,-1,-1,-1,5,5,6,5,5,-1,-1,5,-1,-1,-1,220,"furniture, home aesthetics",Interior Design
Art,3,5,6,-1,-1,-1,-1,-1,-1,-1,-1,5,6,6,6,6,4,-1,-1,-1,-1,-1,206,"space planning, room decoration",Interior Design
Commercial,4,4,4,-1,-1,-1,-1,-1,-1,-1,-1,5,6,-1,4,-1,-1,-1,-1,-1,6,4,271,"leadership, business management",Business Administration
Science,5,6,5,5,4,3,-1,6,-1,-1,-1,-1,-1,-1,-1,-1,-1,-1,-1,-1,-1,-1,211,"software integration, hardware",Computer Engineering
Science,6,6,4,4,6,3,4,4,-1,-1,-1,-1,-1,-1,-1,-1,-1,-1,-1,-1,-1,-1,240,"metals, structures",Materials Engineering
Science,6,5,5,5,6,2,5,6,-1,-1,-1,-1,-1,-1,-1,-1,-1,-1,-1,-1,-1,-1,235,"spatial data, geographic information system",Surveying and Geoinformatics
Science,4,6,6,4,5,6,-1,6,5,-1,-1,-1,-1,-1,-1,-1,-1,-1,-1,-1,-1,-1,264,"dental care, teeth",Dentistry
Science,6,6,4,1,6,6,-1,4,5,-1,-1,-1,-1,-1,-1,-1,-1,-1,-1,-1,-1,-1,281,"health diet, food",Nutrition and Dietetics
Science,4,5,5,4,5,5,-1,6,6,-1,-1,-1,-1,-1,-1,-1,-1,-1,-1,-1,-1,-1,224,"bioengineering, genetics",Biotechnology
Science,5,4,4,5,5,5,-1,5,-1,-1,6,-1,-1,-1,-1,-1,-1,-1,-1,-1,-1,-1,258,"climate, weather",Meteorology
Science,4,4,4,6,5,5,-1,2,-1,6,-1,-1,-1,-1,-1,-1,-1,-1,-1,-1,-1,-1,248,"environmental protection, wildlife management",Forestry
Art,6,5,6,-1,-1,-1,-1,-1,-1,-1,-1,5,4,6,5,6,-1,4,-1,-1,-1,-1,196,"cultural studies, society",Sociology
Art,2,5,5,-1,-1,-1,-1,-1,-1,-1,-1,5,6,4,5,6,-1,-1,-1,4,-1,-1,175,"culture, tourism",Museum and Heritage Studies
Art,3,6,6,-1,-1,-1,-1,-1,-1,-1,-1,4,5,4,6,5,-1,-1,5,-1,-1,-1,184,"drawing outfits, textiles",Fashion Design
Art,1,4,4,-1,-1,-1,-1,-1,-1,-1,-1,6,6,5,6,5,6,-1,-1,-1,-1,-1,197,"clothing, textiles",Fashion Design
Commercial,4,4,5,-1,-1,-1,-1,-1,-1,-1,-1,4,6,-1,6,-1,-1,-1,-1,-1,4,4,319,"financial records, auditing",Accounting
Science,4,4,5,5,5,1,-1,6,-1,-1,-1,-1,-1,-1,-1,-1,-1,-1,-1,-1,-1,-1,212,"support, computers",Information Technology
Science,5,4,4,6,4,2,4,5,-1,-1,-1,-1,-1,-1,-1,-1,-1,-1,-1,-1,-1,-1,223,"structures, materials",Materials Engineering
Science,4,4,6,4,4,2,5,5,-1,-1,-1,-1,-1,-1,-1,-1,-1,-1,-1,-1,-1,-1,283,"land valuation, real estate",Estate Management
Science,6,6,5,6,6,6,-1,5,6,-1,-1,-1,-1,-1,-1,-1,-1,-1,-1,-1,-1,-1,267,"medical science, human body",Anatomy
Science,4,6,6,2,4,5,-1,6,5,-1,-1,-1,-1,-1,-1,-1,-1,-1,-1,-1,-1,-1,251,"disease prevention, community health",Public Health
Science,5,4,5,6,4,6,-1,4,4,-1,-1,-1,-1,-1,-1,-1,-1,-1,-1,-1,-1,-1,238,"life science, nature",Biology
Science,5,4,5,6,6,5,-1,5,-1,-1,4,-1,-1,-1,-1,-1,-1,-1,-1,-1,-1,-1,285,"weather, climate",Meteorology
Science,5,5,6,4,6,6,-1,3,-1,4,-1,-1,-1,-1,-1,-1,-1,-1,-1,-1,-1,-1,259,"farming, crop management",Agronomy
Art,5,5,5,-1,-1,-1,-1,-1,-1,-1,-1,5,4,6,6,4,-1,4,-1,-1,-1,-1,164,"society, cultural studies",Sociology
Art,2,5,6,-1,-1,-1,-1,-1,-1,-1,-1,5,5,5,6,5,-1,-1,-1,4,-1,-1,214,"customer service, travel",Tourism and Hospitality
Art,3,4,6,-1,-1,-1,-1,-1,-1,-1,-1,4,6,6,4,4,-1,-1,4,-1,-1,-1,207,"creativity, branding",Graphics Design
Art,3,4,5,-1,-1,-1,-1,-1,-1,-1,-1,6,6,6,4,4,6,-1,-1,-1,-1,-1,179,"creativity, posters",Graphics Design
Commercial,6,5,5,-1,-1,-1,-1,-1,-1,-1,-1,4,5,-1,6,-1,-1,-1,-1,-1,5,5,267,"financial records, auditing",Accounting
Science,6,6,6,5,5,3,-1,5,-1,-1,-1,-1,-1,-1,-1,-1,-1,-1,-1,-1,-1,-1,230,"business IT, systems",Information Systems
Science,6,4,5,4,4,2,5,6,-1,-1,-1,-1,-1,-1,-1,-1,-1,-1,-1,-1,-1,-1,220,"devices, electronics",Electronic Engineering
Science,6,6,5,4,4,3,6,4,-1,-1,-1,-1,-1,-1,-1,-1,-1,-1,-1,-1,-1,-1,278,"buildings, design",Architecture
Science,4,4,4,6,4,6,-1,6,4,-1,-1,-1,-1,-1,-1,-1,-1,-1,-1,-1,-1,-1,314,"movement, rehabilitation",Physiotherapy
Science,5,6,4,3,6,5,-1,4,6,-1,-1,-1,-1,-1,-1,-1,-1,-1,-1,-1,-1,-1,264,"health diet, food",Nutrition and Dietetics
Science,6,6,4,4,4,4,-1,5,6,-1,-1,-1,-1,-1,-1,-1,-1,-1,-1,-1,-1,-1,234,"motion, experiments",Physics
Science,4,5,6,5,4,6,-1,6,-1,-1,4,-1,-1,-1,-1,-1,-1,-1,-1,-1,-1,-1,288,"marine life, oceans",Marine Science
Science,5,4,4,4,6,5,-1,3,-1,4,-1,-1,-1,-1,-1,-1,-1,-1,-1,-1,-1,-1,267,"soil testing, land management",Soil Science
Art,6,4,4,-1,-1,-1,-1,-1,-1,-1,-1,6,6,4,4,6,-1,6,-1,-1,-1,-1,207,"criminal justice, law enforcement",Criminology
Art,3,6,4,-1,-1,-1,-1,-1,-1,-1,-1,5,5,5,4,6,-1,-1,-1,4,-1,-1,212,"analysis, data gathering",Research and Policy Analysis
Art,2,5,6,-1,-1,-1,-1,-1,-1,-1,-1,5,4,4,4,6,-1,-1,5,-1,-1,-1,144,"video effects, visual storytelling",Motion Graphics
Art,1,6,6,-1,-1,-1,-1,-1,-1,-1,-1,6,5,4,4,5,5,-1,-1,-1,-1,-1,220,"creative editing, video effects",Motion Graphics
Commercial,6,5,5,-1,-1,-1,-1,-1,-1,-1,-1,5,4,-1,6,-1,-1,-1,-1,-1,5,5,292,"revenue management, financial compliance",Taxation
Science,5,6,6,4,5,3,-1,5,-1,-1,-1,-1,-1,-1,-1,-1,-1,-1,-1,-1,-1,-1,233,"business IT, systems",Information Systems
Science,4,6,6,5,6,2,4,5,-1,-1,-1,-1,-1,-1,-1,-1,-1,-1,-1,-1,-1,-1,243,"devices, electronics",Electronic Engineering
Science,5,6,6,5,5,3,4,4,-1,-1,-1,-1,-1,-1,-1,-1,-1,-1,-1,-1,-1,-1,256,"construction costs, cost analysis",Quantity Surveying
Science,6,5,6,6,6,6,-1,6,5,-1,-1,-1,-1,-1,-1,-1,-1,-1,-1,-1,-1,-1,283,"teeth, dental care",Dentistry
Science,6,4,5,3,5,6,-1,4,6,-1,-1,-1,-1,-1,-1,-1,-1,-1,-1,-1,-1,-1,223,"health diet, food",Nutrition and Dietetics
Science,6,6,6,6,5,5,-1,6,6,-1,-1,-1,-1,-1,-1,-1,-1,-1,-1,-1,-1,-1,284,"data analysis, probability",Statistics
Science,5,5,4,5,6,4,-1,6,-1,-1,4,-1,-1,-1,-1,-1,-1,-1,-1,-1,-1,-1,304,"seismology, earth structure",Geophysics
Science,4,5,6,4,6,6,-1,3,-1,6,-1,-1,-1,-1,-1,-1,-1,-1,-1,-1,-1,-1,265,"agricultural training, community outreach",Agricultural Extension
Art,4,6,5,-1,-1,-1,-1,-1,-1,-1,-1,5,5,4,6,4,-1,4,-1,-1,-1,-1,215,"politics, foreign policy",International Relations
Art,1,4,5,-1,-1,-1,-1,-1,-1,-1,-1,6,6,4,5,4,-1,-1,-1,5,-1,-1,197,"tourism, history preservation",Museum and Heritage Studies
Art,1,5,5,-1,-1,-1,-1,-1,-1,-1,-1,6,4,6,6,5,-1,-1,6,-1,-1,-1,170,"ui design, website layouts",Web Design
Art,1,6,6,-1,-1,-1,-1,-1,-1,-1,-1,6,4,6,4,4,4,-1,-1,-1,-1,-1,208,"user experience, ui design",Web Design
Commercial,4,6,4,-1,-1,-1,-1,-1,-1,-1,-1,5,5,-1,4,-1,-1,-1,-1,-1,5,5,255,"financial markets, investment",Banking and Finance
Science,6,6,6,5,6,2,-1,4,-1,-1,-1,-1,-1,-1,-1,-1,-1,-1,-1,-1,-1,-1,266,"hardware, software integration",Computer Engineering
Science,6,5,5,5,4,1,5,4,-1,-1,-1,-1,-1,-1,-1,-1,-1,-1,-1,-1,-1,-1,251,"cars, engines",Automotive Engineering
Science,4,6,6,6,5,1,5,4,-1,-1,-1,-1,-1,-1,-1,-1,-1,-1,-1,-1,-1,-1,281,"cost analysis, project budgeting",Quantity Surveying
Science,6,5,5,6,5,6,-1,4,6,-1,-1,-1,-1,-1,-1,-1,-1,-1,-1,-1,-1,-1,283,"medical imaging, x_ray",Radiography
Science,5,6,6,1,6,4,-1,6,4,-1,-1,-1,-1,-1,-1,-1,-1,-1,-1,-1,-1,-1,258,"disease prevention, community health",Public Health
Science,5,5,4,4,5,6,-1,5,4,-1,-1,-1,-1,-1,-1,-1,-1,-1,-1,-1,-1,-1,242,"modeling, computation",Applied Mathematics
Science,5,6,6,4,6,5,-1,6,-1,-1,5,-1,-1,-1,-1,-1,-1,-1,-1,-1,-1,-1,315,"earth structure, seismology",Geophysics
Science,6,5,4,5,5,5,-1,3,-1,5,-1,-1,-1,-1,-1,-1,-1,-1,-1,-1,-1,-1,247,"crops, crop management",Agronomy
Art,6,4,4,-1,-1,-1,-1,-1,-1,-1,-1,4,5,4,4,4,-1,4,-1,-1,-1,-1,217,"media, writing",Journalism and Media Studies
Art,3,6,5,-1,-1,-1,-1,-1,-1,-1,-1,6,4,4,5,5,-1,-1,-1,4,-1,-1,176,"documentation, record keeping",Archival Studies
Art,3,6,6,-1,-1,-1,-1,-1,-1,-1,-1,5,4,4,4,4,-1,-1,5,-1,-1,-1,213,"creative visuals, editing photos",Photography
Art,1,5,6,-1,-1,-1,-1,-1,-1,-1,-1,6,4,4,5,4,4,-1,-1,-1,-1,-1,140,"portraits, taking pictures",Photography
Commercial,6,5,6,-1,-1,-1,-1,-1,-1,-1,-1,6,5,-1,5,-1,-1,-1,-1,-1,6,5,319,"policy analysis, claims processing",Insurance
Science,6,4,5,5,4,1,-1,4,-1,-1,-1,-1,-1,-1,-1,-1,-1,-1,-1,-1,-1,-1,270,"business IT, systems",Information Systems
Science,6,4,5,5,6,3,6,6,-1,-1,-1,-1,-1,-1,-1,-1,-1,-1,-1,-1,-1,-1,284,"structures, metals",Materials Engineering
Science,5,6,5,6,4,1,5,4,-1,-1,-1,-1,-1,-1,-1,-1,-1,-1,-1,-1,-1,-1,266,"design, AutoCad",Architecture
Science,6,4,4,4,5,5,-1,6,4,-1,-1,-1,-1,-1,-1,-1,-1,-1,-1,-1,-1,-1,284,"patients, hospital",Nursing
Science,6,4,4,3,6,5,-1,4,5,-1,-1,-1,-1,-1,-1,-1,-1,-1,-1,-1,-1,-1,277,"disease prevention, community health",Public Health
Science,6,6,4,5,5,5,-1,4,4,-1,-1,-1,-1,-1,-1,-1,-1,-1,-1,-1,-1,-1,235,"reactions, laboratory",Chemistry
Science,6,6,5,6,6,4,-1,4,-1,-1,4,-1,-1,-1,-1,-1,-1,-1,-1,-1,-1,-1,253,"earth science, rocks",Geology
Science,6,6,4,4,4,4,-1,2,-1,5,-1,-1,-1,-1,-1,-1,-1,-1,-1,-1,-1,-1,260,"animal breeding, livestock farming",Animal Science
Art,4,6,4,-1,-1,-1,-1,-1,-1,-1,-1,6,6,5,5,4,-1,4,-1,-1,-1,-1,215,"news reporting, media",Journalism and Media Studies
Art,3,5,6,-1,-1,-1,-1,-1,-1,-1,-1,4,5,5,6,4,-1,-1,-1,5,-1,-1,172,"ancient civilization, excavation",Archaeology
Art,2,6,6,-1,-1,-1,-1,-1,-1,-1,-1,5,5,5,5,4,-1,-1,5,-1,-1,-1,140,"Sketching, digital art",Illustration
Art,3,5,5,-1,-1,-1,-1,-1,-1,-1,-1,6,5,4,5,5,4,-1,-1,-1,-1,-1,209,"digital art, character design",Illustration
Commercial,5,4,6,-1,-1,-1,-1,-1,-1,-1,-1,5,5,-1,4,-1,-1,-1,-1,-1,6,6,296,"employee relations, staff management",Human Resource Management
Science,5,4,6,6,4,1,-1,5,-1,-1,-1,-1,-1,-1,-1,-1,-1,-1,-1,-1,-1,-1,233,"apps, development",Software Engineering
Science,6,4,5,4,4,1,5,6,-1,-1,-1,-1,-1,-1,-1,-1,-1,-1,-1,-1,-1,-1,250,"cars, vehicles",Automotive Engineering
Science,5,4,4,4,5,3,4,4,-1,-1,-1,-1,-1,-1,-1,-1,-1,-1,-1,-1,-1,-1,230,"real estate, facility management",Estate Management
Science,5,6,6,5,4,6,-1,6,6,-1,-1,-1,-1,-1,-1,-1,-1,-1,-1,-1,-1,-1,280,"treatment, medicine",Medicine and Surgery
Science,6,4,4,3,5,6,-1,6,4,-1,-1,-1,-1,-1,-1,-1,-1,-1,-1,-1,-1,-1,276,"community health, disease prevention",Public Health
Science,4,6,6,4,5,6,-1,4,6,-1,-1,-1,-1,-1,-1,-1,-1,-1,-1,-1,-1,-1,308,"modeling, computation",Applied Mathematics
Science,4,4,4,4,4,4,-1,5,-1,-1,4,-1,-1,-1,-1,-1,-1,-1,-1,-1,-1,-1,308,"marine life, oceans",Marine Science
Science,4,5,4,4,6,4,-1,3,-1,5,-1,-1,-1,-1,-1,-1,-1,-1,-1,-1,-1,-1,267,"landscaping, gardening",Horticulture
Art,4,5,4,-1,-1,-1,-1,-1,-1,-1,-1,6,4,5,6,5,-1,4,-1,-1,-1,-1,212,"politics, diplomacy",International Relations
Art,3,6,5,-1,-1,-1,-1,-1,-1,-1,-1,5,6,6,6,6,-1,-1,-1,4,-1,-1,239,"heritage, history preservation",Museum and Heritage Studies
Art,2,5,5,-1,-1,-1,-1,-1,-1,-1,-1,5,4,5,6,6,-1,-1,4,-1,-1,-1,217,"textiles, drawing outfits",Fashion Design
Art,3,6,4,-1,-1,-1,-1,-1,-1,-1,-1,4,6,4,4,4,6,-1,-1,-1,-1,-1,182,"fashion trends, textiles",Fashion Design
Commercial,5,4,4,-1,-1,-1,-1,-1,-1,-1,-1,5,5,-1,4,-1,-1,-1,-1,-1,5,6,235,"data modelling, insurance mathematics",Actuarial Science
Science,5,6,4,4,5,1,-1,5,-1,-1,-1,-1,-1,-1,-1,-1,-1,-1,-1,-1,-1,-1,226,"statistics, analysis",Data Science
Science,6,5,4,4,6,2,5,4,-1,-1,-1,-1,-1,-1,-1,-1,-1,-1,-1,-1,-1,-1,268,"ocean, marine systems",Marine Engineering
Science,5,6,6,5,4,2,4,6,-1,-1,-1,-1,-1,-1,-1,-1,-1,-1,-1,-1,-1,-1,257,"AutoCad, buildings",Architecture
Science,4,5,6,5,5,6,-1,5,5,-1,-1,-1,-1,-1,-1,-1,-1,-1,-1,-1,-1,-1,314,"testing, laboratory",Medical Laboratory Science
Science,4,5,6,2,6,6,-1,6,5,-1,-1,-1,-1,-1,-1,-1,-1,-1,-1,-1,-1,-1,260,"health diet, food",Nutrition and Dietetics
Science,5,6,6,4,5,6,-1,5,4,-1,-1,-1,-1,-1,-1,-1,-1,-1,-1,-1,-1,-1,231,"technology, research",Applied Physics
Science,6,4,4,5,6,6,-1,5,-1,-1,4,-1,-1,-1,-1,-1,-1,-1,-1,-1,-1,-1,225,"earth structure, seismology",Geophysics
Science,4,6,6,5,6,4,-1,1,-1,6,-1,-1,-1,-1,-1,-1,-1,-1,-1,-1,-1,-1,224,"flower cultivation, fruit production",Horticulture
Art,5,6,5,-1,-1,-1,-1,-1,-1,-1,-1,6,4,4,6,4,-1,4,-1,-1,-1,-1,214,"social justice, human rights",Human Rights and Advocacy
Art,3,6,6,-1,-1,-1,-1,-1,-1,-1,-1,6,4,5,4,6,-1,-1,-1,5,-1,-1,207,"historical records, documentation",Archival Studies
Art,1,6,6,-1,-1,-1,-1,-1,-1,-1,-1,6,5,4,4,5,-1,-1,4,-1,-1,-1,217,"cartoons, storytelling",Animation
Art,1,4,6,-1,-1,-1,-1,-1,-1,-1,-1,6,4,4,4,4,4,-1,-1,-1,-1,-1,151,"3d animation, motion graphics",Animation
Commercial,5,6,6,-1,-1,-1,-1,-1,-1,-1,-1,6,5,-1,6,-1,-1,-1,-1,-1,4,5,321,"sales strategies, branding",Marketing
Science,4,4,4,6,4,1,-1,4,-1,-1,-1,-1,-1,-1,-1,-1,-1,-1,-1,-1,-1,-1,224,"communication systems, networks",Network Engineering
Science,4,6,5,4,4,2,5,5,-1,-1,-1,-1,-1,-1,-1,-1,-1,-1,-1,-1,-1,-1,249,"robotics, engines",Mechanical Engineering
Science,5,4,4,6,6,3,5,6,-1,-1,-1,-1,-1,-1,-1,-1,-1,-1,-1,-1,-1,-1,257,"AutoCad, drawing",Architecture
Science,5,6,6,5,4,4,-1,5,6,-1,-1,-1,-1,-1,-1,-1,-1,-1,-1,-1,-1,-1,300,"healthcare, treatment",Medicine and Surgery
Science,6,6,6,3,4,4,-1,6,6,-1,-1,-1,-1,-1,-1,-1,-1,-1,-1,-1,-1,-1,248,"community health, disease prevention",Public Health
Science,6,4,5,4,4,4,-1,4,6,-1,-1,-1,-1,-1,-1,-1,-1,-1,-1,-1,-1,-1,268,"industry, chemical production",Industrial Chemistry
Science,4,6,6,6,6,6,-1,4,-1,-1,5,-1,-1,-1,-1,-1,-1,-1,-1,-1,-1,-1,249,"earth structure, seismology",Geophysics
Science,4,6,6,4,5,6,-1,1,-1,4,-1,-1,-1,-1,-1,-1,-1,-1,-1,-1,-1,-1,298,"soil, crops",Agronomy
Art,4,5,4,-1,-1,-1,-1,-1,-1,-1,-1,5,6,5,5,4,-1,4,-1,-1,-1,-1,207,"policy making, leadership",Public Administration
Art,3,5,6,-1,-1,-1,-1,-1,-1,-1,-1,4,4,4,5,6,-1,-1,-1,6,-1,-1,201,"problem solving, analysis",Research and Policy Analysis
Art,3,4,5,-1,-1,-1,-1,-1,-1,-1,-1,4,6,6,6,5,-1,-1,4,-1,-1,-1,152,"furniture, space planning",Interior Design
Art,2,6,4,-1,-1,-1,-1,-1,-1,-1,-1,5,4,5,4,6,4,-1,-1,-1,-1,-1,218,"furniture, room decoration",Interior Design
Commercial,6,6,5,-1,-1,-1,-1,-1,-1,-1,-1,6,5,-1,6,-1,-1,-1,-1,-1,5,5,340,"investment, banking",Banking and Finance
Science,5,6,4,4,4,3,-1,4,-1,-1,-1,-1,-1,-1,-1,-1,-1,-1,-1,-1,-1,-1,242,"software integration, hardware",Computer Engineering
Science,5,6,4,5,6,1,6,6,-1,-1,-1,-1,-1,-1,-1,-1,-1,-1,-1,-1,-1,-1,220,"machines, mechanics",Mechanical Engineering
Science,5,4,5,4,6,3,5,4,-1,-1,-1,-1,-1,-1,-1,-1,-1,-1,-1,-1,-1,-1,248,"environmental planning, community planning",Urban and Regional Planning
Science,4,6,4,5,6,5,-1,6,4,-1,-1,-1,-1,-1,-1,-1,-1,-1,-1,-1,-1,-1,281,"body functions, health science",Physiology
Science,5,4,5,2,4,5,-1,5,4,-1,-1,-1,-1,-1,-1,-1,-1,-1,-1,-1,-1,-1,237,"disease prevention, community health",Public Health
Science,5,5,5,5,4,4,-1,5,4,-1,-1,-1,-1,-1,-1,-1,-1,-1,-1,-1,-1,-1,310,"problem solving, logic",Mathematics
Science,5,4,6,4,4,4,-1,5,-1,-1,4,-1,-1,-1,-1,-1,-1,-1,-1,-1,-1,-1,262,"environment, climate",Environmental Science
Science,6,5,6,4,6,5,-1,3,-1,5,-1,-1,-1,-1,-1,-1,-1,-1,-1,-1,-1,-1,250,"soil, farming",Agronomy
Art,4,4,4,-1,-1,-1,-1,-1,-1,-1,-1,6,6,6,4,6,-1,6,-1,-1,-1,-1,227,"mental health, counselling",Psychology
Art,2,6,5,-1,-1,-1,-1,-1,-1,-1,-1,6,5,6,5,6,-1,-1,-1,5,-1,-1,188,"research, data gathering",Research and Policy Analysis
Art,3,4,4,-1,-1,-1,-1,-1,-1,-1,-1,4,6,4,4,4,-1,-1,6,-1,-1,-1,168,"editing photos, creative visuals",Photography
Art,3,4,6,-1,-1,-1,-1,-1,-1,-1,-1,5,4,5,4,5,5,-1,-1,-1,-1,-1,196,"portraits, editing photos",Photography
Commercial,4,5,4,-1,-1,-1,-1,-1,-1,-1,-1,6,5,-1,5,-1,-1,-1,-1,-1,6,6,233,"branding, advertising",Marketing
Science,6,5,5,4,6,1,-1,6,-1,-1,-1,-1,-1,-1,-1,-1,-1,-1,-1,-1,-1,-1,212,"analysis, statistics",Data Science
Science,6,4,6,6,4,1,5,4,-1,-1,-1,-1,-1,-1,-1,-1,-1,-1,-1,-1,-1,-1,247,"ocean, marine systems",Marine Engineering
Science,4,6,6,6,5,2,5,4,-1,-1,-1,-1,-1,-1,-1,-1,-1,-1,-1,-1,-1,-1,252,"building estimation, project budgeting",Quantity Surveying
Science,4,4,4,5,6,6,-1,4,5,-1,-1,-1,-1,-1,-1,-1,-1,-1,-1,-1,-1,-1,305,"medication, drugs",Pharmacy
Science,4,4,6,2,4,5,-1,6,4,-1,-1,-1,-1,-1,-1,-1,-1,-1,-1,-1,-1,-1,258,"health diet, food",Nutrition and Dietetics
Science,5,6,4,5,6,6,-1,4,4,-1,-1,-1,-1,-1,-1,-1,-1,-1,-1,-1,-1,-1,303,"motion, energy",Physics
Science,5,5,6,5,6,4,-1,4,-1,-1,4,-1,-1,-1,-1,-1,-1,-1,-1,-1,-1,-1,245,"weather, climate",Meteorology
Science,6,5,6,6,6,6,-1,1,-1,6,-1,-1,-1,-1,-1,-1,-1,-1,-1,-1,-1,-1,296,"community outreach, farmer education",Agricultural Extension
Art,6,4,6,-1,-1,-1,-1,-1,-1,-1,-1,4,4,4,5,5,-1,6,-1,-1,-1,-1,198,"public serving, administration",Public Administration
Art,1,6,6,-1,-1,-1,-1,-1,-1,-1,-1,5,4,5,5,5,-1,-1,-1,6,-1,-1,195,"travel, customer service",Tourism and Hospitality
Art,1,4,6,-1,-1,-1,-1,-1,-1,-1,-1,5,5,5,6,5,-1,-1,6,-1,-1,-1,198,"editing photos, creative visuals",Photography
Art,2,6,4,-1,-1,-1,-1,-1,-1,-1,-1,6,4,5,4,6,6,-1,-1,-1,-1,-1,206,"taking pictures, portraits",Photography
Commercial,6,4,6,-1,-1,-1,-1,-1,-1,-1,-1,4,6,-1,4,-1,-1,-1,-1,-1,6,5,273,"sales strategies, branding",Marketing
Science,4,5,4,4,6,2,-1,6,-1,-1,-1,-1,-1,-1,-1,-1,-1,-1,-1,-1,-1,-1,273,"computers, support",Information Technology
Science,4,5,5,5,4,3,5,4,-1,-1,-1,-1,-1,-1,-1,-1,-1,-1,-1,-1,-1,-1,255,"power systems, electricity",Electrical Engineering
Science,5,6,4,6,6,1,4,6,-1,-1,-1,-1,-1,-1,-1,-1,-1,-1,-1,-1,-1,-1,255,"design, drawing",Architecture
Science,6,5,5,5,5,6,-1,6,4,-1,-1,-1,-1,-1,-1,-1,-1,-1,-1,-1,-1,-1,306,"eyes, vision",Optometry
Science,4,6,5,1,6,5,-1,4,4,-1,-1,-1,-1,-1,-1,-1,-1,-1,-1,-1,-1,-1,292,"food, health diet",Nutrition and Dietetics
Science,5,6,5,4,4,6,-1,5,4,-1,-1,-1,-1,-1,-1,-1,-1,-1,-1,-1,-1,-1,274,"life science, nature",Biology
Science,4,4,6,5,4,6,-1,5,-1,-1,4,-1,-1,-1,-1,-1,-1,-1,-1,-1,-1,-1,302,"weather, climate",Meteorology
Science,4,6,4,4,4,5,-1,1,-1,4,-1,-1,-1,-1,-1,-1,-1,-1,-1,-1,-1,-1,306,"fruit production, gardening",Horticulture
Art,6,6,5,-1,-1,-1,-1,-1,-1,-1,-1,6,6,6,4,6,-1,4,-1,-1,-1,-1,195,"human rights, advocacy",Law
Art,1,5,4,-1,-1,-1,-1,-1,-1,-1,-1,5,5,4,6,4,-1,-1,-1,4,-1,-1,235,"historical artifacts, research",Archaeology
Art,3,4,6,-1,-1,-1,-1,-1,-1,-1,-1,5,5,6,5,6,-1,-1,5,-1,-1,-1,188,"digital painting, Creative software",Digital Art
Art,3,6,4,-1,-1,-1,-1,-1,-1,-1,-1,5,4,5,6,5,6,-1,-1,-1,-1,-1,155,"Creative software, drawing tablets",Digital Art
Commercial,4,4,4,-1,-1,-1,-1,-1,-1,-1,-1,4,4,-1,6,-1,-1,-1,-1,-1,5,6,254,"tax laws, financial compliance",Taxation
Science,6,4,4,4,5,2,-1,4,-1,-1,-1,-1,-1,-1,-1,-1,-1,-1,-1,-1,-1,-1,255,"network protection, hacking",Cyber Security
Science,4,6,5,6,5,3,5,5,-1,-1,-1,-1,-1,-1,-1,-1,-1,-1,-1,-1,-1,-1,255,"medical devices, health technology",Biomedical Engineering
Science,6,5,4,4,6,2,6,6,-1,-1,-1,-1,-1,-1,-1,-1,-1,-1,-1,-1,-1,-1,232,"geographic information system, mapping",Surveying and Geoinformatics
Science,5,4,5,6,6,6,-1,6,6,-1,-1,-1,-1,-1,-1,-1,-1,-1,-1,-1,-1,-1,291,"patients, care",Nursing
Science,5,4,5,1,5,4,-1,4,6,-1,-1,-1,-1,-1,-1,-1,-1,-1,-1,-1,-1,-1,254,"food, health diet",Nutrition and Dietetics
Science,4,5,4,6,6,6,-1,4,5,-1,-1,-1,-1,-1,-1,-1,-1,-1,-1,-1,-1,-1,251,"microorganisms, research",Microbiology
Science,5,5,4,5,5,4,-1,4,-1,-1,5,-1,-1,-1,-1,-1,-1,-1,-1,-1,-1,-1,225,"oceans, marine life",Marine Science
Science,4,6,5,4,4,5,-1,1,-1,4,-1,-1,-1,-1,-1,-1,-1,-1,-1,-1,-1,-1,254,"rural advisory services, agricultural training",Agricultural Extension
Art,4,6,6,-1,-1,-1,-1,-1,-1,-1,-1,6,6,6,6,6,-1,4,-1,-1,-1,-1,160,"crime investigation, forensic studies",Criminology
Art,3,6,4,-1,-1,-1,-1,-1,-1,-1,-1,4,5,6,5,6,-1,-1,-1,6,-1,-1,172,"travel, culture",Tourism and Hospitality
Art,2,4,4,-1,-1,-1,-1,-1,-1,-1,-1,4,5,5,6,5,-1,-1,5,-1,-1,-1,175,"digital products, user interface",UI/UX Design
Art,2,5,4,-1,-1,-1,-1,-1,-1,-1,-1,6,5,6,5,4,5,-1,-1,-1,-1,-1,200,"user interface, user experience",UI/UX Design
Commercial,6,4,5,-1,-1,-1,-1,-1,-1,-1,-1,6,5,-1,4,-1,-1,-1,-1,-1,6,4,240,"business startup, innovation",Entrepreneurship
Science,6,4,6,6,6,3,-1,4,-1,-1,-1,-1,-1,-1,-1,-1,-1,-1,-1,-1,-1,-1,263,"machine learning, AI",Artificial Intelligence
Science,5,5,6,5,5,2,6,6,-1,-1,-1,-1,-1,-1,-1,-1,-1,-1,-1,-1,-1,-1,283,"systems, production",Industrial Engineering
Science,5,5,4,5,5,1,5,6,-1,-1,-1,-1,-1,-1,-1,-1,-1,-1,-1,-1,-1,-1,227,"geographic information system, land measurement",Surveying and Geoinformatics
Science,6,5,4,6,5,4,-1,6,5,-1,-1,-1,-1,-1,-1,-1,-1,-1,-1,-1,-1,-1,266,"drugs, medication",Pharmacy
Science,4,6,6,1,4,6,-1,4,4,-1,-1,-1,-1,-1,-1,-1,-1,-1,-1,-1,-1,-1,264,"food, health diet",Nutrition and Dietetics
Science,6,5,4,4,6,4,-1,4,6,-1,-1,-1,-1,-1,-1,-1,-1,-1,-1,-1,-1,-1,286,"motion, energy",Physics
Science,5,4,5,6,6,6,-1,6,-1,-1,4,-1,-1,-1,-1,-1,-1,-1,-1,-1,-1,-1,253,"weather, climate",Meteorology
Science,4,5,5,5,6,4,-1,3,-1,5,-1,-1,-1,-1,-1,-1,-1,-1,-1,-1,-1,-1,254,"farming, crop management",Agronomy
Art,6,4,6,-1,-1,-1,-1,-1,-1,-1,-1,6,5,5,4,5,-1,5,-1,-1,-1,-1,200,"administration, leadership",Public Administration
Art,3,4,6,-1,-1,-1,-1,-1,-1,-1,-1,4,4,5,5,5,-1,-1,-1,5,-1,-1,187,"data gathering, research",Research and Policy Analysis
Art,2,5,6,-1,-1,-1,-1,-1,-1,-1,-1,4,4,5,6,5,-1,-1,5,-1,-1,-1,146,"user experience, creative coding",Web Design
Art,2,6,5,-1,-1,-1,-1,-1,-1,-1,-1,5,6,6,4,4,4,-1,-1,-1,-1,-1,165,"website layouts, creative coding",Web Design
Commercial,6,4,4,-1,-1,-1,-1,-1,-1,-1,-1,6,5,-1,6,-1,-1,-1,-1,-1,4,6,335,"sales strategies, advertising",Marketing
Science,4,6,5,5,6,2,-1,4,-1,-1,-1,-1,-1,-1,-1,-1,-1,-1,-1,-1,-1,-1,234,"coding, software",Computer Science
Science,5,6,5,5,6,1,4,4,-1,-1,-1,-1,-1,-1,-1,-1,-1,-1,-1,-1,-1,-1,245,"buildings, construction",Civil Engineering
Science,4,5,4,5,4,1,6,6,-1,-1,-1,-1,-1,-1,-1,-1,-1,-1,-1,-1,-1,-1,267,"community planning, city development",Urban and Regional Planning
Science,5,4,4,6,4,6,-1,4,5,-1,-1,-1,-1,-1,-1,-1,-1,-1,-1,-1,-1,-1,314,"human body, medical science",Anatomy
Science,6,4,4,2,6,5,-1,5,5,-1,-1,-1,-1,-1,-1,-1,-1,-1,-1,-1,-1,-1,293,"food, health diet",Nutrition and Dietetics
Science,4,5,4,6,6,6,-1,5,5,-1,-1,-1,-1,-1,-1,-1,-1,-1,-1,-1,-1,-1,220,"lab work, biological molecules",Biochemistry
Science,6,6,6,4,4,4,-1,6,-1,-1,5,-1,-1,-1,-1,-1,-1,-1,-1,-1,-1,-1,294,"earth structure, seismology",Geophysics
Science,5,6,5,6,4,6,-1,3,-1,5,-1,-1,-1,-1,-1,-1,-1,-1,-1,-1,-1,-1,249,"land management, environmental conservation",Soil Science
Art,5,4,4,-1,-1,-1,-1,-1,-1,-1,-1,5,5,5,4,6,-1,4,-1,-1,-1,-1,223,"cultural studies, social behavior",Sociology
Art,1,6,6,-1,-1,-1,-1,-1,-1,-1,-1,5,4,5,4,6,-1,-1,-1,6,-1,-1,192,"history preservation, tourism",Museum and Heritage Studies
Art,3,6,6,-1,-1,-1,-1,-1,-1,-1,-1,5,4,6,5,6,-1,-1,5,-1,-1,-1,203,"cartoons, storytelling",Animation
Art,2,6,4,-1,-1,-1,-1,-1,-1,-1,-1,6,6,6,6,6,6,-1,-1,-1,-1,-1,160,"storytelling, 3d animation",Animation
Commercial,4,4,6,-1,-1,-1,-1,-1,-1,-1,-1,6,4,-1,4,-1,-1,-1,-1,-1,5,6,292,"government finance, financial compliance",Taxation
Science,5,6,5,5,4,3,-1,6,-1,-1,-1,-1,-1,-1,-1,-1,-1,-1,-1,-1,-1,-1,250,"business IT, systems",Information Systems
Science,5,6,5,6,5,2,4,5,-1,-1,-1,-1,-1,-1,-1,-1,-1,-1,-1,-1,-1,-1,232,"engines, robotics",Mechanical Engineering
Science,4,6,5,6,5,3,6,4,-1,-1,-1,-1,-1,-1,-1,-1,-1,-1,-1,-1,-1,-1,221,"real estate, facility management",Estate Management
Science,6,5,5,5,4,6,-1,6,6,-1,-1,-1,-1,-1,-1,-1,-1,-1,-1,-1,-1,-1,257,"laboratory, testing",Medical Laboratory Science
Science,4,4,6,3,6,6,-1,6,5,-1,-1,-1,-1,-1,-1,-1,-1,-1,-1,-1,-1,-1,258,"health diet, food",Nutrition and Dietetics
Science,6,6,4,6,4,4,-1,5,5,-1,-1,-1,-1,-1,-1,-1,-1,-1,-1,-1,-1,-1,278,"industry, chemical production",Industrial Chemistry
Science,6,5,6,6,5,6,-1,6,-1,-1,6,-1,-1,-1,-1,-1,-1,-1,-1,-1,-1,-1,228,"rocks, earth science",Geology
Science,4,6,5,5,5,5,-1,2,-1,5,-1,-1,-1,-1,-1,-1,-1,-1,-1,-1,-1,-1,308,"environmental conservation, soil testing",Soil Science
Art,4,5,6,-1,-1,-1,-1,-1,-1,-1,-1,6,6,4,5,4,-1,5,-1,-1,-1,-1,163,"birth rates, migration patterns",Demography
Art,3,6,6,-1,-1,-1,-1,-1,-1,-1,-1,4,5,4,4,6,-1,-1,-1,5,-1,-1,202,"tour guiding, customer service",Tourism and Hospitality
Art,2,5,5,-1,-1,-1,-1,-1,-1,-1,-1,4,6,6,6,5,-1,-1,6,-1,-1,-1,194,"drawing, Sketching",Illustration
Art,2,4,5,-1,-1,-1,-1,-1,-1,-1,-1,6,6,4,5,5,6,-1,-1,-1,-1,-1,169,"character design, Sketching",Illustration
Commercial,6,6,4,-1,-1,-1,-1,-1,-1,-1,-1,6,4,-1,6,-1,-1,-1,-1,-1,5,4,303,"organizational planning, office administration",Business Administration
Science,5,5,5,4,5,2,-1,5,-1,-1,-1,-1,-1,-1,-1,-1,-1,-1,-1,-1,-1,-1,253,"machine learning, AI",Artificial Intelligence
Science,6,4,4,4,5,2,6,5,-1,-1,-1,-1,-1,-1,-1,-1,-1,-1,-1,-1,-1,-1,276,"metals, structures",Materials Engineering
Science,4,5,5,6,5,2,5,5,-1,-1,-1,-1,-1,-1,-1,-1,-1,-1,-1,-1,-1,-1,233,"city development, transport systems",Urban and Regional Planning
Science,5,6,6,5,4,4,-1,4,5,-1,-1,-1,-1,-1,-1,-1,-1,-1,-1,-1,-1,-1,267,"diagnosis, imaging",Radiology
Science,6,6,5,3,6,6,-1,5,6,-1,-1,-1,-1,-1,-1,-1,-1,-1,-1,-1,-1,-1,298,"disease prevention, community health",Public Health
Science,6,4,6,5,5,4,-1,5,4,-1,-1,-1,-1,-1,-1,-1,-1,-1,-1,-1,-1,-1,222,"reactions, laboratory",Chemistry
Science,4,4,5,6,5,6,-1,6,-1,-1,5,-1,-1,-1,-1,-1,-1,-1,-1,-1,-1,-1,229,"climate, environment",Environmental Science
Science,5,4,4,4,4,4,-1,1,-1,6,-1,-1,-1,-1,-1,-1,-1,-1,-1,-1,-1,-1,241,"landscaping, gardening",Horticulture
Art,4,4,5,-1,-1,-1,-1,-1,-1,-1,-1,4,6,5,6,4,-1,6,-1,-1,-1,-1,186,"media, writing",Journalism and Media Studies
Art,2,5,4,-1,-1,-1,-1,-1,-1,-1,-1,5,4,4,6,6,-1,-1,-1,4,-1,-1,215,"tour guiding, culture",Tourism and Hospitality
Art,2,6,5,-1,-1,-1,-1,-1,-1,-1,-1,6,6,5,5,4,-1,-1,5,-1,-1,-1,142,"visual storytelling, video effects",Motion Graphics
Art,3,6,5,-1,-1,-1,-1,-1,-1,-1,-1,4,6,6,6,6,5,-1,-1,-1,-1,-1,168,"video effects, creative editing",Motion Graphics
Commercial,5,4,6,-1,-1,-1,-1,-1,-1,-1,-1,6,5,-1,4,-1,-1,-1,-1,-1,4,6,302,"planning, task management",Project Management
Science,5,4,5,6,4,2,-1,6,-1,-1,-1,-1,-1,-1,-1,-1,-1,-1,-1,-1,-1,-1,230,"development, apps",Software Engineering
Science,5,5,6,6,5,3,5,6,-1,-1,-1,-1,-1,-1,-1,-1,-1,-1,-1,-1,-1,-1,230,"processes, production",Chemical Engineering
Science,5,6,6,4,4,2,4,5,-1,-1,-1,-1,-1,-1,-1,-1,-1,-1,-1,-1,-1,-1,287,"project budgeting, building estimation",Quantity Surveying
Science,4,6,5,4,5,6,-1,5,6,-1,-1,-1,-1,-1,-1,-1,-1,-1,-1,-1,-1,-1,275,"movement, therapy",Physiotherapy
Science,6,5,4,3,4,6,-1,4,4,-1,-1,-1,-1,-1,-1,-1,-1,-1,-1,-1,-1,-1,224,"disease prevention, community health",Public Health
Science,6,5,4,6,6,4,-1,4,4,-1,-1,-1,-1,-1,-1,-1,-1,-1,-1,-1,-1,-1,232,"microorganisms, research",Microbiology
Science,4,4,5,4,4,5,-1,4,-1,-1,6,-1,-1,-1,-1,-1,-1,-1,-1,-1,-1,-1,234,"earth structure, seismology",Geophysics
Science,4,4,5,6,5,4,-1,1,-1,4,-1,-1,-1,-1,-1,-1,-1,-1,-1,-1,-1,-1,262,"fruit production, landscaping",Horticulture
Art,5,4,4,-1,-1,-1,-1,-1,-1,-1,-1,5,5,4,4,6,-1,6,-1,-1,-1,-1,197,"migration patterns, birth rates",Demography
Art,3,4,4,-1,-1,-1,-1,-1,-1,-1,-1,5,4,6,6,6,-1,-1,-1,6,-1,-1,237,"history preservation, culture",Museum and Heritage Studies
Art,3,4,5,-1,-1,-1,-1,-1,-1,-1,-1,6,4,6,4,5,-1,-1,6,-1,-1,-1,156,"crafts, sculpting",Painting and Sculpture
Art,2,4,4,-1,-1,-1,-1,-1,-1,-1,-1,6,4,5,6,5,5,-1,-1,-1,-1,-1,168,"fine arts, painting",Painting and Sculpture
Commercial,4,5,6,-1,-1,-1,-1,-1,-1,-1,-1,6,5,-1,4,-1,-1,-1,-1,-1,4,5,328,"workplace development, recruitment",Human Resource Management
Science,6,4,5,6,5,2,-1,4,-1,-1,-1,-1,-1,-1,-1,-1,-1,-1,-1,-1,-1,-1,239,"automation, machine learning",Artificial Intelligence
Science,6,6,4,5,5,3,4,4,-1,-1,-1,-1,-1,-1,-1,-1,-1,-1,-1,-1,-1,-1,241,"ocean, marine systems",Marine Engineering
Science,4,4,6,6,4,2,4,6,-1,-1,-1,-1,-1,-1,-1,-1,-1,-1,-1,-1,-1,-1,265,"environmental planning, city development",Urban and Regional Planning
Science,6,5,6,5,4,6,-1,4,5,-1,-1,-1,-1,-1,-1,-1,-1,-1,-1,-1,-1,-1,317,"therapy, movement",Physiotherapy
Science,6,6,4,1,6,5,-1,6,5,-1,-1,-1,-1,-1,-1,-1,-1,-1,-1,-1,-1,-1,263,"food, health diet",Nutrition and Dietetics
Science,5,4,6,4,6,6,-1,5,5,-1,-1,-1,-1,-1,-1,-1,-1,-1,-1,-1,-1,-1,249,"research, technology",Applied Physics
Science,6,6,5,4,5,6,-1,5,-1,-1,6,-1,-1,-1,-1,-1,-1,-1,-1,-1,-1,-1,287,"environment, climate",Environmental Science
Science,4,5,4,4,5,6,-1,2,-1,4,-1,-1,-1,-1,-1,-1,-1,-1,-1,-1,-1,-1,257,"food production, crop cultivation",Agricultural Science
Art,5,6,5,-1,-1,-1,-1,-1,-1,-1,-1,5,5,6,5,5,-1,5,-1,-1,-1,-1,167,"leadership, politics",Political Science
Art,3,4,6,-1,-1,-1,-1,-1,-1,-1,-1,5,5,6,5,4,-1,-1,-1,5,-1,-1,238,"customer service, travel",Tourism and Hospitality
Art,3,6,6,-1,-1,-1,-1,-1,-1,-1,-1,5,4,5,6,4,-1,-1,5,-1,-1,-1,148,"digital art, drawing",Illustration
Art,3,6,4,-1,-1,-1,-1,-1,-1,-1,-1,6,6,5,6,4,6,-1,-1,-1,-1,-1,200,"character design, drawing",Illustration
Commercial,4,5,5,-1,-1,-1,-1,-1,-1,-1,-1,4,6,-1,6,-1,-1,-1,-1,-1,5,6,340,"planning, projects",Project Management
Science,6,5,5,6,4,3,-1,4,-1,-1,-1,-1,-1,-1,-1,-1,-1,-1,-1,-1,-1,-1,233,"software integration, hardware",Computer Engineering
Science,5,6,4,6,6,2,6,4,-1,-1,-1,-1,-1,-1,-1,-1,-1,-1,-1,-1,-1,-1,273,"buildings, structures",Civil Engineering
Science,6,4,6,5,5,1,6,4,-1,-1,-1,-1,-1,-1,-1,-1,-1,-1,-1,-1,-1,-1,269,"environmental planning, community planning",Urban and Regional Planning
Science,4,4,6,4,4,4,-1,4,6,-1,-1,-1,-1,-1,-1,-1,-1,-1,-1,-1,-1,-1,253,"teeth, dental care",Dentistry
Science,5,5,6,2,4,4,-1,5,5,-1,-1,-1,-1,-1,-1,-1,-1,-1,-1,-1,-1,-1,246,"disease prevention, community health",Public Health
Science,5,6,5,6,6,5,-1,5,5,-1,-1,-1,-1,-1,-1,-1,-1,-1,-1,-1,-1,-1,307,"biological molecules, lab work",Biochemistry
Science,4,4,4,4,4,4,-1,6,-1,-1,6,-1,-1,-1,-1,-1,-1,-1,-1,-1,-1,-1,281,"oceans, marine life",Marine Science
Science,4,6,5,5,5,5,-1,2,-1,4,-1,-1,-1,-1,-1,-1,-1,-1,-1,-1,-1,-1,317,"landscaping, flower cultivation",Horticulture
Art,6,5,6,-1,-1,-1,-1,-1,-1,-1,-1,6,6,6,6,6,-1,6,-1,-1,-1,-1,218,"community service, social justice",Human Rights and Advocacy
Art,1,5,6,-1,-1,-1,-1,-1,-1,-1,-1,6,6,5,5,4,-1,-1,-1,4,-1,-1,227,"excavation, historical artifacts",Archaeology
Art,2,6,5,-1,-1,-1,-1,-1,-1,-1,-1,4,4,6,5,5,-1,-1,5,-1,-1,-1,214,"creative visuals, taking pictures",Photography
Art,2,4,4,-1,-1,-1,-1,-1,-1,-1,-1,5,4,6,4,4,5,-1,-1,-1,-1,-1,156,"creative visuals, editing photos",Photography
Commercial,4,4,5,-1,-1,-1,-1,-1,-1,-1,-1,6,5,-1,6,-1,-1,-1,-1,-1,6,5,243,"tax laws, financial compliance",Taxation
Science,6,5,5,5,5,2,-1,6,-1,-1,-1,-1,-1,-1,-1,-1,-1,-1,-1,-1,-1,-1,260,"business IT, systems",Information Systems
Science,4,6,5,4,5,3,5,6,-1,-1,-1,-1,-1,-1,-1,-1,-1,-1,-1,-1,-1,-1,263,"circuits, devices",Electronic Engineering
Science,4,4,5,6,4,3,5,6,-1,-1,-1,-1,-1,-1,-1,-1,-1,-1,-1,-1,-1,-1,253,"construction costs, cost analysis",Quantity Surveying
Science,5,4,4,4,5,6,-1,4,6,-1,-1,-1,-1,-1,-1,-1,-1,-1,-1,-1,-1,-1,285,"rehabilitation, therapy",Physiotherapy
Science,4,6,4,3,5,5,-1,4,5,-1,-1,-1,-1,-1,-1,-1,-1,-1,-1,-1,-1,-1,282,"food, health diet",Nutrition and Dietetics
Science,6,4,6,6,4,5,-1,5,5,-1,-1,-1,-1,-1,-1,-1,-1,-1,-1,-1,-1,-1,304,"computation, modeling",Applied Mathematics
Science,5,4,4,6,4,6,-1,6,-1,-1,4,-1,-1,-1,-1,-1,-1,-1,-1,-1,-1,-1,234,"rocks, earth science",Geology
Science,6,5,4,6,4,6,-1,3,-1,6,-1,-1,-1,-1,-1,-1,-1,-1,-1,-1,-1,-1,268,"rural advisory services, farmer education",Agricultural Extension
Art,4,4,6,-1,-1,-1,-1,-1,-1,-1,-1,6,4,5,4,4,-1,4,-1,-1,-1,-1,202,"politics, diplomacy",International Relations
Art,2,6,4,-1,-1,-1,-1,-1,-1,-1,-1,5,4,5,6,5,-1,-1,-1,5,-1,-1,197,"customer service, culture",Tourism and Hospitality
Art,3,6,6,-1,-1,-1,-1,-1,-1,-1,-1,6,5,5,5,5,-1,-1,5,-1,-1,-1,197,"drawing, digital art",Illustration
Art,2,6,4,-1,-1,-1,-1,-1,-1,-1,-1,4,4,4,6,5,6,-1,-1,-1,-1,-1,220,"Sketching, character design",Illustration
Commercial,4,6,5,-1,-1,-1,-1,-1,-1,-1,-1,4,6,-1,6,-1,-1,-1,-1,-1,4,6,278,"planning, task management",Project Management
Science,4,6,4,5,5,3,-1,4,-1,-1,-1,-1,-1,-1,-1,-1,-1,-1,-1,-1,-1,-1,280,"systems, business IT",Information Systems
Science,5,6,4,4,5,3,6,5,-1,-1,-1,-1,-1,-1,-1,-1,-1,-1,-1,-1,-1,-1,251,"space, aircraft",Aerospace Engineering
Science,4,5,5,5,5,2,6,5,-1,-1,-1,-1,-1,-1,-1,-1,-1,-1,-1,-1,-1,-1,249,"building estimation, construction costs",Quantity Surveying
Science,6,6,5,5,5,5,-1,4,6,-1,-1,-1,-1,-1,-1,-1,-1,-1,-1,-1,-1,-1,308,"testing, diagnosis",Medical Laboratory Science
Science,6,4,4,3,6,6,-1,6,6,-1,-1,-1,-1,-1,-1,-1,-1,-1,-1,-1,-1,-1,239,"community health, disease prevention",Public Health
Science,5,4,4,6,6,6,-1,5,6,-1,-1,-1,-1,-1,-1,-1,-1,-1,-1,-1,-1,-1,242,"microorganisms, research",Microbiology
Science,5,5,5,4,4,5,-1,6,-1,-1,6,-1,-1,-1,-1,-1,-1,-1,-1,-1,-1,-1,297,"weather, climate",Meteorology
Science,6,4,5,4,5,4,-1,2,-1,5,-1,-1,-1,-1,-1,-1,-1,-1,-1,-1,-1,-1,313,"food production, farming",Agricultural Science
Art,4,4,5,-1,-1,-1,-1,-1,-1,-1,-1,4,5,5,6,4,-1,4,-1,-1,-1,-1,166,"social behavior, community development",Sociology
Art,1,6,4,-1,-1,-1,-1,-1,-1,-1,-1,4,6,5,4,5,-1,-1,-1,4,-1,-1,203,"travel, culture",Tourism and Hospitality
Art,2,4,5,-1,-1,-1,-1,-1,-1,-1,-1,6,6,4,6,6,-1,-1,5,-1,-1,-1,204,"cartoons, motion graphics",Animation
Art,1,4,5,-1,-1,-1,-1,-1,-1,-1,-1,5,5,5,6,4,6,-1,-1,-1,-1,-1,220,"storytelling, cartoons",Animation
Commercial,6,5,5,-1,-1,-1,-1,-1,-1,-1,-1,4,4,-1,5,-1,-1,-1,-1,-1,4,6,264,"revenue management, financial compliance",Taxation
Science,6,6,5,4,6,1,-1,6,-1,-1,-1,-1,-1,-1,-1,-1,-1,-1,-1,-1,-1,-1,261,"software integration, hardware",Computer Engineering
Science,4,6,6,4,6,3,6,6,-1,-1,-1,-1,-1,-1,-1,-1,-1,-1,-1,-1,-1,-1,233,"systems, robots",Mechatronics Engineering
Science,5,5,4,4,5,2,5,5,-1,-1,-1,-1,-1,-1,-1,-1,-1,-1,-1,-1,-1,-1,266,"mapping, land measurement",Surveying and Geoinformatics
Science,6,4,4,5,5,4,-1,6,6,-1,-1,-1,-1,-1,-1,-1,-1,-1,-1,-1,-1,-1,302,"laboratory, drugs",Pharmacy
Science,4,5,6,3,4,6,-1,5,4,-1,-1,-1,-1,-1,-1,-1,-1,-1,-1,-1,-1,-1,270,"disease prevention, community health",Public Health
Science,4,6,5,6,6,4,-1,4,5,-1,-1,-1,-1,-1,-1,-1,-1,-1,-1,-1,-1,-1,294,"industry, chemical production",Industrial Chemistry
Science,5,4,6,4,4,5,-1,5,-1,-1,4,-1,-1,-1,-1,-1,-1,-1,-1,-1,-1,-1,220,"oceans, marine life",Marine Science
Science,6,5,6,5,6,4,-1,1,-1,5,-1,-1,-1,-1,-1,-1,-1,-1,-1,-1,-1,-1,297,"food production, crop cultivation",Agricultural Science
Art,4,5,6,-1,-1,-1,-1,-1,-1,-1,-1,5,4,4,4,6,-1,4,-1,-1,-1,-1,160,"leadership, administration",Public Administration
Art,1,5,6,-1,-1,-1,-1,-1,-1,-1,-1,6,4,4,5,5,-1,-1,-1,4,-1,-1,183,"data gathering, problem solving",Research and Policy Analysis
Art,1,6,5,-1,-1,-1,-1,-1,-1,-1,-1,6,4,6,5,6,-1,-1,5,-1,-1,-1,182,"ui design, user experience",Web Design
Art,1,6,4,-1,-1,-1,-1,-1,-1,-1,-1,6,4,6,5,4,4,-1,-1,-1,-1,-1,213,"user experience, creative coding",Web Design
Commercial,6,5,5,-1,-1,-1,-1,-1,-1,-1,-1,4,4,-1,4,-1,-1,-1,-1,-1,4,6,340,"business management, office administration",Business Administration
Science,4,5,6,6,6,1,-1,6,-1,-1,-1,-1,-1,-1,-1,-1,-1,-1,-1,-1,-1,-1,276,"systems, business IT",Information Systems
Science,4,6,4,5,4,3,5,6,-1,-1,-1,-1,-1,-1,-1,-1,-1,-1,-1,-1,-1,-1,238,"electronics, circuits",Electronic Engineering
Science,5,6,6,6,5,1,4,4,-1,-1,-1,-1,-1,-1,-1,-1,-1,-1,-1,-1,-1,-1,270,"land valuation, facility management",Estate Management
Science,5,5,5,6,6,6,-1,5,4,-1,-1,-1,-1,-1,-1,-1,-1,-1,-1,-1,-1,-1,319,"health science, body functions",Physiology
Science,6,5,5,2,6,5,-1,5,4,-1,-1,-1,-1,-1,-1,-1,-1,-1,-1,-1,-1,-1,255,"community health, disease prevention",Public Health
Science,4,5,6,5,5,4,-1,4,4,-1,-1,-1,-1,-1,-1,-1,-1,-1,-1,-1,-1,-1,295,"life science, nature",Biology
Science,4,5,4,5,6,4,-1,5,-1,-1,5,-1,-1,-1,-1,-1,-1,-1,-1,-1,-1,-1,222,"oceans, marine life",Marine Science
Science,6,5,5,5,4,6,-1,3,-1,6,-1,-1,-1,-1,-1,-1,-1,-1,-1,-1,-1,-1,264,"landscaping, flower cultivation",Horticulture
Art,5,6,6,-1,-1,-1,-1,-1,-1,-1,-1,4,5,4,4,5,-1,4,-1,-1,-1,-1,174,"community service, social justice",Human Rights and Advocacy
Art,1,4,6,-1,-1,-1,-1,-1,-1,-1,-1,5,6,5,5,4,-1,-1,-1,5,-1,-1,233,"record keeping, libraries",Archival Studies
Art,1,6,5,-1,-1,-1,-1,-1,-1,-1,-1,5,6,6,4,6,-1,-1,6,-1,-1,-1,187,"user experience, user interface",UI/UX Design
Art,3,4,6,-1,-1,-1,-1,-1,-1,-1,-1,6,5,6,4,4,4,-1,-1,-1,-1,-1,190,"user experience, user interface",UI/UX Design
Commercial,6,6,4,-1,-1,-1,-1,-1,-1,-1,-1,5,6,-1,6,-1,-1,-1,-1,-1,6,4,273,"task management, planning",Project Management
Science,6,6,4,4,6,1,-1,6,-1,-1,-1,-1,-1,-1,-1,-1,-1,-1,-1,-1,-1,-1,223,"AI, machine learning",Artificial Intelligence
Science,6,6,6,4,4,1,4,4,-1,-1,-1,-1,-1,-1,-1,-1,-1,-1,-1,-1,-1,-1,286,"buildings, structures",Civil Engineering
Science,6,5,6,5,6,2,6,6,-1,-1,-1,-1,-1,-1,-1,-1,-1,-1,-1,-1,-1,-1,273,"property management, facility management",Estate Management
Science,5,4,6,6,6,5,-1,6,4,-1,-1,-1,-1,-1,-1,-1,-1,-1,-1,-1,-1,-1,275,"diagnosis, testing",Medical Laboratory Science
Science,4,5,5,1,5,6,-1,5,4,-1,-1,-1,-1,-1,-1,-1,-1,-1,-1,-1,-1,-1,268,"food, health diet",Nutrition and Dietetics
Science,5,4,6,6,5,6,-1,6,5,-1,-1,-1,-1,-1,-1,-1,-1,-1,-1,-1,-1,-1,287,"microorganisms, research",Microbiology
Science,4,4,4,6,4,4,-1,4,-1,-1,6,-1,-1,-1,-1,-1,-1,-1,-1,-1,-1,-1,241,"climate, weather",Meteorology
Science,5,5,4,5,5,5,-1,2,-1,5,-1,-1,-1,-1,-1,-1,-1,-1,-1,-1,-1,-1,299,"farm management, market analysis",Agricultural Economics
Art,4,6,5,-1,-1,-1,-1,-1,-1,-1,-1,6,6,4,4,4,-1,5,-1,-1,-1,-1,176,"diplomacy, foreign policy",International Relations
Art,3,6,4,-1,-1,-1,-1,-1,-1,-1,-1,5,4,5,4,6,-1,-1,-1,6,-1,-1,187,"customer service, tour guiding",Tourism and Hospitality
Art,1,6,6,-1,-1,-1,-1,-1,-1,-1,-1,4,6,4,5,4,-1,-1,4,-1,-1,-1,146,"painting, crafts",Painting and Sculpture
Art,1,4,6,-1,-1,-1,-1,-1,-1,-1,-1,5,4,5,6,6,6,-1,-1,-1,-1,-1,175,"fine arts, sculpting",Painting and Sculpture
Commercial,6,5,4,-1,-1,-1,-1,-1,-1,-1,-1,4,5,-1,5,-1,-1,-1,-1,-1,4,6,286,"data modelling, risk analysis",Actuarial Science
Science,5,4,6,6,5,2,-1,4,-1,-1,-1,-1,-1,-1,-1,-1,-1,-1,-1,-1,-1,-1,252,"hardware, software integration",Computer Engineering
Science,6,5,6,5,5,3,5,5,-1,-1,-1,-1,-1,-1,-1,-1,-1,-1,-1,-1,-1,-1,282,"processes, production",Chemical Engineering
Science,6,5,4,5,4,3,6,5,-1,-1,-1,-1,-1,-1,-1,-1,-1,-1,-1,-1,-1,-1,229,"AutoCad, design",Architecture
Science,6,6,6,5,6,4,-1,5,4,-1,-1,-1,-1,-1,-1,-1,-1,-1,-1,-1,-1,-1,252,"teeth, dental care",Dentistry
Science,5,5,6,2,5,6,-1,6,5,-1,-1,-1,-1,-1,-1,-1,-1,-1,-1,-1,-1,-1,282,"community health, disease prevention",Public Health
Science,4,4,5,5,6,5,-1,6,4,-1,-1,-1,-1,-1,-1,-1,-1,-1,-1,-1,-1,-1,268,"research, technology",Applied Physics
Science,5,4,6,5,5,4,-1,4,-1,-1,4,-1,-1,-1,-1,-1,-1,-1,-1,-1,-1,-1,270,"oceans, marine life",Marine Science
Science,4,6,4,6,4,6,-1,2,-1,4,-1,-1,-1,-1,-1,-1,-1,-1,-1,-1,-1,-1,260,"food production, agricultural technology",Agricultural Science
Art,5,5,5,-1,-1,-1,-1,-1,-1,-1,-1,4,6,5,4,4,-1,6,-1,-1,-1,-1,163,"cultural studies, society",Sociology
Art,3,6,6,-1,-1,-1,-1,-1,-1,-1,-1,4,6,5,5,4,-1,-1,-1,4,-1,-1,185,"excavation, research",Archaeology
Art,2,6,4,-1,-1,-1,-1,-1,-1,-1,-1,5,6,6,6,4,-1,-1,4,-1,-1,-1,185,"Sketching, drawing",Illustration
Art,3,6,6,-1,-1,-1,-1,-1,-1,-1,-1,4,4,6,5,4,5,-1,-1,-1,-1,-1,176,"drawing, digital art",Illustration
Commercial,4,5,6,-1,-1,-1,-1,-1,-1,-1,-1,5,6,-1,4,-1,-1,-1,-1,-1,4,4,340,"financial records, financial analysis",Accounting
Science,6,4,6,5,6,2,-1,6,-1,-1,-1,-1,-1,-1,-1,-1,-1,-1,-1,-1,-1,-1,210,"data, statistics",Data Science
Science,5,4,5,6,6,3,6,4,-1,-1,-1,-1,-1,-1,-1,-1,-1,-1,-1,-1,-1,-1,251,"structures, buildings",Civil Engineering
Science,4,6,5,5,4,3,6,4,-1,-1,-1,-1,-1,-1,-1,-1,-1,-1,-1,-1,-1,-1,290,"community planning, transport systems",Urban and Regional Planning
Science,6,6,6,5,4,6,-1,6,5,-1,-1,-1,-1,-1,-1,-1,-1,-1,-1,-1,-1,-1,291,"medical science, human body",Anatomy
Science,4,5,6,1,6,6,-1,4,5,-1,-1,-1,-1,-1,-1,-1,-1,-1,-1,-1,-1,-1,246,"disease prevention, community health",Public Health
Science,5,5,6,5,5,4,-1,5,4,-1,-1,-1,-1,-1,-1,-1,-1,-1,-1,-1,-1,-1,259,"computation, modeling",Applied Mathematics
Science,4,4,6,5,5,5,-1,4,-1,-1,5,-1,-1,-1,-1,-1,-1,-1,-1,-1,-1,-1,261,"environment, climate",Environmental Science
Science,4,4,4,4,6,6,-1,1,-1,6,-1,-1,-1,-1,-1,-1,-1,-1,-1,-1,-1,-1,311,"farm management, agribusiness",Agricultural Economics
Art,6,4,5,-1,-1,-1,-1,-1,-1,-1,-1,4,4,5,6,6,-1,5,-1,-1,-1,-1,179,"administration, policy making",Public Administration
Art,1,6,5,-1,-1,-1,-1,-1,-1,-1,-1,4,4,6,6,6,-1,-1,-1,6,-1,-1,203,"libraries, documentation",Archival Studies
Art,2,5,4,-1,-1,-1,-1,-1,-1,-1,-1,6,6,5,4,4,-1,-1,4,-1,-1,-1,163,"fine arts, crafts",Painting and Sculpture
Art,1,4,4,-1,-1,-1,-1,-1,-1,-1,-1,5,5,6,4,5,4,-1,-1,-1,-1,-1,206,"painting, crafts",Painting and Sculpture
Commercial,5,4,5,-1,-1,-1,-1,-1,-1,-1,-1,6,6,-1,4,-1,-1,-1,-1,-1,6,6,283,"banking, financial markets",Banking and Finance
Science,5,6,5,6,6,2,-1,6,-1,-1,-1,-1,-1,-1,-1,-1,-1,-1,-1,-1,-1,-1,275,"hardware, software integration",Computer Engineering
Science,6,6,5,4,6,3,4,4,-1,-1,-1,-1,-1,-1,-1,-1,-1,-1,-1,-1,-1,-1,263,"health technology, medical devices",Biomedical Engineering
Science,5,6,4,6,6,1,6,4,-1,-1,-1,-1,-1,-1,-1,-1,-1,-1,-1,-1,-1,-1,280,"environmental planning, city development",Urban and Regional Planning
Science,6,6,6,5,4,4,-1,6,6,-1,-1,-1,-1,-1,-1,-1,-1,-1,-1,-1,-1,-1,301,"testing, laboratory",Medical Laboratory Science
Science,6,6,5,1,5,4,-1,4,5,-1,-1,-1,-1,-1,-1,-1,-1,-1,-1,-1,-1,-1,247,"community health, disease prevention",Public Health
Science,4,6,6,4,6,6,-1,6,6,-1,-1,-1,-1,-1,-1,-1,-1,-1,-1,-1,-1,-1,236,"energy, experiments",Physics
Science,6,5,5,5,5,6,-1,4,-1,-1,6,-1,-1,-1,-1,-1,-1,-1,-1,-1,-1,-1,288,"weather, climate",Meteorology
Science,5,5,5,5,4,5,-1,1,-1,4,-1,-1,-1,-1,-1,-1,-1,-1,-1,-1,-1,-1,247,"seafood production, pond management",Fisheries and Aquaculture
Art,4,4,4,-1,-1,-1,-1,-1,-1,-1,-1,4,4,5,5,4,-1,4,-1,-1,-1,-1,227,"media, communication",Journalism and Media Studies
Art,1,4,4,-1,-1,-1,-1,-1,-1,-1,-1,6,4,5,4,6,-1,-1,-1,5,-1,-1,235,"record keeping, documentation",Archival Studies
Art,3,5,4,-1,-1,-1,-1,-1,-1,-1,-1,5,4,4,6,6,-1,-1,6,-1,-1,-1,171,"fashion trends, clothing",Fashion Design
Art,1,6,4,-1,-1,-1,-1,-1,-1,-1,-1,5,6,6,5,5,6,-1,-1,-1,-1,-1,160,"clothing, fashion trends",Fashion Design
Commercial,6,5,4,-1,-1,-1,-1,-1,-1,-1,-1,6,4,-1,4,-1,-1,-1,-1,-1,6,5,252,"data modelling, statistics",Actuarial Science
Science,6,5,6,4,5,1,-1,4,-1,-1,-1,-1,-1,-1,-1,-1,-1,-1,-1,-1,-1,-1,224,"statistics, data",Data Science
Science,4,5,5,6,6,1,5,6,-1,-1,-1,-1,-1,-1,-1,-1,-1,-1,-1,-1,-1,-1,234,"systems, optimization",Industrial Engineering
Science,6,6,5,6,4,1,6,5,-1,-1,-1,-1,-1,-1,-1,-1,-1,-1,-1,-1,-1,-1,238,"city development, environmental planning",Urban and Regional Planning
Science,4,4,6,5,6,6,-1,5,5,-1,-1,-1,-1,-1,-1,-1,-1,-1,-1,-1,-1,-1,259,"body functions, health science",Physiology
Science,5,6,4,2,5,5,-1,5,4,-1,-1,-1,-1,-1,-1,-1,-1,-1,-1,-1,-1,-1,281,"health diet, food",Nutrition and Dietetics
Science,5,4,4,6,5,6,-1,6,5,-1,-1,-1,-1,-1,-1,-1,-1,-1,-1,-1,-1,-1,247,"biological molecules, lab work",Biochemistry
Science,6,5,6,5,5,4,-1,5,-1,-1,4,-1,-1,-1,-1,-1,-1,-1,-1,-1,-1,-1,267,"marine life, oceans",Marine Science
Science,6,6,4,5,5,6,-1,3,-1,6,-1,-1,-1,-1,-1,-1,-1,-1,-1,-1,-1,-1,317,"harvesting, plants",Crop Science
Art,6,5,5,-1,-1,-1,-1,-1,-1,-1,-1,6,6,5,6,6,-1,4,-1,-1,-1,-1,215,"foreign policy, global affairs",International Relations
Art,1,5,6,-1,-1,-1,-1,-1,-1,-1,-1,5,6,5,6,6,-1,-1,-1,5,-1,-1,173,"research, data gathering",Research and Policy Analysis
Art,1,5,6,-1,-1,-1,-1,-1,-1,-1,-1,6,4,6,6,6,-1,-1,5,-1,-1,-1,151,"drawing, character design",Illustration
Art,2,4,5,-1,-1,-1,-1,-1,-1,-1,-1,6,6,6,5,4,4,-1,-1,-1,-1,-1,192,"Sketching, digital art",Illustration
Commercial,4,5,4,-1,-1,-1,-1,-1,-1,-1,-1,6,6,-1,6,-1,-1,-1,-1,-1,4,6,264,"leadership, business management",Business Administration
Science,6,6,6,4,5,3,-1,5,-1,-1,-1,-1,-1,-1,-1,-1,-1,-1,-1,-1,-1,-1,232,"software, coding",Computer Science
Science,5,6,5,6,4,1,5,5,-1,-1,-1,-1,-1,-1,-1,-1,-1,-1,-1,-1,-1,-1,281,"vehicles, engines",Automotive Engineering
Science,6,6,5,6,4,3,4,4,-1,-1,-1,-1,-1,-1,-1,-1,-1,-1,-1,-1,-1,-1,223,"spatial data, geographic information system",Surveying and Geoinformatics
Science,4,4,6,5,6,5,-1,4,5,-1,-1,-1,-1,-1,-1,-1,-1,-1,-1,-1,-1,-1,254,"diagnosis, testing",Medical Laboratory Science
Science,6,4,4,3,6,4,-1,4,5,-1,-1,-1,-1,-1,-1,-1,-1,-1,-1,-1,-1,-1,272,"health diet, food",Nutrition and Dietetics
Science,6,5,4,6,4,6,-1,4,5,-1,-1,-1,-1,-1,-1,-1,-1,-1,-1,-1,-1,-1,307,"research, technology",Applied Physics
Science,6,5,6,5,5,6,-1,5,-1,-1,5,-1,-1,-1,-1,-1,-1,-1,-1,-1,-1,-1,313,"rocks, earth science",Geology
Science,5,6,5,4,6,5,-1,1,-1,6,-1,-1,-1,-1,-1,-1,-1,-1,-1,-1,-1,-1,265,"animal breeding, livestock farming",Animal Science
Art,6,5,5,-1,-1,-1,-1,-1,-1,-1,-1,5,4,4,4,6,-1,4,-1,-1,-1,-1,199,"forensic studies, law enforcement",Criminology
Art,3,6,6,-1,-1,-1,-1,-1,-1,-1,-1,4,6,5,5,4,-1,-1,-1,6,-1,-1,194,"travel, tour guiding",Tourism and Hospitality
Art,1,5,6,-1,-1,-1,-1,-1,-1,-1,-1,6,4,5,4,6,-1,-1,6,-1,-1,-1,180,"character design, drawing",Illustration
Art,3,4,4,-1,-1,-1,-1,-1,-1,-1,-1,4,4,4,6,5,5,-1,-1,-1,-1,-1,213,"digital art, drawing",Illustration
Commercial,4,6,5,-1,-1,-1,-1,-1,-1,-1,-1,4,5,-1,5,-1,-1,-1,-1,-1,4,5,323,"distribution, inventory management",Supply Chain Management
Science,4,6,4,5,5,2,-1,4,-1,-1,-1,-1,-1,-1,-1,-1,-1,-1,-1,-1,-1,-1,225,"software integration, hardware",Computer Engineering
Science,4,5,4,5,6,3,4,4,-1,-1,-1,-1,-1,-1,-1,-1,-1,-1,-1,-1,-1,-1,290,"structures, metals",Materials Engineering
Science,4,5,6,6,6,3,4,6,-1,-1,-1,-1,-1,-1,-1,-1,-1,-1,-1,-1,-1,-1,233,"transport systems, community planning",Urban and Regional Planning
Science,4,4,6,4,6,4,-1,5,4,-1,-1,-1,-1,-1,-1,-1,-1,-1,-1,-1,-1,-1,312,"teeth, dental care",Dentistry
Science,5,6,6,3,4,4,-1,4,6,-1,-1,-1,-1,-1,-1,-1,-1,-1,-1,-1,-1,-1,240,"disease prevention, community health",Public Health
Science,4,5,4,5,6,6,-1,4,4,-1,-1,-1,-1,-1,-1,-1,-1,-1,-1,-1,-1,-1,303,"theory, logic",Mathematics
Science,4,4,4,6,4,6,-1,4,-1,-1,5,-1,-1,-1,-1,-1,-1,-1,-1,-1,-1,-1,260,"earth structure, seismology",Geophysics
Science,5,4,6,5,5,6,-1,3,-1,5,-1,-1,-1,-1,-1,-1,-1,-1,-1,-1,-1,-1,290,"plants, crop production",Crop Science
Art,4,4,4,-1,-1,-1,-1,-1,-1,-1,-1,4,4,6,6,4,-1,4,-1,-1,-1,-1,197,"cultural studies, society",Sociology
Art,3,6,5,-1,-1,-1,-1,-1,-1,-1,-1,4,5,6,6,4,-1,-1,-1,5,-1,-1,199,"tour guiding, culture",Tourism and Hospitality
Art,3,6,4,-1,-1,-1,-1,-1,-1,-1,-1,5,4,6,5,6,-1,-1,5,-1,-1,-1,190,"Sketching, drawing",Illustration
Art,1,5,4,-1,-1,-1,-1,-1,-1,-1,-1,5,5,6,5,4,6,-1,-1,-1,-1,-1,209,"character design, Sketching",Illustration
Commercial,4,6,5,-1,-1,-1,-1,-1,-1,-1,-1,5,5,-1,4,-1,-1,-1,-1,-1,4,6,256,"insurance mathematics, data modelling",Actuarial Science
Science,4,6,5,4,6,1,-1,4,-1,-1,-1,-1,-1,-1,-1,-1,-1,-1,-1,-1,-1,-1,264,"software integration, hardware",Computer Engineering
Science,4,5,4,6,4,2,4,5,-1,-1,-1,-1,-1,-1,-1,-1,-1,-1,-1,-1,-1,-1,226,"cars, engines",Automotive Engineering
Science,5,6,4,5,6,2,4,5,-1,-1,-1,-1,-1,-1,-1,-1,-1,-1,-1,-1,-1,-1,268,"city development, community planning",Urban and Regional Planning
Science,6,5,5,6,4,6,-1,4,4,-1,-1,-1,-1,-1,-1,-1,-1,-1,-1,-1,-1,-1,288,"laboratory, testing",Medical Laboratory Science
Science,5,4,4,1,4,4,-1,4,6,-1,-1,-1,-1,-1,-1,-1,-1,-1,-1,-1,-1,-1,296,"food, health diet",Nutrition and Dietetics
Science,4,5,4,5,5,6,-1,4,6,-1,-1,-1,-1,-1,-1,-1,-1,-1,-1,-1,-1,-1,244,"life science, nature",Biology
Science,5,6,6,6,4,6,-1,6,-1,-1,4,-1,-1,-1,-1,-1,-1,-1,-1,-1,-1,-1,282,"earth science, rocks",Geology
Science,6,5,5,6,5,5,-1,3,-1,4,-1,-1,-1,-1,-1,-1,-1,-1,-1,-1,-1,-1,284,"environmental conservation, land management",Soil Science
Art,5,5,6,-1,-1,-1,-1,-1,-1,-1,-1,6,5,4,5,6,-1,4,-1,-1,-1,-1,184,"foreign policy, global affairs",International Relations
Art,2,5,5,-1,-1,-1,-1,-1,-1,-1,-1,5,4,5,6,6,-1,-1,-1,4,-1,-1,182,"data gathering, analysis",Research and Policy Analysis
Art,3,6,4,-1,-1,-1,-1,-1,-1,-1,-1,6,5,6,4,4,-1,-1,5,-1,-1,-1,197,"art technology, digital painting",Digital Art
Art,1,6,5,-1,-1,-1,-1,-1,-1,-1,-1,6,5,5,4,4,6,-1,-1,-1,-1,-1,217,"art technology, Creative software",Digital Art
Commercial,6,4,4,-1,-1,-1,-1,-1,-1,-1,-1,6,5,-1,5,-1,-1,-1,-1,-1,4,5,324,"task management, planning",Project Management
Science,4,4,6,6,4,3,-1,5,-1,-1,-1,-1,-1,-1,-1,-1,-1,-1,-1,-1,-1,-1,219,"hacking, network protection",Cyber Security
Science,5,5,5,6,6,1,4,4,-1,-1,-1,-1,-1,-1,-1,-1,-1,-1,-1,-1,-1,-1,272,"flight, space",Aerospace Engineering
Science,6,5,6,5,6,2,6,4,-1,-1,-1,-1,-1,-1,-1,-1,-1,-1,-1,-1,-1,-1,272,"environmental planning, transport systems",Urban and Regional Planning
Science,4,4,6,4,6,6,-1,6,5,-1,-1,-1,-1,-1,-1,-1,-1,-1,-1,-1,-1,-1,257,"diagnosis, imaging",Radiology
Science,5,6,5,2,6,6,-1,5,4,-1,-1,-1,-1,-1,-1,-1,-1,-1,-1,-1,-1,-1,272,"disease prevention, community health",Public Health
Science,4,6,4,5,4,5,-1,5,5,-1,-1,-1,-1,-1,-1,-1,-1,-1,-1,-1,-1,-1,281,"genetics, bioengineering",Biotechnology
Science,5,6,4,4,6,6,-1,5,-1,-1,6,-1,-1,-1,-1,-1,-1,-1,-1,-1,-1,-1,275,"environment, climate",Environmental Science
Science,4,4,4,4,5,4,-1,1,-1,4,-1,-1,-1,-1,-1,-1,-1,-1,-1,-1,-1,-1,299,"food production, agricultural technology",Agricultural Science
Art,6,4,5,-1,-1,-1,-1,-1,-1,-1,-1,5,6,4,4,5,-1,5,-1,-1,-1,-1,208,"writing, media",Journalism and Media Studies
Art,1,5,5,-1,-1,-1,-1,-1,-1,-1,-1,6,4,5,6,4,-1,-1,-1,5,-1,-1,174,"record keeping, documentation",Archival Studies
Art,2,4,4,-1,-1,-1,-1,-1,-1,-1,-1,5,5,5,5,5,-1,-1,6,-1,-1,-1,195,"storytelling, cartoons",Animation
Art,1,4,6,-1,-1,-1,-1,-1,-1,-1,-1,5,5,5,6,5,4,-1,-1,-1,-1,-1,153,"3d animation, storytelling",Animation
Commercial,5,4,6,-1,-1,-1,-1,-1,-1,-1,-1,4,6,-1,6,-1,-1,-1,-1,-1,4,4,331,"revenue management, financial compliance",Taxation
Science,5,4,6,4,4,3,-1,6,-1,-1,-1,-1,-1,-1,-1,-1,-1,-1,-1,-1,-1,-1,259,"hardware, software integration",Computer Engineering
Science,4,5,5,5,4,1,5,5,-1,-1,-1,-1,-1,-1,-1,-1,-1,-1,-1,-1,-1,-1,246,"production, optimization",Industrial Engineering
Science,6,5,6,4,5,2,4,4,-1,-1,-1,-1,-1,-1,-1,-1,-1,-1,-1,-1,-1,-1,289,"cost analysis, project budgeting",Quantity Surveying
Science,5,5,5,6,4,4,-1,4,4,-1,-1,-1,-1,-1,-1,-1,-1,-1,-1,-1,-1,-1,312,"medical science, human body",Anatomy
Science,5,6,4,1,6,6,-1,6,5,-1,-1,-1,-1,-1,-1,-1,-1,-1,-1,-1,-1,-1,229,"food, health diet",Nutrition and Dietetics
Science,6,6,5,6,5,4,-1,5,6,-1,-1,-1,-1,-1,-1,-1,-1,-1,-1,-1,-1,-1,221,"research, microorganisms",Microbiology
Science,6,6,5,4,5,6,-1,5,-1,-1,5,-1,-1,-1,-1,-1,-1,-1,-1,-1,-1,-1,282,"environment, climate",Environmental Science
Science,5,5,6,6,4,4,-1,2,-1,4,-1,-1,-1,-1,-1,-1,-1,-1,-1,-1,-1,-1,295,"tree planting, environmental protection",Forestry
Art,6,6,4,-1,-1,-1,-1,-1,-1,-1,-1,4,5,6,5,5,-1,6,-1,-1,-1,-1,179,"law enforcement, criminal justice",Criminology
Art,2,6,5,-1,-1,-1,-1,-1,-1,-1,-1,4,5,4,6,4,-1,-1,-1,4,-1,-1,225,"historical artifacts, excavation",Archaeology
Art,3,6,4,-1,-1,-1,-1,-1,-1,-1,-1,6,5,4,6,5,-1,-1,6,-1,-1,-1,206,"drawing, Sketching",Illustration
Art,2,5,4,-1,-1,-1,-1,-1,-1,-1,-1,4,6,6,6,6,4,-1,-1,-1,-1,-1,159,"digital art, Sketching",Illustration
Commercial,4,4,5,-1,-1,-1,-1,-1,-1,-1,-1,6,6,-1,6,-1,-1,-1,-1,-1,4,4,308,"branding, advertising",Marketing
Science,4,6,6,6,6,3,-1,5,-1,-1,-1,-1,-1,-1,-1,-1,-1,-1,-1,-1,-1,-1,231,"software, programming",Computer Science
Science,6,5,6,5,6,1,6,4,-1,-1,-1,-1,-1,-1,-1,-1,-1,-1,-1,-1,-1,-1,222,"chemicals, processes",Chemical Engineering
Science,5,4,4,4,4,2,4,5,-1,-1,-1,-1,-1,-1,-1,-1,-1,-1,-1,-1,-1,-1,248,"buildings, design",Architecture
Science,5,4,6,6,5,4,-1,6,6,-1,-1,-1,-1,-1,-1,-1,-1,-1,-1,-1,-1,-1,250,"drugs, laboratory",Pharmacy
Science,5,4,6,1,4,6,-1,4,6,-1,-1,-1,-1,-1,-1,-1,-1,-1,-1,-1,-1,-1,223,"health diet, food",Nutrition and Dietetics
Science,6,4,4,6,4,5,-1,6,4,-1,-1,-1,-1,-1,-1,-1,-1,-1,-1,-1,-1,-1,278,"chemical production, industry",Industrial Chemistry
Science,5,4,4,4,5,6,-1,6,-1,-1,4,-1,-1,-1,-1,-1,-1,-1,-1,-1,-1,-1,237,"oceans, marine life",Marine Science
Science,6,5,4,6,6,5,-1,2,-1,4,-1,-1,-1,-1,-1,-1,-1,-1,-1,-1,-1,-1,285,"gardening, landscaping",Horticulture
Art,4,4,5,-1,-1,-1,-1,-1,-1,-1,-1,5,4,4,4,4,-1,5,-1,-1,-1,-1,225,"politics, government",Political Science
Art,2,4,4,-1,-1,-1,-1,-1,-1,-1,-1,5,5,4,4,5,-1,-1,-1,6,-1,-1,221,"culture, history preservation",Museum and Heritage Studies
Art,1,6,5,-1,-1,-1,-1,-1,-1,-1,-1,5,6,5,4,4,-1,-1,4,-1,-1,-1,161,"creativity, branding",Graphics Design
Art,2,6,5,-1,-1,-1,-1,-1,-1,-1,-1,5,4,4,5,6,4,-1,-1,-1,-1,-1,155,"posters, branding",Graphics Design
Commercial,5,5,6,-1,-1,-1,-1,-1,-1,-1,-1,5,5,-1,6,-1,-1,-1,-1,-1,6,5,327,"branding, consumer behavior",Marketing
Science,6,5,6,6,6,3,-1,4,-1,-1,-1,-1,-1,-1,-1,-1,-1,-1,-1,-1,-1,-1,280,"communication systems, networks",Network Engineering
Science,4,6,5,6,6,1,4,6,-1,-1,-1,-1,-1,-1,-1,-1,-1,-1,-1,-1,-1,-1,230,"robotics, engines",Mechanical Engineering
Science,5,5,6,6,5,1,6,4,-1,-1,-1,-1,-1,-1,-1,-1,-1,-1,-1,-1,-1,-1,282,"property management, facility management",Estate Management
Science,6,5,6,6,5,6,-1,5,4,-1,-1,-1,-1,-1,-1,-1,-1,-1,-1,-1,-1,-1,260,"teeth, dental care",Dentistry
Science,6,6,4,1,6,6,-1,5,6,-1,-1,-1,-1,-1,-1,-1,-1,-1,-1,-1,-1,-1,247,"disease prevention, community health",Public Health
Science,5,4,6,5,4,4,-1,5,4,-1,-1,-1,-1,-1,-1,-1,-1,-1,-1,-1,-1,-1,296,"modeling, computation",Applied Mathematics
Science,6,5,6,5,5,5,-1,6,-1,-1,5,-1,-1,-1,-1,-1,-1,-1,-1,-1,-1,-1,284,"marine life, oceans",Marine Science
Science,6,6,6,6,6,5,-1,3,-1,5,-1,-1,-1,-1,-1,-1,-1,-1,-1,-1,-1,-1,280,"vertinary care, livestock farming",Animal Science
Art,5,6,6,-1,-1,-1,-1,-1,-1,-1,-1,5,6,5,6,5,-1,6,-1,-1,-1,-1,187,"policy making, administration",Public Administration
Art,3,6,5,-1,-1,-1,-1,-1,-1,-1,-1,6,6,4,6,5,-1,-1,-1,6,-1,-1,197,"documentation, record keeping",Archival Studies
Art,2,5,6,-1,-1,-1,-1,-1,-1,-1,-1,4,4,5,6,6,-1,-1,5,-1,-1,-1,178,"cartoons, 3d animation",Animation
Art,1,6,4,-1,-1,-1,-1,-1,-1,-1,-1,6,5,4,6,5,5,-1,-1,-1,-1,-1,186,"cartoons, storytelling",Animation
Commercial,4,5,5,-1,-1,-1,-1,-1,-1,-1,-1,4,6,-1,4,-1,-1,-1,-1,-1,5,4,325,"auditing, financial analysis",Accounting
Science,6,5,5,6,4,1,-1,4,-1,-1,-1,-1,-1,-1,-1,-1,-1,-1,-1,-1,-1,-1,239,"IT systems, support",Information Technology
Science,4,5,4,6,5,1,6,4,-1,-1,-1,-1,-1,-1,-1,-1,-1,-1,-1,-1,-1,-1,287,"structures, construction",Civil Engineering
Science,4,4,5,4,4,1,5,5,-1,-1,-1,-1,-1,-1,-1,-1,-1,-1,-1,-1,-1,-1,275,"construction costs, project budgeting",Quantity Surveying
Science,5,6,6,5,4,5,-1,6,6,-1,-1,-1,-1,-1,-1,-1,-1,-1,-1,-1,-1,-1,255,"therapy, rehabilitation",Physiotherapy
Science,6,4,4,3,4,5,-1,5,5,-1,-1,-1,-1,-1,-1,-1,-1,-1,-1,-1,-1,-1,272,"disease prevention, community health",Public Health
Science,5,4,4,6,6,4,-1,5,6,-1,-1,-1,-1,-1,-1,-1,-1,-1,-1,-1,-1,-1,249,"biological molecules, lab work",Biochemistry
Science,5,6,5,4,5,6,-1,4,-1,-1,6,-1,-1,-1,-1,-1,-1,-1,-1,-1,-1,-1,244,"rocks, earth science",Geology
Science,6,6,5,6,6,5,-1,3,-1,4,-1,-1,-1,-1,-1,-1,-1,-1,-1,-1,-1,-1,319,"landscaping, gardening",Horticulture
Art,5,6,6,-1,-1,-1,-1,-1,-1,-1,-1,4,6,6,4,4,-1,6,-1,-1,-1,-1,214,"social justice, human rights",Human Rights and Advocacy
Art,3,5,4,-1,-1,-1,-1,-1,-1,-1,-1,4,5,6,5,6,-1,-1,-1,5,-1,-1,185,"ancient civilization, excavation",Archaeology
Art,3,4,4,-1,-1,-1,-1,-1,-1,-1,-1,5,6,4,4,4,-1,-1,4,-1,-1,-1,176,"creative editing, animation",Motion Graphics
Art,3,4,6,-1,-1,-1,-1,-1,-1,-1,-1,4,4,5,5,5,4,-1,-1,-1,-1,-1,172,"visual storytelling, animation",Motion Graphics
Commercial,4,4,5,-1,-1,-1,-1,-1,-1,-1,-1,5,4,-1,6,-1,-1,-1,-1,-1,5,4,242,"tax laws, government finance",Taxation
Science,4,6,5,5,4,2,-1,5,-1,-1,-1,-1,-1,-1,-1,-1,-1,-1,-1,-1,-1,-1,253,"internet, networks",Network Engineering
Science,5,4,6,5,5,1,4,6,-1,-1,-1,-1,-1,-1,-1,-1,-1,-1,-1,-1,-1,-1,248,"machines, mechanics",Mechanical Engineering
Science,6,5,5,6,5,2,5,4,-1,-1,-1,-1,-1,-1,-1,-1,-1,-1,-1,-1,-1,-1,221,"real estate, land valuation",Estate Management
Science,4,6,6,6,4,5,-1,5,5,-1,-1,-1,-1,-1,-1,-1,-1,-1,-1,-1,-1,-1,293,"health science, body functions",Physiology
Science,6,6,5,1,6,6,-1,6,6,-1,-1,-1,-1,-1,-1,-1,-1,-1,-1,-1,-1,-1,276,"health diet, food",Nutrition and Dietetics
Science,4,4,5,6,6,4,-1,5,5,-1,-1,-1,-1,-1,-1,-1,-1,-1,-1,-1,-1,-1,312,"research, technology",Applied Physics
Science,6,6,4,6,6,5,-1,5,-1,-1,4,-1,-1,-1,-1,-1,-1,-1,-1,-1,-1,-1,288,"oceans, marine life",Marine Science
Science,4,4,5,4,6,5,-1,3,-1,5,-1,-1,-1,-1,-1,-1,-1,-1,-1,-1,-1,-1,222,"agricultural technology, crop cultivation",Agricultural Science
Art,4,4,4,-1,-1,-1,-1,-1,-1,-1,-1,5,6,4,4,5,-1,6,-1,-1,-1,-1,200,"leadership, politics",Political Science
Art,1,4,5,-1,-1,-1,-1,-1,-1,-1,-1,4,4,5,4,5,-1,-1,-1,4,-1,-1,195,"data gathering, problem solving",Research and Policy Analysis
Art,3,6,4,-1,-1,-1,-1,-1,-1,-1,-1,6,6,6,6,6,-1,-1,5,-1,-1,-1,217,"sculpting, painting",Painting and Sculpture
Art,2,6,6,-1,-1,-1,-1,-1,-1,-1,-1,5,4,6,4,4,4,-1,-1,-1,-1,-1,184,"fine arts, crafts",Painting and Sculpture
Commercial,4,5,6,-1,-1,-1,-1,-1,-1,-1,-1,6,6,-1,5,-1,-1,-1,-1,-1,4,4,323,"task management, planning",Project Management
Science,5,6,4,5,4,1,-1,5,-1,-1,-1,-1,-1,-1,-1,-1,-1,-1,-1,-1,-1,-1,232,"network protection, security",Cyber Security
Science,4,5,4,6,6,1,4,6,-1,-1,-1,-1,-1,-1,-1,-1,-1,-1,-1,-1,-1,-1,265,"space, flight",Aerospace Engineering
Science,4,4,6,4,6,1,5,6,-1,-1,-1,-1,-1,-1,-1,-1,-1,-1,-1,-1,-1,-1,236,"land measurement, mapping",Surveying and Geoinformatics
Science,5,4,5,4,5,4,-1,4,4,-1,-1,-1,-1,-1,-1,-1,-1,-1,-1,-1,-1,-1,267,"health science, body functions",Physiology
Science,4,6,5,2,6,6,-1,5,4,-1,-1,-1,-1,-1,-1,-1,-1,-1,-1,-1,-1,-1,227,"health diet, food",Nutrition and Dietetics
Science,5,5,5,5,5,4,-1,5,5,-1,-1,-1,-1,-1,-1,-1,-1,-1,-1,-1,-1,-1,283,"laboratory, reactions",Chemistry
Science,5,6,6,4,5,6,-1,4,-1,-1,5,-1,-1,-1,-1,-1,-1,-1,-1,-1,-1,-1,243,"marine life, oceans",Marine Science
Science,5,5,5,4,4,4,-1,2,-1,5,-1,-1,-1,-1,-1,-1,-1,-1,-1,-1,-1,-1,290,"plant breeding, harvesting",Crop Science
Art,6,4,5,-1,-1,-1,-1,-1,-1,-1,-1,5,6,4,4,6,-1,5,-1,-1,-1,-1,200,"politics, foreign policy",International Relations
Art,3,6,5,-1,-1,-1,-1,-1,-1,-1,-1,6,5,5,4,6,-1,-1,-1,5,-1,-1,232,"analysis, research",Research and Policy Analysis
Art,3,5,5,-1,-1,-1,-1,-1,-1,-1,-1,5,4,5,5,4,-1,-1,6,-1,-1,-1,217,"portraits, taking pictures",Photography
Art,2,4,5,-1,-1,-1,-1,-1,-1,-1,-1,5,6,6,5,4,4,-1,-1,-1,-1,-1,171,"editing photos, portraits",Photography
Commercial,6,5,5,-1,-1,-1,-1,-1,-1,-1,-1,5,6,-1,6,-1,-1,-1,-1,-1,6,4,294,"statistics, risk analysis",Actuarial Science
Science,6,5,6,5,4,2,-1,4,-1,-1,-1,-1,-1,-1,-1,-1,-1,-1,-1,-1,-1,-1,256,"IT systems, computers",Information Technology
Science,6,5,5,6,5,1,6,6,-1,-1,-1,-1,-1,-1,-1,-1,-1,-1,-1,-1,-1,-1,289,"production, chemicals",Chemical Engineering
Science,5,5,6,4,5,2,4,6,-1,-1,-1,-1,-1,-1,-1,-1,-1,-1,-1,-1,-1,-1,289,"facility management, property management",Estate Management
Science,5,4,4,4,5,4,-1,5,5,-1,-1,-1,-1,-1,-1,-1,-1,-1,-1,-1,-1,-1,316,"teeth, dental care",Dentistry
Science,5,5,5,1,5,4,-1,4,4,-1,-1,-1,-1,-1,-1,-1,-1,-1,-1,-1,-1,-1,255,"health diet, food",Nutrition and Dietetics
Science,5,4,5,6,5,4,-1,4,5,-1,-1,-1,-1,-1,-1,-1,-1,-1,-1,-1,-1,-1,233,"nature, life science",Biology
Science,6,4,5,6,4,4,-1,6,-1,-1,6,-1,-1,-1,-1,-1,-1,-1,-1,-1,-1,-1,228,"weather, climate",Meteorology
Science,4,4,6,6,6,6,-1,3,-1,4,-1,-1,-1,-1,-1,-1,-1,-1,-1,-1,-1,-1,235,"forest conservation, environmental protection",Forestry
Art,4,6,5,-1,-1,-1,-1,-1,-1,-1,-1,5,6,6,4,5,-1,6,-1,-1,-1,-1,221,"administration, policy making",Public Administration
Art,2,5,4,-1,-1,-1,-1,-1,-1,-1,-1,5,6,5,6,4,-1,-1,-1,6,-1,-1,173,"historical artifacts, research",Archaeology
Art,1,6,4,-1,-1,-1,-1,-1,-1,-1,-1,5,6,5,6,5,-1,-1,6,-1,-1,-1,217,"branding, design",Graphics Design
Art,3,5,5,-1,-1,-1,-1,-1,-1,-1,-1,4,6,5,5,6,4,-1,-1,-1,-1,-1,161,"creativity, design",Graphics Design
Commercial,6,5,5,-1,-1,-1,-1,-1,-1,-1,-1,5,5,-1,4,-1,-1,-1,-1,-1,4,5,288,"risk management, policy analysis",Insurance
Science,4,4,6,4,5,2,-1,6,-1,-1,-1,-1,-1,-1,-1,-1,-1,-1,-1,-1,-1,-1,213,"coding, software",Computer Science
Science,5,4,4,6,4,3,4,4,-1,-1,-1,-1,-1,-1,-1,-1,-1,-1,-1,-1,-1,-1,262,"circuits, hardware",Electronic Engineering
Science,4,4,5,4,6,2,5,5,-1,-1,-1,-1,-1,-1,-1,-1,-1,-1,-1,-1,-1,-1,277,"geographic information system, land measurement",Surveying and Geoinformatics
Science,5,6,4,5,5,4,-1,6,6,-1,-1,-1,-1,-1,-1,-1,-1,-1,-1,-1,-1,-1,260,"healthcare, treatment",Medicine and Surgery
Science,6,6,5,2,6,6,-1,6,6,-1,-1,-1,-1,-1,-1,-1,-1,-1,-1,-1,-1,-1,225,"community health, disease prevention",Public Health
Science,6,5,6,4,4,6,-1,5,4,-1,-1,-1,-1,-1,-1,-1,-1,-1,-1,-1,-1,-1,239,"experiments, motion",Physics
Science,6,4,5,4,4,4,-1,6,-1,-1,5,-1,-1,-1,-1,-1,-1,-1,-1,-1,-1,-1,260,"seismology, earth structure",Geophysics
Science,4,6,4,4,4,4,-1,1,-1,4,-1,-1,-1,-1,-1,-1,-1,-1,-1,-1,-1,-1,247,"plant breeding, harvesting",Crop Science
Art,5,4,4,-1,-1,-1,-1,-1,-1,-1,-1,6,5,6,4,4,-1,4,-1,-1,-1,-1,174,"society, cultural studies",Sociology
Art,3,4,5,-1,-1,-1,-1,-1,-1,-1,-1,5,5,4,4,6,-1,-1,-1,4,-1,-1,171,"culture, tourism",Museum and Heritage Studies
Art,2,5,4,-1,-1,-1,-1,-1,-1,-1,-1,4,5,5,5,6,-1,-1,6,-1,-1,-1,145,"painting, sculpting",Painting and Sculpture
Art,3,4,5,-1,-1,-1,-1,-1,-1,-1,-1,5,5,6,4,5,5,-1,-1,-1,-1,-1,147,"sculpting, painting",Painting and Sculpture
Commercial,5,4,4,-1,-1,-1,-1,-1,-1,-1,-1,6,6,-1,5,-1,-1,-1,-1,-1,5,5,261,"data modelling, risk analysis",Actuarial Science
Science,6,4,4,6,5,1,-1,4,-1,-1,-1,-1,-1,-1,-1,-1,-1,-1,-1,-1,-1,-1,226,"communication systems, networks",Network Engineering
Science,6,6,5,4,6,2,4,6,-1,-1,-1,-1,-1,-1,-1,-1,-1,-1,-1,-1,-1,-1,277,"materials, structures",Materials Engineering
Science,4,6,6,4,5,1,4,6,-1,-1,-1,-1,-1,-1,-1,-1,-1,-1,-1,-1,-1,-1,221,"geographic information system, spatial data",Surveying and Geoinformatics
Science,4,4,6,5,6,4,-1,4,6,-1,-1,-1,-1,-1,-1,-1,-1,-1,-1,-1,-1,-1,291,"x_ray, medical imaging",Radiography
Science,6,6,4,1,6,5,-1,6,4,-1,-1,-1,-1,-1,-1,-1,-1,-1,-1,-1,-1,-1,221,"disease prevention, community health",Public Health
Science,6,5,4,4,4,6,-1,5,6,-1,-1,-1,-1,-1,-1,-1,-1,-1,-1,-1,-1,-1,300,"experiments, energy",Physics
Science,5,4,6,5,6,6,-1,6,-1,-1,6,-1,-1,-1,-1,-1,-1,-1,-1,-1,-1,-1,303,"marine life, oceans",Marine Science
Science,5,4,6,4,4,4,-1,1,-1,5,-1,-1,-1,-1,-1,-1,-1,-1,-1,-1,-1,-1,262,"livestock farming, animal breeding",Animal Science
Art,4,4,4,-1,-1,-1,-1,-1,-1,-1,-1,4,4,5,6,4,-1,4,-1,-1,-1,-1,171,"human behaviour, emotional wellbeing",Psychology
Art,3,5,4,-1,-1,-1,-1,-1,-1,-1,-1,6,5,4,6,6,-1,-1,-1,5,-1,-1,237,"analysis, data gathering",Research and Policy Analysis
Art,1,4,5,-1,-1,-1,-1,-1,-1,-1,-1,5,5,6,6,5,-1,-1,6,-1,-1,-1,145,"taking pictures, portraits",Photography
Art,2,6,5,-1,-1,-1,-1,-1,-1,-1,-1,4,4,5,4,4,5,-1,-1,-1,-1,-1,164,"portraits, creative visuals",Photography
Commercial,6,6,5,-1,-1,-1,-1,-1,-1,-1,-1,4,5,-1,4,-1,-1,-1,-1,-1,5,5,255,"financial compliance, revenue management",Taxation
Science,6,5,6,6,6,3,-1,4,-1,-1,-1,-1,-1,-1,-1,-1,-1,-1,-1,-1,-1,-1,223,"computers, support",Information Technology
Science,6,6,4,5,5,1,5,6,-1,-1,-1,-1,-1,-1,-1,-1,-1,-1,-1,-1,-1,-1,226,"gas, drilling",Petroleum Engineering
Science,4,5,4,4,5,3,5,5,-1,-1,-1,-1,-1,-1,-1,-1,-1,-1,-1,-1,-1,-1,250,"construction costs, building estimation",Quantity Surveying
Science,6,6,5,5,4,5,-1,6,4,-1,-1,-1,-1,-1,-1,-1,-1,-1,-1,-1,-1,-1,260,"treatment, cancer",Oncology
Science,6,4,6,1,4,6,-1,6,4,-1,-1,-1,-1,-1,-1,-1,-1,-1,-1,-1,-1,-1,221,"health diet, food",Nutrition and Dietetics
Science,6,5,5,6,4,5,-1,4,4,-1,-1,-1,-1,-1,-1,-1,-1,-1,-1,-1,-1,-1,221,"theory, logic",Mathematics
Science,6,6,5,4,5,6,-1,6,-1,-1,5,-1,-1,-1,-1,-1,-1,-1,-1,-1,-1,-1,315,"marine life, oceans",Marine Science
Science,5,4,5,5,4,6,-1,1,-1,4,-1,-1,-1,-1,-1,-1,-1,-1,-1,-1,-1,-1,242,"soil, farming",Agronomy
Art,5,5,4,-1,-1,-1,-1,-1,-1,-1,-1,6,6,4,6,4,-1,6,-1,-1,-1,-1,203,"counselling, emotional wellbeing",Psychology
Art,3,4,5,-1,-1,-1,-1,-1,-1,-1,-1,4,6,6,6,5,-1,-1,-1,5,-1,-1,202,"research, data gathering",Research and Policy Analysis
Art,1,5,4,-1,-1,-1,-1,-1,-1,-1,-1,6,6,6,5,4,-1,-1,4,-1,-1,-1,154,"branding, design",Graphics Design
Art,2,4,4,-1,-1,-1,-1,-1,-1,-1,-1,5,5,4,5,4,6,-1,-1,-1,-1,-1,145,"design, posters",Graphics Design
Commercial,5,5,5,-1,-1,-1,-1,-1,-1,-1,-1,4,6,-1,4,-1,-1,-1,-1,-1,6,5,298,"insurance mathematics, data modelling",Actuarial Science
Science,5,5,6,5,5,2,-1,6,-1,-1,-1,-1,-1,-1,-1,-1,-1,-1,-1,-1,-1,-1,242,"support, computers",Information Technology
Science,5,6,5,6,5,2,4,6,-1,-1,-1,-1,-1,-1,-1,-1,-1,-1,-1,-1,-1,-1,269,"hardware, circuits",Electronic Engineering
Science,6,4,6,5,5,1,6,6,-1,-1,-1,-1,-1,-1,-1,-1,-1,-1,-1,-1,-1,-1,275,"drawing, design",Architecture
Science,4,4,4,4,6,6,-1,5,5,-1,-1,-1,-1,-1,-1,-1,-1,-1,-1,-1,-1,-1,311,"medicine, treatment",Medicine and Surgery
Science,5,5,6,1,6,5,-1,5,5,-1,-1,-1,-1,-1,-1,-1,-1,-1,-1,-1,-1,-1,245,"community health, disease prevention",Public Health
Science,5,5,6,4,5,6,-1,4,6,-1,-1,-1,-1,-1,-1,-1,-1,-1,-1,-1,-1,-1,237,"research, microorganisms",Microbiology
Science,6,4,4,5,6,4,-1,5,-1,-1,5,-1,-1,-1,-1,-1,-1,-1,-1,-1,-1,-1,224,"rocks, earth science",Geology
Science,6,6,6,4,6,4,-1,2,-1,5,-1,-1,-1,-1,-1,-1,-1,-1,-1,-1,-1,-1,308,"seafood production, fish farming",Fisheries and Aquaculture
Art,6,4,5,-1,-1,-1,-1,-1,-1,-1,-1,6,5,4,6,4,-1,6,-1,-1,-1,-1,172,"policy making, administration",Public Administration
Art,1,6,4,-1,-1,-1,-1,-1,-1,-1,-1,5,5,6,6,5,-1,-1,-1,4,-1,-1,175,"ancient civilization, historical artifacts",Archaeology
Art,2,6,5,-1,-1,-1,-1,-1,-1,-1,-1,4,4,4,4,6,-1,-1,6,-1,-1,-1,200,"3d animation, cartoons",Animation
Art,3,5,6,-1,-1,-1,-1,-1,-1,-1,-1,4,4,4,6,4,6,-1,-1,-1,-1,-1,217,"motion graphics, storytelling",Animation
Commercial,5,6,6,-1,-1,-1,-1,-1,-1,-1,-1,6,4,-1,5,-1,-1,-1,-1,-1,4,4,337,"policy analysis, financial protection",Insurance
Science,4,5,6,5,6,3,-1,4,-1,-1,-1,-1,-1,-1,-1,-1,-1,-1,-1,-1,-1,-1,246,"internet, networks",Network Engineering
Science,6,5,4,5,4,2,5,4,-1,-1,-1,-1,-1,-1,-1,-1,-1,-1,-1,-1,-1,-1,241,"drilling, oil",Petroleum Engineering
Science,6,6,4,4,4,1,4,4,-1,-1,-1,-1,-1,-1,-1,-1,-1,-1,-1,-1,-1,-1,247,"community planning, environmental planning",Urban and Regional Planning
Science,4,6,4,4,6,5,-1,6,6,-1,-1,-1,-1,-1,-1,-1,-1,-1,-1,-1,-1,-1,303,"human body, medical science",Anatomy
Science,4,6,5,2,4,5,-1,5,5,-1,-1,-1,-1,-1,-1,-1,-1,-1,-1,-1,-1,-1,258,"community health, disease prevention",Public Health
Science,6,4,6,4,4,4,-1,4,4,-1,-1,-1,-1,-1,-1,-1,-1,-1,-1,-1,-1,-1,243,"bioengineering, genetics",Biotechnology
Science,5,5,5,6,5,6,-1,5,-1,-1,6,-1,-1,-1,-1,-1,-1,-1,-1,-1,-1,-1,292,"marine life, oceans",Marine Science
Science,6,6,6,4,5,6,-1,2,-1,4,-1,-1,-1,-1,-1,-1,-1,-1,-1,-1,-1,-1,295,"market analysis, agribusiness",Agricultural Economics
Art,6,5,4,-1,-1,-1,-1,-1,-1,-1,-1,5,5,4,4,4,-1,4,-1,-1,-1,-1,200,"human rights, advocacy",Human Rights and Advocacy
Art,1,5,5,-1,-1,-1,-1,-1,-1,-1,-1,6,5,6,6,6,-1,-1,-1,4,-1,-1,230,"data gathering, research",Research and Policy Analysis
Art,2,6,5,-1,-1,-1,-1,-1,-1,-1,-1,5,6,4,5,5,-1,-1,4,-1,-1,-1,163,"portraits, taking pictures",Photography
Art,2,5,4,-1,-1,-1,-1,-1,-1,-1,-1,4,6,4,6,4,5,-1,-1,-1,-1,-1,177,"editing photos, portraits",Photography
Commercial,5,6,5,-1,-1,-1,-1,-1,-1,-1,-1,6,6,-1,6,-1,-1,-1,-1,-1,4,5,280,"inventory management, distribution",Supply Chain Management
Science,6,4,6,4,5,1,-1,4,-1,-1,-1,-1,-1,-1,-1,-1,-1,-1,-1,-1,-1,-1,274,"networks, communication systems",Network Engineering
Science,6,4,6,4,5,1,5,5,-1,-1,-1,-1,-1,-1,-1,-1,-1,-1,-1,-1,-1,-1,278,"machines, mechanics",Mechanical Engineering
Science,6,4,5,5,6,3,4,5,-1,-1,-1,-1,-1,-1,-1,-1,-1,-1,-1,-1,-1,-1,280,"environmental planning, community planning",Urban and Regional Planning
Science,4,6,4,5,5,5,-1,6,6,-1,-1,-1,-1,-1,-1,-1,-1,-1,-1,-1,-1,-1,310,"medical imaging, x_ray",Radiography
Science,6,6,4,1,4,5,-1,5,6,-1,-1,-1,-1,-1,-1,-1,-1,-1,-1,-1,-1,-1,267,"community health, disease prevention",Public Health
Science,4,4,6,6,4,6,-1,5,5,-1,-1,-1,-1,-1,-1,-1,-1,-1,-1,-1,-1,-1,298,"nature, life science",Biology
Science,5,4,6,4,5,6,-1,4,-1,-1,5,-1,-1,-1,-1,-1,-1,-1,-1,-1,-1,-1,227,"weather, climate",Meteorology
Science,5,4,6,6,4,4,-1,3,-1,4,-1,-1,-1,-1,-1,-1,-1,-1,-1,-1,-1,-1,305,"crop cultivation, farming",Agricultural Science
Art,4,5,5,-1,-1,-1,-1,-1,-1,-1,-1,5,6,6,4,4,-1,6,-1,-1,-1,-1,213,"debate, justice",Law
Art,3,5,6,-1,-1,-1,-1,-1,-1,-1,-1,4,5,5,6,4,-1,-1,-1,6,-1,-1,211,"tour guiding, customer service",Tourism and Hospitality
Art,2,6,4,-1,-1,-1,-1,-1,-1,-1,-1,5,5,5,4,4,-1,-1,6,-1,-1,-1,168,"room decoration, home aesthetics",Interior Design
Art,1,6,5,-1,-1,-1,-1,-1,-1,-1,-1,5,5,6,5,6,5,-1,-1,-1,-1,-1,218,"home aesthetics, space planning",Interior Design
Commercial,5,6,4,-1,-1,-1,-1,-1,-1,-1,-1,6,6,-1,6,-1,-1,-1,-1,-1,5,4,267,"procurement, logistics",Supply Chain Management
Science,6,6,5,6,5,3,-1,4,-1,-1,-1,-1,-1,-1,-1,-1,-1,-1,-1,-1,-1,-1,225,"data, statistics",Data Science
Science,6,4,4,5,6,1,4,5,-1,-1,-1,-1,-1,-1,-1,-1,-1,-1,-1,-1,-1,-1,284,"cars, vehicles",Automotive Engineering
Science,4,5,5,5,5,3,4,6,-1,-1,-1,-1,-1,-1,-1,-1,-1,-1,-1,-1,-1,-1,275,"drawing, AutoCad",Architecture
Science,4,6,5,6,5,6,-1,6,4,-1,-1,-1,-1,-1,-1,-1,-1,-1,-1,-1,-1,-1,306,"human body, medical science",Anatomy
Science,4,6,6,3,4,5,-1,6,6,-1,-1,-1,-1,-1,-1,-1,-1,-1,-1,-1,-1,-1,269,"health diet, food",Nutrition and Dietetics
Science,5,4,5,4,4,5,-1,4,4,-1,-1,-1,-1,-1,-1,-1,-1,-1,-1,-1,-1,-1,235,"problem solving, theory",Mathematics
Science,5,6,5,5,6,4,-1,6,-1,-1,6,-1,-1,-1,-1,-1,-1,-1,-1,-1,-1,-1,286,"climate, environment",Environmental Science
Science,4,5,6,6,5,5,-1,3,-1,5,-1,-1,-1,-1,-1,-1,-1,-1,-1,-1,-1,-1,271,"vertinary care, animal breeding",Animal Science
Art,6,6,6,-1,-1,-1,-1,-1,-1,-1,-1,6,4,6,6,5,-1,5,-1,-1,-1,-1,205,"politics, leadership",Political Science
Art,1,5,5,-1,-1,-1,-1,-1,-1,-1,-1,5,5,4,6,4,-1,-1,-1,6,-1,-1,219,"record keeping, documentation",Archival Studies
Art,1,4,6,-1,-1,-1,-1,-1,-1,-1,-1,6,5,6,4,5,-1,-1,6,-1,-1,-1,216,"ui design, creative coding",Web Design
Art,2,5,5,-1,-1,-1,-1,-1,-1,-1,-1,5,4,6,4,6,5,-1,-1,-1,-1,-1,216,"website layouts, ui design",Web Design
Commercial,4,4,5,-1,-1,-1,-1,-1,-1,-1,-1,4,5,-1,4,-1,-1,-1,-1,-1,5,4,284,"procurement, inventory management",Supply Chain Management
Science,5,4,4,4,6,2,-1,6,-1,-1,-1,-1,-1,-1,-1,-1,-1,-1,-1,-1,-1,-1,247,"automation, machine learning",Artificial Intelligence
Science,5,6,4,6,5,2,6,4,-1,-1,-1,-1,-1,-1,-1,-1,-1,-1,-1,-1,-1,-1,225,"medical devices, health technology",Biomedical Engineering
Science,5,5,4,5,4,1,5,6,-1,-1,-1,-1,-1,-1,-1,-1,-1,-1,-1,-1,-1,-1,231,"cost analysis, construction costs",Quantity Surveying
Science,4,5,4,5,5,4,-1,6,5,-1,-1,-1,-1,-1,-1,-1,-1,-1,-1,-1,-1,-1,286,"human body, medical science",Anatomy
Science,6,4,5,3,5,4,-1,6,4,-1,-1,-1,-1,-1,-1,-1,-1,-1,-1,-1,-1,-1,274,"community health, disease prevention",Public Health
Science,4,5,6,5,6,4,-1,5,6,-1,-1,-1,-1,-1,-1,-1,-1,-1,-1,-1,-1,-1,227,"chemical production, industry",Industrial Chemistry
Science,6,5,6,4,4,5,-1,5,-1,-1,4,-1,-1,-1,-1,-1,-1,-1,-1,-1,-1,-1,320,"climate, weather",Meteorology
Science,4,5,4,4,6,4,-1,3,-1,6,-1,-1,-1,-1,-1,-1,-1,-1,-1,-1,-1,-1,264,"farming, crop cultivation",Agricultural Science
Art,5,5,6,-1,-1,-1,-1,-1,-1,-1,-1,4,5,5,4,6,-1,4,-1,-1,-1,-1,212,"diplomacy, global affairs",International Relations
Art,2,5,4,-1,-1,-1,-1,-1,-1,-1,-1,5,5,6,4,6,-1,-1,-1,5,-1,-1,222,"documentation, historical records",Archival Studies
Art,3,5,5,-1,-1,-1,-1,-1,-1,-1,-1,5,6,6,4,5,-1,-1,6,-1,-1,-1,178,"user experience, website layouts",Web Design
Art,1,4,5,-1,-1,-1,-1,-1,-1,-1,-1,5,5,4,6,4,4,-1,-1,-1,-1,-1,165,"ui design, creative coding",Web Design
Commercial,5,5,4,-1,-1,-1,-1,-1,-1,-1,-1,5,6,-1,5,-1,-1,-1,-1,-1,4,6,282,"data modelling, statistics",Actuarial Science
Science,4,6,5,4,4,3,-1,4,-1,-1,-1,-1,-1,-1,-1,-1,-1,-1,-1,-1,-1,-1,243,"network protection, hacking",Cyber Security
Science,5,5,5,4,4,2,6,5,-1,-1,-1,-1,-1,-1,-1,-1,-1,-1,-1,-1,-1,-1,225,"automobiles, cars",Automotive Engineering
Science,6,5,5,6,6,1,6,6,-1,-1,-1,-1,-1,-1,-1,-1,-1,-1,-1,-1,-1,-1,272,"real estate, facility management",Estate Management
Science,6,5,5,4,5,6,-1,5,6,-1,-1,-1,-1,-1,-1,-1,-1,-1,-1,-1,-1,-1,277,"teeth, dental care",Dentistry
Science,6,4,6,2,4,6,-1,4,6,-1,-1,-1,-1,-1,-1,-1,-1,-1,-1,-1,-1,-1,220,"health diet, food",Nutrition and Dietetics
Science,4,5,4,5,6,5,-1,4,6,-1,-1,-1,-1,-1,-1,-1,-1,-1,-1,-1,-1,-1,272,"experiments, motion",Physics
Science,5,4,6,5,6,4,-1,5,-1,-1,5,-1,-1,-1,-1,-1,-1,-1,-1,-1,-1,-1,249,"earth science, rocks",Geology
Science,5,6,5,6,6,6,-1,1,-1,6,-1,-1,-1,-1,-1,-1,-1,-1,-1,-1,-1,-1,285,"farming, crop management",Agronomy
Art,6,5,4,-1,-1,-1,-1,-1,-1,-1,-1,4,4,4,5,6,-1,5,-1,-1,-1,-1,189,"foreign policy, politics",International Relations
Art,3,6,5,-1,-1,-1,-1,-1,-1,-1,-1,4,4,6,5,4,-1,-1,-1,5,-1,-1,230,"research, ancient civilization",Archaeology
Art,3,5,5,-1,-1,-1,-1,-1,-1,-1,-1,4,6,5,5,5,-1,-1,5,-1,-1,-1,213,"ui design, website layouts",Web Design
Art,1,6,5,-1,-1,-1,-1,-1,-1,-1,-1,5,5,4,6,6,6,-1,-1,-1,-1,-1,141,"website layouts, ui design",Web Design
Commercial,5,6,4,-1,-1,-1,-1,-1,-1,-1,-1,6,4,-1,4,-1,-1,-1,-1,-1,5,6,311,"investment, financial markets",Banking and Finance
